-- phpMyAdmin SQL Dump
-- version 5.2.1
-- https://www.phpmyadmin.net/
--
-- Host: 127.0.0.1
-- Creato il: Giu 13, 2025 alle 12:14
-- Versione del server: 10.4.32-MariaDB
-- Versione PHP: 8.2.12

SET SQL_MODE = "NO_AUTO_VALUE_ON_ZERO";
START TRANSACTION;
SET time_zone = "+00:00";


/*!40101 SET @OLD_CHARACTER_SET_CLIENT=@@CHARACTER_SET_CLIENT */;
/*!40101 SET @OLD_CHARACTER_SET_RESULTS=@@CHARACTER_SET_RESULTS */;
/*!40101 SET @OLD_COLLATION_CONNECTION=@@COLLATION_CONNECTION */;
/*!40101 SET NAMES utf8mb4 */;

--
-- Database: `org_chart`
--

-- --------------------------------------------------------

--
-- Struttura della tabella `accounts`
--

CREATE TABLE `accounts` (
  `id` int(11) NOT NULL,
  `mail` varchar(300) NOT NULL,
  `password` varchar(500) NOT NULL,
  `role_fk` int(11) NOT NULL DEFAULT 1,
  `is_deleted` tinyint(1) NOT NULL DEFAULT 0
) ENGINE=InnoDB DEFAULT CHARSET=utf8mb4 COLLATE=utf8mb4_general_ci;

--
-- Dump dei dati per la tabella `accounts`
--

INSERT INTO `accounts` (`id`, `mail`, `password`, `role_fk`, `is_deleted`) VALUES
(2, 'mario@example.com', '$2a$10$TF2m86tAKCdMZdoOhLcdXOuQfFFD5uaKGZRrEvd4XP9riZzOCuJYu', 1, 0),
(3, 'admin@example.com', '$2a$10$TF2m86tAKCdMZdoOhLcdXOuQfFFD5uaKGZRrEvd4XP9riZzOCuJYu', 3, 0),
(4, 'companyadmin@example.com', '$2a$10$TF2m86tAKCdMZdoOhLcdXOuQfFFD5uaKGZRrEvd4XP9riZzOCuJYu', 2, 0),
(5, 'tzamora0@dailymail.co.uk', '$2a$10$TF2m86tAKCdMZdoOhLcdXOuQfFFD5uaKGZRrEvd4XP9riZzOCuJYu', 1, 0),
(6, 'jlornsen1@netscape.com', '$2a$10$TF2m86tAKCdMZdoOhLcdXOuQfFFD5uaKGZRrEvd4XP9riZzOCuJYu', 1, 0),
(7, 'pboulger2@google.ru', '$2a$10$TF2m86tAKCdMZdoOhLcdXOuQfFFD5uaKGZRrEvd4XP9riZzOCuJYu', 2, 0),
(8, 'afasler3@rakuten.co.jp', '$2a$10$TF2m86tAKCdMZdoOhLcdXOuQfFFD5uaKGZRrEvd4XP9riZzOCuJYu', 1, 0),
(9, 'mdielhenn4@shareasale.com', '$2a$10$TF2m86tAKCdMZdoOhLcdXOuQfFFD5uaKGZRrEvd4XP9riZzOCuJYu', 1, 1),
(10, 'tpittam5@ox.ac.uk', '$2a$10$TF2m86tAKCdMZdoOhLcdXOuQfFFD5uaKGZRrEvd4XP9riZzOCuJYu', 1, 0),
(11, 'tstruys6@mashable.com', '$2a$10$TF2m86tAKCdMZdoOhLcdXOuQfFFD5uaKGZRrEvd4XP9riZzOCuJYu', 1, 0),
(12, 'jadvani7@fastcompany.com', '$2a$10$TF2m86tAKCdMZdoOhLcdXOuQfFFD5uaKGZRrEvd4XP9riZzOCuJYu', 1, 0),
(13, 'alympenie8@51.la', '$2a$10$TF2m86tAKCdMZdoOhLcdXOuQfFFD5uaKGZRrEvd4XP9riZzOCuJYu', 2, 0),
(14, 'rfilyakov9@linkedin.com', '$2a$10$TF2m86tAKCdMZdoOhLcdXOuQfFFD5uaKGZRrEvd4XP9riZzOCuJYu', 1, 1),
(15, 'lflawna@deliciousdays.com', '$2a$10$TF2m86tAKCdMZdoOhLcdXOuQfFFD5uaKGZRrEvd4XP9riZzOCuJYu', 2, 0),
(16, 'bmingardib@mapquest.com', '$2a$10$TF2m86tAKCdMZdoOhLcdXOuQfFFD5uaKGZRrEvd4XP9riZzOCuJYu', 1, 1),
(17, 'rvedmorec@histats.com', '$2a$10$TF2m86tAKCdMZdoOhLcdXOuQfFFD5uaKGZRrEvd4XP9riZzOCuJYu', 1, 0),
(18, 'sbegginid@webs.com', '$2a$10$TF2m86tAKCdMZdoOhLcdXOuQfFFD5uaKGZRrEvd4XP9riZzOCuJYu', 1, 0),
(19, 'sstaniere@imgur.com', '$2a$10$TF2m86tAKCdMZdoOhLcdXOuQfFFD5uaKGZRrEvd4XP9riZzOCuJYu', 1, 0),
(20, 'dgouldingf@t-online.de', '$2a$10$TF2m86tAKCdMZdoOhLcdXOuQfFFD5uaKGZRrEvd4XP9riZzOCuJYu', 1, 0),
(21, 'ppadleyg@sfgate.com', '$2a$10$TF2m86tAKCdMZdoOhLcdXOuQfFFD5uaKGZRrEvd4XP9riZzOCuJYu', 1, 1),
(22, 'vbartlomieczakh@seesaa.net', '$2a$10$TF2m86tAKCdMZdoOhLcdXOuQfFFD5uaKGZRrEvd4XP9riZzOCuJYu', 3, 0),
(23, 'mkrysztowczyki@shop-pro.jp', '$2a$10$TF2m86tAKCdMZdoOhLcdXOuQfFFD5uaKGZRrEvd4XP9riZzOCuJYu', 1, 0),
(24, 'lalessandrellij@skyrock.com', '$2a$10$TF2m86tAKCdMZdoOhLcdXOuQfFFD5uaKGZRrEvd4XP9riZzOCuJYu', 1, 0),
(25, 'wperrycostk@purevolume.com', '$2a$10$TF2m86tAKCdMZdoOhLcdXOuQfFFD5uaKGZRrEvd4XP9riZzOCuJYu', 1, 0),
(26, 'jfluryl@edublogs.org', '$2a$10$TF2m86tAKCdMZdoOhLcdXOuQfFFD5uaKGZRrEvd4XP9riZzOCuJYu', 1, 0),
(27, 'qarrowm@phpbb.com', '$2a$10$TF2m86tAKCdMZdoOhLcdXOuQfFFD5uaKGZRrEvd4XP9riZzOCuJYu', 1, 0),
(28, 'pgalileen@discovery.com', '$2a$10$TF2m86tAKCdMZdoOhLcdXOuQfFFD5uaKGZRrEvd4XP9riZzOCuJYu', 1, 0),
(29, 'agoodeeo@adobe.com', '$2a$10$TF2m86tAKCdMZdoOhLcdXOuQfFFD5uaKGZRrEvd4XP9riZzOCuJYu', 1, 0),
(30, 'levittp@ebay.co.uk', '$2a$10$TF2m86tAKCdMZdoOhLcdXOuQfFFD5uaKGZRrEvd4XP9riZzOCuJYu', 3, 1),
(31, 'tillyesq@booking.com', '$2a$10$TF2m86tAKCdMZdoOhLcdXOuQfFFD5uaKGZRrEvd4XP9riZzOCuJYu', 1, 0),
(32, 'hmaidenr@mediafire.com', '$2a$10$TF2m86tAKCdMZdoOhLcdXOuQfFFD5uaKGZRrEvd4XP9riZzOCuJYu', 2, 0),
(33, 'rportlocks@archive.org', '$2a$10$TF2m86tAKCdMZdoOhLcdXOuQfFFD5uaKGZRrEvd4XP9riZzOCuJYu', 2, 0),
(34, 'eottot@netvibes.com', '$2a$10$TF2m86tAKCdMZdoOhLcdXOuQfFFD5uaKGZRrEvd4XP9riZzOCuJYu', 2, 0),
(35, 'johagertyu@ted.com', '$2a$10$TF2m86tAKCdMZdoOhLcdXOuQfFFD5uaKGZRrEvd4XP9riZzOCuJYu', 2, 0),
(36, 'ngypsonv@infoseek.co.jp', '$2a$10$TF2m86tAKCdMZdoOhLcdXOuQfFFD5uaKGZRrEvd4XP9riZzOCuJYu', 3, 0),
(37, 'cdubockw@prlog.org', '$2a$10$TF2m86tAKCdMZdoOhLcdXOuQfFFD5uaKGZRrEvd4XP9riZzOCuJYu', 1, 0),
(38, 'gcripwellx@domainmarket.com', '$2a$10$TF2m86tAKCdMZdoOhLcdXOuQfFFD5uaKGZRrEvd4XP9riZzOCuJYu', 1, 0),
(39, 'mholylandy@nydailynews.com', '$2a$10$TF2m86tAKCdMZdoOhLcdXOuQfFFD5uaKGZRrEvd4XP9riZzOCuJYu', 1, 0),
(40, 'vmcgivenz@mtv.com', '$2a$10$TF2m86tAKCdMZdoOhLcdXOuQfFFD5uaKGZRrEvd4XP9riZzOCuJYu', 2, 0),
(41, 'fmarsh10@live.com', '$2a$10$TF2m86tAKCdMZdoOhLcdXOuQfFFD5uaKGZRrEvd4XP9riZzOCuJYu', 1, 1),
(42, 'ghandaside11@storify.com', '$2a$10$TF2m86tAKCdMZdoOhLcdXOuQfFFD5uaKGZRrEvd4XP9riZzOCuJYu', 2, 0),
(43, 'rcrimmins12@phoca.cz', '$2a$10$TF2m86tAKCdMZdoOhLcdXOuQfFFD5uaKGZRrEvd4XP9riZzOCuJYu', 1, 0),
(44, 'dcorona13@paypal.com', '$2a$10$TF2m86tAKCdMZdoOhLcdXOuQfFFD5uaKGZRrEvd4XP9riZzOCuJYu', 2, 0),
(45, 'tmaric14@amazon.com', '$2a$10$TF2m86tAKCdMZdoOhLcdXOuQfFFD5uaKGZRrEvd4XP9riZzOCuJYu', 1, 0),
(46, 'wbroadfield15@godaddy.com', '$2a$10$TF2m86tAKCdMZdoOhLcdXOuQfFFD5uaKGZRrEvd4XP9riZzOCuJYu', 1, 0),
(47, 'wdreghorn16@google.com.hk', '$2a$10$TF2m86tAKCdMZdoOhLcdXOuQfFFD5uaKGZRrEvd4XP9riZzOCuJYu', 1, 1),
(48, 'awallentin17@exblog.jp', '$2a$10$TF2m86tAKCdMZdoOhLcdXOuQfFFD5uaKGZRrEvd4XP9riZzOCuJYu', 1, 0),
(49, 'wleppo18@mysql.com', '$2a$10$TF2m86tAKCdMZdoOhLcdXOuQfFFD5uaKGZRrEvd4XP9riZzOCuJYu', 1, 0),
(50, 'cmolyneaux19@google.com', '$2a$10$TF2m86tAKCdMZdoOhLcdXOuQfFFD5uaKGZRrEvd4XP9riZzOCuJYu', 1, 0),
(51, 'esunnucks1a@japanpost.jp', '$2a$10$TF2m86tAKCdMZdoOhLcdXOuQfFFD5uaKGZRrEvd4XP9riZzOCuJYu', 1, 0),
(52, 'achetham1b@odnoklassniki.ru', '$2a$10$TF2m86tAKCdMZdoOhLcdXOuQfFFD5uaKGZRrEvd4XP9riZzOCuJYu', 1, 0),
(53, 'ctebald1c@prweb.com', '$2a$10$TF2m86tAKCdMZdoOhLcdXOuQfFFD5uaKGZRrEvd4XP9riZzOCuJYu', 1, 0),
(54, 'jhischke1d@lulu.com', '$2a$10$TF2m86tAKCdMZdoOhLcdXOuQfFFD5uaKGZRrEvd4XP9riZzOCuJYu', 1, 0),
(55, 'prova@gmail.com', '$2a$10$ww1I4XEgcjKzv/fCJmZ.oeX2lZzT6AcewveDi/N8kwFQ4osRLHDfO', 1, 0),
(56, 'nuovoregister', '$2a$10$oZebym.WP8TH9tmy.XmjkODmx/ofx9ja.4mMGEmEEvpAFSmyx/S8O', 1, 0),
(57, 'luca.editato@ritorno.it', '$2a$10$1vbJi9uEUvqCmFM6bvHcCuIhl63pqeoCY3V14w1/b.9TN4uvcMA5i', 1, 0),
(58, 'ciao@ciao.ciao', '$2a$10$M7pz1BGzT1N1gd8U8k72RukjswW0UYYQaBtoNxQPVtDK2C85rpozi', 1, 0),
(59, 'ciaociaociao@ciao.ciao', '$2a$10$cyUnxv0ucoKn8aT5TUt73eWB17YSrN2stoQ9fAiPzqvKb5zQ4Jw3G', 1, 0),
(60, 'ciaociaociao@ciao.ciaociao', '$2a$10$Ivbc0M9Cpmq.1dO.LxfaEOamxIgoUV/sW2Wq60nOGOrDlC096/JPG', 1, 0),
(61, 'ciaociaociao@ciaociao.ciao', '$2a$10$A8kUdytzVjWThsFlL9uDw.76x8fRb5zUNb6HtD1K1E1v8Eq1CAlL.', 1, 0),
(62, 'ciaociaociao@ciaociaociao.ciaociaociao', '$2a$10$r4cZKPEo6e0fLffGQFc/gujYgvTC2ZuOexHeemiWMPI1nQSONlZBu', 1, 0),
(64, 'ciao@gmail.it', '$2a$10$hSrl0xX/1oIbm1UMYWtJzeaHDZqgHnO3mrQ1fGccKuW5V.grtUinO', 3, 0);

-- --------------------------------------------------------

--
-- Struttura della tabella `accounts_companies`
--

CREATE TABLE `accounts_companies` (
  `id` int(11) NOT NULL,
  `account_fk` int(11) NOT NULL,
  `company_fk` int(11) NOT NULL,
  `is_admin` tinyint(1) NOT NULL DEFAULT 0
) ENGINE=InnoDB DEFAULT CHARSET=utf8mb4 COLLATE=utf8mb4_general_ci;

--
-- Dump dei dati per la tabella `accounts_companies`
--

INSERT INTO `accounts_companies` (`id`, `account_fk`, `company_fk`, `is_admin`) VALUES
(1, 4, 20, 1),
(2, 21, 160, 0),
(3, 42, 592, 0),
(4, 9, 222, 0),
(5, 47, 552, 0),
(6, 44, 450, 1),
(7, 16, 792, 0),
(8, 9, 459, 0),
(9, 46, 50, 0),
(10, 20, 99, 0),
(11, 39, 563, 0),
(12, 9, 339, 0),
(13, 20, 322, 0),
(14, 53, 556, 0),
(15, 45, 522, 0),
(16, 35, 565, 0),
(17, 16, 363, 0),
(18, 46, 357, 0),
(19, 34, 342, 1),
(20, 10, 186, 0),
(21, 19, 171, 0),
(22, 53, 254, 0),
(23, 35, 273, 1),
(24, 32, 585, 1),
(25, 25, 23, 0),
(26, 5, 389, 0),
(27, 47, 473, 0),
(28, 16, 385, 0),
(29, 13, 111, 1),
(30, 25, 189, 0),
(31, 28, 793, 0),
(32, 39, 273, 0),
(33, 40, 434, 1),
(34, 4, 504, 0),
(35, 54, 105, 0),
(36, 28, 340, 0),
(37, 15, 312, 1),
(38, 7, 305, 1),
(39, 42, 218, 0),
(40, 48, 401, 0),
(41, 45, 474, 0),
(42, 47, 633, 0),
(43, 33, 280, 1),
(44, 16, 464, 0),
(45, 23, 255, 0),
(46, 23, 606, 0),
(47, 42, 611, 0),
(48, 2, 238, 0),
(49, 35, 704, 0),
(50, 45, 94, 0),
(51, 46, 633, 0),
(52, 17, 471, 0),
(53, 18, 342, 0),
(54, 42, 100, 1);

-- --------------------------------------------------------

--
-- Struttura della tabella `cities`
--

CREATE TABLE `cities` (
  `id` int(11) NOT NULL,
  `name` varchar(255) NOT NULL,
  `country_fk` int(11) NOT NULL
) ENGINE=InnoDB DEFAULT CHARSET=utf8mb4 COLLATE=utf8mb4_general_ci;

--
-- Dump dei dati per la tabella `cities`
--

INSERT INTO `cities` (`id`, `name`, `country_fk`) VALUES
(1, 'Andorra la Vella', 1),
(2, 'Vienna', 2),
(3, 'Graz', 2),
(4, 'Linz', 2),
(5, 'Salzburg', 2),
(6, 'Sarajevo', 3),
(7, 'Banja Luka', 3),
(8, 'Tuzla', 3),
(9, 'Mostar', 3),
(10, 'Brussels', 4),
(11, 'Antwerp', 4),
(12, 'Ghent', 4),
(13, 'Charleroi', 4),
(14, 'Sofia', 5),
(15, 'Plovdiv', 5),
(16, 'Varna', 5),
(17, 'Burgas', 5),
(18, 'Minsk', 6),
(19, 'Gomel', 6),
(20, 'Mogilev', 6),
(21, 'Vitebsk', 6),
(22, 'Zurich', 7),
(23, 'Geneva', 7),
(24, 'Basel', 7),
(25, 'Bern', 7),
(26, 'Prague', 8),
(27, 'Brno', 8),
(28, 'Ostrava', 8),
(29, 'Plzeň', 8),
(30, 'Berlin', 9),
(31, 'Hamburg', 9),
(32, 'Munich', 9),
(33, 'Cologne', 9),
(34, 'Copenhagen', 10),
(35, 'Aarhus', 10),
(36, 'Odense', 10),
(37, 'Aalborg', 10),
(38, 'Tallinn', 11),
(39, 'Tartu', 11),
(40, 'Narva', 11),
(41, 'Pärnu', 11),
(42, 'Madrid', 12),
(43, 'Barcelona', 12),
(44, 'Valencia', 12),
(45, 'Seville', 12),
(46, 'Helsinki', 13),
(47, 'Espoo', 13),
(48, 'Tampere', 13),
(49, 'Vantaa', 13),
(50, 'Paris', 14),
(51, 'Marseille', 14),
(52, 'Lyon', 14),
(53, 'Toulouse', 14),
(54, 'London', 15),
(55, 'Birmingham', 15),
(56, 'Manchester', 15),
(57, 'Glasgow', 15),
(58, 'Athens', 16),
(59, 'Thessaloniki', 16),
(60, 'Patras', 16),
(61, 'Heraklion', 16),
(62, 'Zagreb', 17),
(63, 'Split', 17),
(64, 'Rijeka', 17),
(65, 'Osijek', 17),
(66, 'Budapest', 18),
(67, 'Debrecen', 18),
(68, 'Szeged', 18),
(69, 'Miskolc', 18),
(70, 'Dublin', 19),
(71, 'Cork', 19),
(72, 'Limerick', 19),
(73, 'Galway', 19),
(74, 'Reykjavik', 20),
(75, 'Kópavogur', 20),
(76, 'Hafnarfjörður', 20),
(77, 'Akureyri', 20),
(78, 'Rome', 21),
(79, 'Milan', 21),
(80, 'Naples', 21),
(81, 'Turin', 21),
(82, 'Vaduz', 22),
(83, 'Schaan', 22),
(84, 'Vilnius', 23),
(85, 'Kaunas', 23),
(86, 'Klaipėda', 23),
(87, 'Šiauliai', 23),
(88, 'Luxembourg City', 24),
(89, 'Esch-sur-Alzette', 24),
(90, 'Riga', 25),
(91, 'Daugavpils', 25),
(92, 'Liepāja', 25),
(93, 'Jelgava', 25),
(94, 'Monaco', 26),
(95, 'Monte Carlo', 26),
(96, 'Chișinău', 27),
(97, 'Tiraspol', 27),
(98, 'Bălți', 27),
(99, 'Podgorica', 28),
(100, 'Nikšić', 28),
(101, 'Herceg Novi', 28),
(102, 'Skopje', 29),
(103, 'Bitola', 29),
(104, 'Kumanovo', 29),
(105, 'Valletta', 30),
(106, 'Birkirkara', 30),
(107, 'Mosta', 30),
(108, 'Amsterdam', 31),
(109, 'Rotterdam', 31),
(110, 'The Hague', 31),
(111, 'Utrecht', 31),
(112, 'Oslo', 32),
(113, 'Bergen', 32),
(114, 'Trondheim', 32),
(115, 'Stavanger', 32),
(116, 'Warsaw', 33),
(117, 'Kraków', 33),
(118, 'Łódź', 33),
(119, 'Wrocław', 33),
(120, 'Lisbon', 34),
(121, 'Porto', 34),
(122, 'Vila Nova de Gaia', 34),
(123, 'Amadora', 34),
(124, 'Bucharest', 35),
(125, 'Cluj-Napoca', 35),
(126, 'Timișoara', 35),
(127, 'Iași', 35),
(128, 'Belgrade', 36),
(129, 'Novi Sad', 36),
(130, 'Niš', 36),
(131, 'Kragujevac', 36),
(132, 'Moscow', 37),
(133, 'Saint Petersburg', 37),
(134, 'Novosibirsk', 37),
(135, 'Yekaterinburg', 37),
(136, 'Stockholm', 38),
(137, 'Gothenburg', 38),
(138, 'Malmö', 38),
(139, 'Uppsala', 38),
(140, 'Ljubljana', 39),
(141, 'Maribor', 39),
(142, 'Celje', 39),
(143, 'Kranj', 39),
(144, 'Bratislava', 40),
(145, 'Košice', 40),
(146, 'Prešov', 40),
(147, 'Žilina', 40),
(148, 'San Marino', 41),
(149, 'Serravalle', 41),
(150, 'Kyiv', 42),
(151, 'Kharkiv', 42),
(152, 'Odesa', 42),
(153, 'Dnipro', 42);

-- --------------------------------------------------------

--
-- Struttura della tabella `companies`
--

CREATE TABLE `companies` (
  `id` int(11) NOT NULL,
  `name` varchar(255) NOT NULL,
  `fiscal_code` varchar(100) NOT NULL,
  `city_fk` int(11) NOT NULL,
  `logo_url` varchar(255) DEFAULT NULL,
  `num_of_employees` int(11) NOT NULL DEFAULT 0,
  `is_deleted` tinyint(1) NOT NULL DEFAULT 0
) ENGINE=InnoDB DEFAULT CHARSET=utf8mb4 COLLATE=utf8mb4_general_ci;

--
-- Dump dei dati per la tabella `companies`
--

INSERT INTO `companies` (`id`, `name`, `fiscal_code`, `city_fk`, `logo_url`, `num_of_employees`, `is_deleted`) VALUES
(1, 'Nome Azienda Prova', 'ABCDEFGHILMNO', 79, NULL, 14, 0),
(2, 'Schneider-Schiller', '7IX6W2T1PS', 68, NULL, 9, 0),
(3, 'Hodkiewicz-Ortiz', '604TTJKVGQ', 15, NULL, 0, 1),
(4, 'MattiaInc', 'prova tanta', 81, NULL, 0, 1),
(5, 'Gislason, Howell and Carter', '44L4C1FKR9', 28, NULL, 0, 1),
(6, 'Rowe-Turner', 'N0F1JO55CZ', 53, NULL, 10, 0),
(7, 'Ruecker LLC', 'BCHII9IRS6', 117, NULL, 4, 0),
(8, 'Hamill-Satterfield', 'TUJP8J3ST2', 78, NULL, 16, 0),
(9, 'Effertz-Willms', 'MRE3VMDGIE', 139, NULL, 5, 0),
(10, 'Larson and Sons', 'TNODXTU14C', 145, NULL, 5, 0),
(11, 'Murray, Stamm and Kunde', '1OI7U1832C', 52, NULL, 8, 0),
(12, 'Wisozk LLC', 'SXSFCWK71M', 54, NULL, 5, 0),
(13, 'White-Wisoky', 'ZIZ43BPMSM', 115, NULL, 10, 0),
(14, 'Waters-Schinner', 'OH70R888YF', 68, NULL, 11, 0),
(15, 'Glover LLC', 'PF7FVFNOED', 84, NULL, 5, 0),
(16, 'Schinner, Green and Quigley', 'YW4SG522FV', 118, NULL, 7, 0),
(17, 'Lynch, Graham and Abshire', 'BGJ4RQVF5I', 101, NULL, 7, 0),
(18, 'Williamson, Block and Stokes', 'BL5UNEHHFA', 71, NULL, 7, 0),
(19, 'Rolfson, Lebsack and Leffler', '4M8CPHMROU', 7, NULL, 5, 0),
(20, 'Cremin-Pouros', 'FCOYQ5CP4B', 56, NULL, 2, 0),
(21, 'Metz LLC', 'NKGF75FXJ6', 20, NULL, 5, 0),
(22, 'Kuhlman Group', 'MQYLKY29I9', 9, NULL, 6, 0),
(23, 'Ruecker, Streich and Legros', 'CPZ0BDPFUG', 68, NULL, 7, 0),
(24, 'Predovic Inc', 'A2YH24TI4J', 51, NULL, 8, 0),
(25, 'Beer Inc', '4LQWS2XRCA', 100, NULL, 5, 0),
(26, 'Osinski-Kozey', 'GPZRUO0P4J', 64, NULL, 6, 0),
(27, 'Walsh and Sons', '0CCDRLM4ZO', 45, NULL, 5, 0),
(28, 'Kautzer Inc', '8NHDIHWMCR', 137, NULL, 7, 0),
(29, 'Berge LLC', 'J5VNDEHHOI', 129, NULL, 4, 0),
(30, 'Blick, Rolfson and Tillman', '0Z701AH1KU', 39, NULL, 3, 0),
(31, 'Klein LLC', 'FL0XAPDNUS', 30, NULL, 7, 0),
(32, 'Monahan, Walter and Pagac', 'AQIL62UQ3Q', 61, NULL, 4, 0),
(33, 'Schoen-Howe', 'N8PR53YS7H', 104, NULL, 11, 0),
(34, 'Beer Group', 'JNN3RD0OPF', 26, NULL, 3, 0),
(35, 'Jacobs-Johnston', 'ZD1KHMG3NA', 33, NULL, 12, 0),
(36, 'Sanford Inc', 'J7YJ6GN404', 126, NULL, 7, 0),
(37, 'Okuneva, Grant and Goldner', '7737PYDBFI', 109, NULL, 5, 0),
(38, 'Kunze-Maggio', 'VJQKO238UH', 57, NULL, 9, 0),
(39, 'Weissnat, Kassulke and West', 'PLSYO5V040', 73, NULL, 10, 0),
(40, 'Goodwin-Harris', '1SLQ0CEFDH', 88, NULL, 5, 0),
(41, 'Davis, Hudson and Pollich', 'P3HBXFTH7Z', 69, NULL, 6, 0),
(42, 'Walker, Jast and Kshlerin', 'MACKIBNDZU', 26, NULL, 5, 0),
(43, 'Medhurst, Batz and Sanford', 'RSG93BU3PJ', 78, NULL, 7, 0),
(44, 'Sipes-Reinger', '2PI23Z4XAZ', 128, NULL, 10, 0),
(45, 'Medhurst-Schowalter', 'JGTIEVKLRX', 109, NULL, 6, 0),
(46, 'Farrell-Wisozk', '50I5W2FZ5F', 81, NULL, 7, 0),
(47, 'Hirthe-Schuppe', 'XJDTNRT6A7', 83, NULL, 8, 0),
(48, 'Leuschke LLC', '0W96N2KVEF', 17, NULL, 6, 0),
(49, 'Doyle, Willms and Lind', 'YSUNGM0YQI', 37, NULL, 7, 0),
(50, 'Rempel-Marvin', 'C7N4HBWRZV', 74, NULL, 10, 0),
(51, 'Douglas Inc', '4TA0DNSKRB', 70, NULL, 4, 0),
(52, 'Rippin Group', 'EVYKGGOGLW', 61, NULL, 7, 0),
(53, 'Nikolaus, White and Littel', 'EAI00DNCGP', 10, NULL, 7, 0),
(54, 'Bahringer, Wilkinson and Smith', 'EE2EFYOVUL', 142, NULL, 7, 0),
(55, 'Larson-McDermott', 'T6T4V0Q6GV', 151, NULL, 6, 0),
(56, 'Hahn, Kris and Schaden', '2XO98W5ZUN', 96, NULL, 10, 0),
(57, 'Donnelly and Sons', 'N7Y0Q51RV7', 66, NULL, 7, 0),
(58, 'Fahey, Swaniawski and Cruickshank', '738M8IY8GD', 93, NULL, 4, 0),
(59, 'Mayert and Sons', 'SHPI62LBEP', 91, NULL, 2, 0),
(60, 'Mayer-Schmidt', 'BSM97RPNIO', 27, NULL, 6, 0),
(61, 'Frami, Lebsack and Raynor', 'H1MNF2GH2X', 18, NULL, 3, 0),
(62, 'Halvorson Group', 'DT42ZMPWQL', 63, NULL, 11, 0),
(63, 'Glover Inc', '1MNE295CJ1', 19, NULL, 2, 0),
(64, 'Berge, Mann and Waelchi', '6Q9WFVPTXR', 85, NULL, 4, 0),
(65, 'Jacobs, Borer and Adams', 'JTKSWBA4CM', 122, NULL, 4, 0),
(66, 'Metz, Thiel and Wiza', 'X3T3C1CWWF', 143, NULL, 8, 0),
(67, 'Hilpert, Gottlieb and Schmitt', 'E9XQOIX0LN', 70, NULL, 6, 0),
(68, 'Morissette-Veum', 'EBI0CHUFWM', 66, NULL, 5, 0),
(69, 'Funk-Batz', 'KHIWKCQC6Y', 89, NULL, 5, 0),
(70, 'Hand-Collier', 'TWHRICGJ1R', 135, NULL, 5, 0),
(71, 'Kohler Inc', 'V3RVYKOS6F', 41, NULL, 7, 0),
(72, 'Adams, Wunsch and Hoppe', 'JCDWKQAX1N', 29, NULL, 0, 1),
(73, 'Carroll, Dare and Kub', '6WH1Q5IIFW', 62, NULL, 2, 0),
(74, 'Bruen-Weimann', 'R8CF21OC15', 88, NULL, 5, 0),
(75, 'Lehner Inc', 'OAW1QW8EWV', 24, NULL, 7, 0),
(76, 'Crooks, Koelpin and Terry', 'ALJM53WJ6Q', 11, NULL, 7, 0),
(77, 'Walsh Group', 'BIPQP3EK5V', 13, NULL, 5, 0),
(78, 'Murazik and Sons', '8ENYRX6GVW', 41, NULL, 3, 0),
(79, 'Anderson, Mills and Barton', '0EGVAF5Z3B', 126, NULL, 0, 1),
(80, 'Shields-Cummings', 'D1IGMLPTRM', 76, NULL, 2, 0),
(81, 'Herman-Witting', 'BRZIPEGKX6', 148, NULL, 5, 0),
(82, 'Conroy-Lakin', 'C0QBOQEIVZ', 113, NULL, 5, 0),
(83, 'Reichert Group', 'VJ058ACHRK', 32, NULL, 6, 0),
(84, 'Prosacco and Sons', '9BIV39CVTW', 26, NULL, 9, 0),
(85, 'Kuhic, Kuhlman and Klocko', '237941BJ9Z', 78, NULL, 4, 0),
(86, 'Emard, Nitzsche and Johnson', 'IQ9TJZJH9C', 148, NULL, 5, 0),
(87, 'Klein, Corwin and Dietrich', 'UUX4US231B', 76, NULL, 4, 0),
(88, 'Gislason-Lesch', 'SGZXZ70H5R', 3, NULL, 7, 0),
(89, 'Marks, Baumbach and Kessler', '29IFI0KKG5', 133, NULL, 7, 0),
(90, 'Jones, Okuneva and Nienow', 'R3HVLZ9VCK', 40, NULL, 2, 0),
(91, 'Greenholt LLC', 'U8N157I0XP', 132, NULL, 4, 0),
(92, 'Jacobi-Medhurst', 'ZCOA87TJ1K', 6, NULL, 3, 0),
(93, 'Hirthe-McGlynn', '32JLSQ8VRB', 148, NULL, 9, 0),
(94, 'Lang-Lindgren', 'EVJY1O8XE2', 106, NULL, 8, 0),
(95, 'Shanahan, Boyer and Russel', '2X7IPSXENT', 67, NULL, 7, 0),
(96, 'Blanda LLC', '2LI3JSKMV2', 110, NULL, 6, 0),
(97, 'Ryan Inc', 'VNYUZ3NUQB', 139, NULL, 9, 0),
(98, 'Nicolas, Frami and DuBuque', 'VFAZRXW4L5', 84, NULL, 6, 0),
(99, 'Bode, Langosh and Mraz', 'LWQ0JTDGEQ', 14, NULL, 2, 0),
(100, 'Effertz LLC', '0DEM2EL0WB', 102, NULL, 12, 0),
(101, 'Raynor Group', '088GIKVXHD', 5, NULL, 5, 0),
(102, 'Pfeffer-Sporer', '6CDK3FML6S', 76, NULL, 5, 0),
(103, 'Bernier, Mann and Marquardt', 'O2QKIM73PX', 46, NULL, 5, 0),
(104, 'Thiel Inc', 'HEHU0NZ8OH', 127, NULL, 6, 0),
(105, 'Lind-Jones', 'EVOJ2GBRYL', 91, NULL, 6, 0),
(106, 'Roob and Sons', 'YBSHSA4W1J', 39, NULL, 11, 0),
(107, 'Okuneva and Sons', 'XRY2MSPPC0', 59, NULL, 4, 0),
(108, 'Parker-Tremblay', 'HBVDK3LRB1', 47, NULL, 6, 0),
(109, 'Oberbrunner-Waters', 'OC6VZKGYM3', 74, NULL, 5, 0),
(110, 'O\'Keefe Group', '3XKPUI9FX4', 40, NULL, 2, 0),
(111, 'Rowe-Stroman', 'PNYQXV0MV2', 147, NULL, 9, 0),
(112, 'Ward LLC', 'FV89FDP1E1', 49, NULL, 8, 0),
(113, 'Bogan-Cummings', 'CWKICCBDR1', 115, NULL, 3, 0),
(114, 'Hermiston LLC', 'T5HJXTITMK', 122, NULL, 4, 0),
(115, 'Schamberger, Howell and Schoen', 'IN9K3E4UDV', 44, NULL, 9, 0),
(116, 'Armstrong Inc', 'AM4ZPKKU4F', 66, NULL, 0, 1),
(117, 'Boehm-Kohler', 'YRMONY25OQ', 88, NULL, 7, 0),
(118, 'Dietrich LLC', 'WMM97WX7DD', 106, NULL, 9, 0),
(119, 'Hane LLC', 'XOZ4YNTR1M', 95, NULL, 6, 0),
(120, 'Swift, Fritsch and Jast', 'V79D7ICEQL', 79, NULL, 6, 0),
(121, 'Krajcik-Luettgen', '5ZYS5QFXUS', 80, NULL, 8, 0),
(122, 'Schoen Group', 'FVYSAK37RE', 123, NULL, 7, 0),
(123, 'Pfeffer, Swift and Hagenes', 'HUMT4JXY0U', 34, NULL, 3, 0),
(124, 'Howell, Russel and Connelly', 'BVX4RGHDQ1', 151, NULL, 11, 0),
(125, 'Berge-Turcotte', 'OV2TWVXBXU', 95, NULL, 5, 0),
(126, 'Kertzmann-Bernier', '31P4SGT8L0', 12, NULL, 8, 0),
(127, 'Champlin, Cummerata and Lowe', '11FLDMTEKB', 75, NULL, 6, 0),
(128, 'Windler, Jast and Koch', 'FQ26HD59EF', 2, NULL, 4, 0),
(129, 'Weimann, Davis and Schmidt', '2KVADXE5ST', 43, NULL, 6, 0),
(130, 'Dickinson Group', '3QU9QBW7AE', 37, NULL, 9, 0),
(131, 'Schmitt, Strosin and Willms', 'R6YEGU9PUW', 115, NULL, 7, 0),
(132, 'Ferry-Daugherty', 'SX6982WOE6', 152, NULL, 6, 0),
(133, 'Mohr-Conn', '6HTPA9SEOY', 2, NULL, 5, 0),
(134, 'Dooley-Metz', '76RLKREYJB', 68, NULL, 3, 0),
(135, 'Heidenreich, Simonis and Vandervort', 'LUKKMILZBR', 28, NULL, 5, 0),
(136, 'Funk and Sons', 'TUJVSJYVZS', 103, NULL, 5, 0),
(137, 'Prohaska, Towne and Kassulke', 'L21M86FXUM', 32, NULL, 6, 0),
(138, 'Cronin-Boyer', '9SBJK3BJUF', 68, NULL, 8, 0),
(139, 'Dach Inc', '2U4BW4JXLZ', 149, NULL, 7, 0),
(140, 'Daugherty LLC', 'V571VXCOOS', 144, NULL, 4, 0),
(141, 'Quigley-Schoen', 'EGVZRZ1KNC', 3, NULL, 4, 0),
(142, 'Padberg, Graham and Ankunding', 'QE2WL78EDP', 90, NULL, 4, 0),
(143, 'Kihn LLC', 'TC6EDI2WXY', 37, NULL, 5, 0),
(144, 'Gleichner-Little', 'Y2E8IHMBYF', 144, NULL, 4, 0),
(145, 'Kutch-Walker', 'XEGN8DQ8G9', 106, NULL, 9, 0),
(146, 'Prohaska-Ondricka', 'IG527W4ULD', 99, NULL, 5, 0),
(147, 'Blick LLC', 'VVCDHCEG55', 29, NULL, 4, 0),
(148, 'Johnson, Windler and Harvey', 'LX46ZNSLJD', 120, NULL, 11, 0),
(149, 'Mayert-Klocko', 'DBRDIZLUQE', 31, NULL, 2, 0),
(150, 'Nolan Group', 'UKP9WNUX5G', 8, NULL, 10, 0),
(151, 'Kihn-Schaefer', 'YS00EZW1GL', 122, NULL, 9, 0),
(152, 'Spencer-Cremin', 'AY25BS24E4', 45, NULL, 9, 0),
(153, 'Hirthe, Raynor and Hyatt', 'ML962JHNV5', 125, NULL, 7, 0),
(154, 'Sporer, Haag and Ritchie', 'E3V5DYKK0R', 45, NULL, 5, 0),
(155, 'Gleichner, Stiedemann and Heathcote', 'IIGRTJRJOZ', 117, NULL, 9, 0),
(156, 'Gutkowski Inc', '26JAUYSYZD', 111, NULL, 6, 0),
(157, 'Reilly Group', '8WHC3TIY1W', 138, NULL, 3, 0),
(158, 'Metz, Kulas and Quitzon', '6M2TI20J3C', 6, NULL, 5, 0),
(159, 'Lebsack-Robel', '92VD1QO0MX', 19, NULL, 8, 0),
(160, 'Bauch-Conroy', 'B9S74SUVEA', 143, NULL, 11, 0),
(161, 'Beahan, Schultz and Kihn', 'QL7GN9PJKC', 14, NULL, 8, 0),
(162, 'Wunsch-Frami', 'T02K5DYM5A', 31, NULL, 9, 0),
(163, 'Osinski Group', 'I6NAC8P9RF', 11, NULL, 9, 0),
(164, 'Crooks and Sons', 'V0DTEBS9HX', 36, NULL, 13, 0),
(165, 'Ernser Group', 'KRK813PQ45', 27, NULL, 3, 0),
(166, 'Kassulke, Collier and Upton', 'HJD2C3VDAO', 41, NULL, 4, 0),
(167, 'Spinka LLC', 'CESSDOCU95', 103, NULL, 6, 0),
(168, 'Ankunding-Mertz', 'PYGDKYSPKJ', 115, NULL, 0, 1),
(169, 'Dickens, Ankunding and Jacobson', 'UXFJ9Y56OT', 119, NULL, 9, 0),
(170, 'Wilderman and Sons', 'K6ZKIHX3QG', 43, NULL, 4, 0),
(171, 'Stoltenberg, Blick and Larkin', 'KFYIV1GRJH', 94, NULL, 8, 0),
(172, 'Aufderhar-Spinka', 'FLDGK5I2F5', 9, NULL, 4, 0),
(173, 'Barton LLC', 'K7R141L8L1', 84, NULL, 5, 0),
(174, 'Pfannerstill-Greenfelder', '0FKKOBZGQ8', 8, NULL, 11, 0),
(175, 'Williamson-Bosco', '3UE9EYCSNY', 116, NULL, 4, 0),
(176, 'Roob, Spinka and Grimes', '1W0C24Q06C', 14, NULL, 7, 0),
(177, 'Kautzer and Sons', 'O59AX5Z8SF', 22, NULL, 1, 0),
(178, 'Sporer, Robel and Monahan', '8KLFNVDW5S', 133, NULL, 6, 0),
(179, 'McClure-Kessler', 'MVCF3EOM09', 30, NULL, 6, 0),
(180, 'Welch-Graham', '2F8OG2VVBB', 108, NULL, 7, 0),
(181, 'Huel Group', 'I7290BYHUZ', 128, NULL, 7, 0),
(182, 'Bartoletti-Feeney', 'W1KPNCI2D4', 80, NULL, 3, 0),
(183, 'Johnson-Quigley', 'DMHI0MCTSK', 116, NULL, 5, 0),
(184, 'Beatty, Murray and Shanahan', '7XP09XNDQD', 103, NULL, 5, 0),
(185, 'Bogisich, Kautzer and Weimann', 'UQDNSZA1WF', 22, NULL, 8, 0),
(186, 'Schoen and Sons', 'LXN2AWKZDW', 4, NULL, 11, 0),
(187, 'Russel-Bradtke', 'I7JZ51X5PJ', 23, NULL, 2, 0),
(188, 'Green LLC', 'RJXRL4S14O', 61, NULL, 4, 0),
(189, 'Stamm LLC', 'U04LY275EO', 111, NULL, 10, 0),
(190, 'Parker-Grant', 'R8VO99GWYQ', 149, NULL, 7, 0),
(191, 'Donnelly-Crist', '10UXDFMEQ9', 54, NULL, 2, 0),
(192, 'Jacobson-Hoeger', 'DAYX3UTORU', 4, NULL, 9, 0),
(193, 'Erdman-Lubowitz', 'P57GB36I80', 79, NULL, 5, 0),
(194, 'Stracke, Ernser and Russel', 'LXV4455FZR', 34, NULL, 9, 0),
(195, 'Hammes-Kub', 'L7TE3I0TA6', 50, NULL, 7, 0),
(196, 'Champlin, Nicolas and Gutkowski', 'EKV9P0TX0H', 45, NULL, 10, 0),
(197, 'Rice-Harvey', 'J1Z1B5MNQ6', 59, NULL, 4, 0),
(198, 'Morissette, O\'Hara and Halvorson', 'Y9J3QJ886U', 140, NULL, 3, 0),
(199, 'Keebler and Sons', '0C9FGJ6LAY', 31, NULL, 7, 0),
(200, 'Ullrich-Willms', 'N6WTKI98GD', 131, NULL, 6, 0),
(201, 'Blanda-Nienow', 'N7MEKXMQWI', 121, NULL, 6, 0),
(202, 'Sauer and Sons', 'XXI2WLNX1T', 40, NULL, 4, 0),
(203, 'Kling, Jast and Jast', 'GK8D0VKCIT', 119, NULL, 11, 0),
(204, 'Kulas Inc', '9E50JBA0A5', 4, NULL, 7, 0),
(205, 'Smitham, Ruecker and Johns', 'SCUBI6KIKD', 78, NULL, 3, 0),
(206, 'Moen, Hickle and Price', 'G722UT3NXI', 6, NULL, 6, 0),
(207, 'Nader and Sons', 'GPWDG7AAIM', 92, NULL, 2, 0),
(208, 'Dickens, Bayer and Rice', '41P987UC0T', 126, NULL, 8, 0),
(209, 'Watsica, Zieme and Deckow', 'PPYWA1OFOC', 94, NULL, 4, 0),
(210, 'Corwin-Schamberger', '57IA8W9CTZ', 30, NULL, 1, 0),
(211, 'Ziemann-Dietrich', 'DFB4TKKIC6', 14, NULL, 6, 0),
(212, 'Sawayn Inc', '4UYZ9S16IQ', 103, NULL, 4, 0),
(213, 'Fay-Legros', 'LAMQIZY646', 102, NULL, 8, 0),
(214, 'Funk-Goodwin', 'LZ75QVRIJK', 33, NULL, 7, 0),
(215, 'Goodwin Inc', 'SH05260YA3', 100, NULL, 7, 0),
(216, 'Ratke LLC', 'UH55BJTO2R', 79, NULL, 4, 0),
(217, 'Streich-Wilderman', '3UTR6M11ZL', 52, NULL, 7, 0),
(218, 'Fisher, Oberbrunner and Steuber', 'JBTQMG45TS', 95, NULL, 4, 0),
(219, 'Fay LLC', '81DB85FP30', 49, NULL, 7, 0),
(220, 'Bailey Inc', 'MRWQEHT266', 32, NULL, 0, 1),
(221, 'Mraz, Leuschke and Aufderhar', 'QQF82NMFP8', 56, NULL, 8, 0),
(222, 'Renner Group', '92637Y8ZF4', 115, NULL, 13, 0),
(223, 'Bartoletti, Feeney and McCullough', 'ILZMLWFGLZ', 29, NULL, 6, 0),
(224, 'Bernier-Carroll', 'L6M3Y8ANEG', 108, NULL, 7, 0),
(225, 'Heathcote, Gusikowski and Gottlieb', 'Q2BXIU5PIY', 22, NULL, 4, 0),
(226, 'Monahan, Prosacco and Flatley', 'OC22GJLHMH', 36, NULL, 9, 0),
(227, 'O\'Hara, Brown and Braun', 'MFWBM6BV2U', 73, NULL, 6, 0),
(228, 'Waelchi, Kovacek and Bogisich', 'ICOJUPS1I0', 106, NULL, 10, 0),
(229, 'McLaughlin Inc', '4MTKBW8BU0', 79, NULL, 6, 0),
(230, 'Langosh, Collier and Jerde', 'FPR2GJTILE', 35, NULL, 8, 0),
(231, 'Skiles-Kub', 'XKGONYQA46', 121, NULL, 2, 0),
(232, 'Kemmer-VonRueden', '5IS7O8Z079', 125, NULL, 2, 0),
(233, 'Beatty-Davis', 'I27A2VAVE4', 151, NULL, 10, 0),
(234, 'Dooley-Senger', '5TM8KKFGMV', 9, NULL, 4, 0),
(235, 'West, Armstrong and Kunde', 'THZQ10PWUV', 98, NULL, 4, 0),
(236, 'Breitenberg LLC', 'CQC8OHB6IM', 150, NULL, 8, 0),
(237, 'Stoltenberg and Sons', 'EAL7GHVK12', 87, NULL, 5, 0),
(238, 'Rath, Streich and White', '22WWNPB23N', 21, NULL, 8, 0),
(239, 'Borer and Sons', 'LBDNZ7COKV', 28, NULL, 5, 0),
(240, 'Johns, Will and Haag', 'CDDAJ9XW4E', 90, NULL, 3, 0),
(241, 'Gottlieb-Block', '7EUFBZNVXI', 105, NULL, 5, 0),
(242, 'Nolan, Jacobs and Daniel', 'PQQIGQTT2T', 50, NULL, 5, 0),
(243, 'Ondricka, Sipes and Beatty', 'LL8674MZXR', 117, NULL, 8, 0),
(244, 'Weber Inc', 'Q6QPCQJV7W', 115, NULL, 6, 0),
(245, 'Lockman, Terry and Howe', '3WWO1IYQS6', 4, NULL, 4, 0),
(246, 'Dicki-McKenzie', 'DYOS2X44II', 54, NULL, 9, 0),
(247, 'Hahn, Sporer and Dach', 'KLIWOFGW8Y', 45, NULL, 5, 0),
(248, 'Harber-Borer', 'WLZ8JQCUY8', 7, NULL, 3, 0),
(249, 'Schumm LLC', '10IGCKB5KU', 53, NULL, 11, 0),
(250, 'Lemke-Mitchell', 'ENXNRY950Z', 127, NULL, 6, 0),
(251, 'White, Stiedemann and Batz', 'RSU36EF1IJ', 146, NULL, 6, 0),
(252, 'Effertz LLC', '2MLJBLSO7J', 144, NULL, 7, 0),
(253, 'Lehner Group', '0DKWL02R7T', 76, NULL, 5, 0),
(254, 'King, Koepp and Effertz', '3UFUV5U7UL', 9, NULL, 9, 0),
(255, 'Towne-Hills', '5N0DD5K31S', 44, NULL, 6, 0),
(256, 'Wilderman, Metz and Huel', 'EAE4G8XIWC', 54, NULL, 5, 0),
(257, 'Corkery-Schumm', 'CPARLAJ2O0', 94, NULL, 10, 0),
(258, 'Legros Group', '3894WQDG1H', 64, NULL, 6, 0),
(259, 'Pfeffer and Sons', 'IV6Y4XBR0T', 141, NULL, 5, 0),
(260, 'Abshire, Okuneva and Rolfson', 'NVBP36Y89R', 74, NULL, 0, 1),
(261, 'Runte-Jacobs', '36O9B1VYGT', 115, NULL, 7, 0),
(262, 'Sipes, Bechtelar and Parker', '6BAJN45IAG', 25, NULL, 7, 0),
(263, 'Kiehn Inc', 'P9WMKUOHGT', 56, NULL, 7, 0),
(264, 'Rolfson, Haley and Robel', 'ZNVFH7WU1F', 127, NULL, 7, 0),
(265, 'Purdy, Bartoletti and Von', 'B1TTWP0BJL', 56, NULL, 3, 0),
(266, 'Yost Group', '0STTQOYUSY', 6, NULL, 8, 0),
(267, 'Hane Group', '49596HJ1B1', 101, NULL, 5, 0),
(268, 'Lemke, McClure and Bauch', '91W1DO44BO', 52, NULL, 7, 0),
(269, 'Kautzer, Lehner and Kris', 'LZ6TBCJZ6S', 100, NULL, 8, 0),
(270, 'Ortiz-Barton', 'IH3K8ANLK4', 5, NULL, 5, 0),
(271, 'Witting-Barton', 'OE1QSVE5XI', 31, NULL, 9, 0),
(272, 'Dach, Corwin and Heidenreich', 'GLFD2YO8J3', 88, NULL, 7, 0),
(273, 'Armstrong Group', 'KM3Z2FW2X7', 65, NULL, 0, 1),
(274, 'Morissette-Hudson', 'P586WUZ66V', 18, NULL, 4, 0),
(275, 'Johns Group', '0NT975K0O9', 111, NULL, 5, 0),
(276, 'Mayert-Gorczany', '5UOWNVOMCT', 33, NULL, 6, 0),
(277, 'Walker, Yundt and Green', 'YP2SIXAOIT', 100, NULL, 6, 0),
(278, 'Hoppe, Reichert and West', '4P2UJM6GMZ', 12, NULL, 12, 0),
(279, 'Bruen-Kerluke', 'J5I92XC98J', 129, NULL, 7, 0),
(280, 'Dooley, Wilkinson and Cronin', 'ME948OKR31', 28, NULL, 3, 0),
(281, 'Doyle, Bruen and Feil', 'XFT6Z2A349', 81, NULL, 6, 0),
(282, 'Lubowitz Group', 'FQTEDT4SXQ', 18, NULL, 4, 0),
(283, 'Jacobi, Smith and Bauch', 'JW85JKD9EE', 45, NULL, 6, 0),
(284, 'Sawayn Inc', 'QKERFX0A4D', 112, NULL, 10, 0),
(285, 'Cummings and Sons', '2EDPNLB5RJ', 2, NULL, 2, 0),
(286, 'Mante, Romaguera and McClure', 'HWC64YO6RY', 54, NULL, 7, 0),
(287, 'Heller, Howell and Fritsch', '4ZF1J5ZG68', 120, NULL, 4, 0),
(288, 'Emard Inc', '1SSNF8AL32', 13, NULL, 5, 0),
(289, 'O\'Hara, Schulist and Veum', 'ECG8CPH2I6', 83, NULL, 3, 0),
(290, 'Roob-Wintheiser', 'U30K99PNVP', 145, NULL, 5, 0),
(291, 'Bailey Inc', 'GIAK6KTAHS', 28, NULL, 4, 0),
(292, 'Johnston Group', 'IALF94CPD1', 69, NULL, 9, 0),
(293, 'Kautzer-Wolff', 'HARPCCGKAJ', 88, NULL, 3, 0),
(294, 'Roob-Jones', 'MXQSJOXB49', 83, NULL, 7, 0),
(295, 'Grant-Hirthe', 'Q5ZKFTSJJD', 48, NULL, 12, 0),
(296, 'Schumm, Hahn and Wisoky', 'EIKFAVATDU', 44, NULL, 8, 0),
(297, 'Kihn, Ernser and Abbott', 'UIHW6AED2M', 124, NULL, 8, 0),
(298, 'Lubowitz and Sons', '58H1S6226V', 69, NULL, 8, 0),
(299, 'Brown Group', '013WNTUYMB', 125, NULL, 6, 0),
(300, 'Hagenes, Bruen and Labadie', 'I21RLJ8YSL', 61, NULL, 6, 0),
(301, 'Gusikowski LLC', 'O38OBZR9MN', 78, NULL, 4, 0),
(302, 'O\'Connell, Morissette and Koepp', 'TH4LXHF9JG', 118, NULL, 5, 0),
(303, 'Kuhlman LLC', 'YIMTEVWGJY', 137, NULL, 7, 0),
(304, 'O\'Hara, Aufderhar and VonRueden', 'ZASCDD8RPL', 109, NULL, 6, 0),
(305, 'Oberbrunner-Frami', 'TUHVG3PR36', 94, NULL, 9, 0),
(306, 'Considine-Gibson', 'EBFKWQVTWT', 120, NULL, 7, 0),
(307, 'Thompson Group', 'WTKOC6PSET', 102, NULL, 7, 0),
(308, 'Keeling-Herzog', 'AK2PJ3A4PX', 30, NULL, 7, 0),
(309, 'Barton-Spinka', 'E5M51L8ETK', 84, NULL, 6, 0),
(310, 'Barrows, Casper and Jast', 'A081WMZ330', 39, NULL, 10, 0),
(311, 'Mosciski, Kshlerin and Stiedemann', '7PDBWCGC9T', 45, NULL, 12, 0),
(312, 'Harvey-Schroeder', 'JCKB6KF2VF', 9, NULL, 7, 0),
(313, 'Stark-Leannon', 'CN05MBYFC8', 15, NULL, 7, 0),
(314, 'Mosciski, Kirlin and Lemke', 'H431ZVNDCX', 60, NULL, 4, 0),
(315, 'Lueilwitz LLC', 'ILKH5HBQ5X', 125, NULL, 5, 0),
(316, 'Sipes Group', 'WDCSEKEQY1', 125, NULL, 7, 0),
(317, 'Konopelski LLC', 'VWKBLEGSSK', 21, NULL, 6, 0),
(318, 'O\'Connell Inc', 'V3BZ0VFA4P', 103, NULL, 4, 0),
(319, 'Hilll, Schimmel and Howe', '8UBZVWKJ5F', 104, NULL, 8, 0),
(320, 'Considine, Conroy and Harris', '0XZGWXT2Z4', 33, NULL, 4, 0),
(321, 'Towne, Daugherty and Wisoky', 'O2EBYHK4ZF', 57, NULL, 6, 0),
(322, 'Kirlin and Sons', 'BFRHY4OBDM', 107, NULL, 2, 0),
(323, 'Morissette-Luettgen', 'RMKW3VKAO6', 104, NULL, 14, 0),
(324, 'Ankunding, Jacobi and Berge', 'A0XOC4CLPA', 87, NULL, 0, 1),
(325, 'Pouros, Ryan and Bernier', 'CVKI6PE8IJ', 20, NULL, 6, 0),
(326, 'Predovic, Stoltenberg and Corwin', '76KF5874GF', 64, NULL, 13, 0),
(327, 'Hickle and Sons', 'BU2F1HVADK', 40, NULL, 6, 0),
(328, 'Monahan, Spencer and Schinner', 'ZEJ0LRQWKO', 98, NULL, 11, 0),
(329, 'DuBuque-Quigley', 'YF7BI58VWR', 33, NULL, 11, 0),
(330, 'Rath-Graham', 'LFH9J0ZVDB', 11, NULL, 5, 0),
(331, 'Beier, Grimes and Turcotte', 'NZ0JOJRYVA', 75, NULL, 6, 0),
(332, 'Paucek-Rosenbaum', 'ZMMUFJRE4K', 5, NULL, 5, 0),
(333, 'Harris Inc', '1UNRN9PD1W', 23, NULL, 6, 0),
(334, 'Kub, Upton and Mohr', 'SPMZ34E7ST', 78, NULL, 4, 0),
(335, 'Harber LLC', 'QRSXXGWXIP', 30, NULL, 9, 0),
(336, 'Gottlieb, Stark and Stroman', 'HH7CQNSX7Q', 131, NULL, 6, 0),
(337, 'Bauch-Kovacek', 'DD4GSH0Y1U', 113, NULL, 6, 0),
(338, 'Gerhold Group', 'AHCUG79115', 94, NULL, 8, 0),
(339, 'Lubowitz-Brekke', 'ZVLLJWXU5P', 145, NULL, 4, 0),
(340, 'Connelly and Sons', '2IYZKX5VS8', 26, NULL, 6, 0),
(341, 'Jakubowski-Mayer', 'Z4D5DNFDIU', 86, NULL, 5, 0),
(342, 'Brakus-Streich', 'DZFXON5NEX', 117, NULL, 4, 0),
(343, 'Murphy, Schuppe and Lueilwitz', 'T36D84MNHS', 153, NULL, 4, 0),
(344, 'Walker-Carter', 'L21ZB7AY7V', 20, NULL, 5, 0),
(345, 'Erdman, Kreiger and Kshlerin', 'CV4TCI8AHY', 115, NULL, 5, 0),
(346, 'McLaughlin-Runolfsdottir', 'Q3D63E1O9O', 83, NULL, 3, 0),
(347, 'Stanton, Wisozk and Nicolas', 'PNNJL18W3M', 125, NULL, 9, 0),
(348, 'Wuckert and Sons', 'ZHUN2F03MY', 120, NULL, 7, 0),
(349, 'Bins-Haley', 'YXPMTYZGRQ', 149, NULL, 7, 0),
(350, 'McClure-McKenzie', 'P4LEHJM7F7', 120, NULL, 4, 0),
(351, 'Predovic LLC', 'Y3SKJ793H9', 73, NULL, 8, 0),
(352, 'Bartoletti-Feest', 'ZNOJS8OS7Q', 146, NULL, 5, 0),
(353, 'Cronin-Dibbert', 'VGJ9AXL998', 8, NULL, 3, 0),
(354, 'Cruickshank Inc', 'PNHP2VP8W6', 95, NULL, 4, 0),
(355, 'Leannon, Turcotte and Russel', '1LA6JCRNNC', 27, NULL, 11, 0),
(356, 'Kunze-Smitham', '61UPK13M36', 46, NULL, 9, 0),
(357, 'Morissette, Crona and Gerlach', '0B977ARFJP', 149, NULL, 4, 0),
(358, 'Murray LLC', 'FGKX0OGF4O', 147, NULL, 6, 0),
(359, 'Dickens Group', 'C8UBLPMMVR', 122, NULL, 7, 0),
(360, 'Klocko, Simonis and Hand', 'POHQ9DJ6CY', 125, NULL, 9, 0),
(361, 'Bechtelar, Hintz and Gerhold', 'NFP3C0MTMH', 87, NULL, 7, 0),
(362, 'Lockman LLC', '127SL61ERU', 43, NULL, 4, 0),
(363, 'Grant, Marvin and Kozey', '14MEC380CM', 8, NULL, 3, 0),
(364, 'Gulgowski, Adams and Lubowitz', 'QDSECNL8U5', 100, NULL, 9, 0),
(365, 'Rogahn-Thiel', 'ISMF73NACP', 46, NULL, 4, 0),
(366, 'Grady Inc', 'WHS8VXG7GB', 135, NULL, 6, 0),
(367, 'Graham, Satterfield and Emmerich', 'TEN749MTWA', 39, NULL, 3, 0),
(368, 'Rowe Inc', 'OWLXGOUH1R', 1, NULL, 3, 0),
(369, 'Gerlach, Kiehn and King', 'YD1OW7752R', 153, NULL, 6, 0),
(370, 'Rodriguez, Murazik and Stokes', 'YJNCL2FT0C', 92, NULL, 5, 0),
(371, 'Bashirian-Wolf', '3K9JEE5XL5', 45, NULL, 7, 0),
(372, 'Kertzmann, Donnelly and Kris', 'G30WDCAIGC', 45, NULL, 10, 0),
(373, 'Rohan LLC', '2947Q3YRDM', 47, NULL, 8, 0),
(374, 'Satterfield Inc', 'AANIRKZC1E', 50, NULL, 3, 0),
(375, 'Skiles-Bogan', 'S8UKAX875N', 44, NULL, 7, 0),
(376, 'Sipes, Batz and Osinski', '3GEVBMETI6', 40, NULL, 5, 0),
(377, 'Connelly Inc', 'D2MSPK58TU', 48, NULL, 8, 0),
(378, 'Streich, Little and Orn', 'OTGJ3B9FP4', 34, NULL, 6, 0),
(379, 'Goodwin-Renner', '73VUXJRFPK', 67, NULL, 4, 0),
(380, 'Konopelski, Lebsack and Simonis', 'D1YWGE3672', 12, NULL, 9, 0),
(381, 'Rosenbaum-Wilkinson', 'ZQLQSUT3KR', 116, NULL, 8, 0),
(382, 'Marks and Sons', 'WA7FII09DT', 40, NULL, 5, 0),
(383, 'Bruen Inc', 'B6ZEETXFLZ', 100, NULL, 6, 0),
(384, 'Reichert, Blick and Welch', 'PZ2YLG7DMT', 34, NULL, 3, 0),
(385, 'Leuschke-Moore', 'GLQVJIJBVZ', 103, NULL, 2, 0),
(386, 'O\'Kon, Crona and O\'Keefe', 'Q34KILY25Y', 12, NULL, 5, 0),
(387, 'Bergstrom and Sons', 'AY9O4YAKHS', 43, NULL, 7, 0),
(388, 'Bechtelar and Sons', '11QE52DCC5', 98, NULL, 6, 0),
(389, 'Quitzon, Toy and Gislason', '28SJIBUGY5', 53, NULL, 4, 0),
(390, 'O\'Hara Group', '82YVMD0FWH', 95, NULL, 5, 0),
(391, 'Jones-Herman', 'O1AW7MPUWC', 49, NULL, 6, 0),
(392, 'Heaney, Rutherford and Marvin', 'L0UMVX3B2P', 92, NULL, 4, 0),
(393, 'Quigley Inc', '0K5OGEMYZJ', 61, NULL, 10, 0),
(394, 'Wiegand, Stracke and Bogisich', 'BADIZCXENY', 43, NULL, 4, 0),
(395, 'Mante, Schaefer and Nikolaus', 'QBH6WMO6XW', 87, NULL, 8, 0),
(396, 'Boyer LLC', 'ZD6SKTYUV3', 145, NULL, 3, 0),
(397, 'Predovic and Sons', 'OEGR5753SM', 54, NULL, 1, 0),
(398, 'Stokes, Hessel and Pagac', '5W7A9WC5RG', 55, NULL, 4, 0),
(399, 'Weber Group', '5RZ4DNHI6W', 103, NULL, 5, 0),
(400, 'Lubowitz, Bartoletti and Ortiz', 'VHNY4PQPG7', 101, NULL, 3, 0),
(401, 'Purdy-Koelpin', 'TIMJU0NPOX', 28, NULL, 2, 0),
(402, 'Fisher-Kihn', 'RNPUGV4QE5', 125, NULL, 4, 0),
(403, 'Kozey, Monahan and Labadie', 'J6AAKITM76', 43, NULL, 10, 0),
(404, 'Sporer and Sons', 'SHMVG1TAFJ', 11, NULL, 8, 0),
(405, 'Becker, O\'Keefe and Kreiger', '0E6N75DRXL', 42, NULL, 7, 0),
(406, 'Weissnat LLC', '21SR0Z6A61', 48, NULL, 7, 0),
(407, 'Sanford, Friesen and Bailey', 'G8UNP8CV15', 36, NULL, 4, 0),
(408, 'Lockman-Abbott', 'CHTG32E0ZP', 65, NULL, 5, 0),
(409, 'Keeling-Heathcote', '0GNAQN6JBM', 149, NULL, 8, 0),
(410, 'Hessel-Hauck', '2ZHZ95X3CZ', 6, NULL, 3, 0),
(411, 'Mertz, Harber and Gislason', '0XX1BOM7F7', 139, NULL, 6, 0),
(412, 'Streich, Davis and Gusikowski', 'UMYI1Z4PPY', 30, NULL, 3, 0),
(413, 'Mills-Conroy', '4DP4TDHO76', 69, NULL, 6, 0),
(414, 'Turcotte, Hammes and Abshire', 'TZ4XT1HF1V', 112, NULL, 5, 0),
(415, 'Howell Group', 'CN1527JR5U', 5, NULL, 6, 0),
(416, 'Davis, Fahey and Marquardt', 'YFDYNKPCLN', 148, NULL, 6, 0),
(417, 'Kihn and Sons', 'OBCRDNW9RS', 111, NULL, 3, 0),
(418, 'Marvin Inc', 'GZXK1BD7M6', 89, NULL, 7, 0),
(419, 'Dickinson Group', 'U6EUZ49RLL', 76, NULL, 5, 0),
(420, 'Bernhard and Sons', 'PE11OIDRWK', 62, NULL, 2, 0),
(421, 'Johns-Buckridge', 'MJUREMC6IF', 45, NULL, 6, 0),
(422, 'Jacobson-Prohaska', '1B82R1WX6S', 113, NULL, 5, 0),
(423, 'Klocko Group', 'JYMZIXL8GL', 63, NULL, 4, 0),
(424, 'Heidenreich, Schneider and Jakubowski', 'LQCDHTG8S5', 90, NULL, 8, 0),
(425, 'Johnson-Crist', 'I6XNN15KUV', 62, NULL, 8, 0),
(426, 'Hartmann-Koelpin', 'TLW9HQ48R8', 115, NULL, 8, 0),
(427, 'Pollich Group', 'YT2PZ4XS2F', 131, NULL, 4, 0),
(428, 'Kris-Hickle', 'IODYW6ZS3F', 37, NULL, 8, 0),
(429, 'Kovacek Inc', '8ACSQ8CT3C', 31, NULL, 5, 0),
(430, 'Waters LLC', 'NZ3A65JNPM', 26, NULL, 7, 0),
(431, 'Moore and Sons', '7XGO6X7PDJ', 42, NULL, 4, 0),
(432, 'Waters, Bartoletti and Heller', 'F84FF5OCV0', 66, NULL, 5, 0),
(433, 'Hickle Inc', 'BKF93LZXLJ', 145, NULL, 6, 0),
(434, 'Jast, Price and Nolan', 'L9KNZZ5938', 27, NULL, 13, 0),
(435, 'Berge-Hane', 'VGQ1FRALUU', 84, NULL, 6, 0),
(436, 'Koch, Larkin and Nitzsche', '04SRAGA4IL', 146, NULL, 6, 0),
(437, 'Bogan-Beier', 'NWMSGBHJ11', 90, NULL, 7, 0),
(438, 'Bartell Group', 'PGBP6IBPQ1', 23, NULL, 13, 0),
(439, 'Lockman and Sons', '8C19PG8VHK', 103, NULL, 7, 0),
(440, 'Mraz-Connelly', 'CFZWY29B62', 150, NULL, 8, 0),
(441, 'Schimmel Group', 'DZNSY763G9', 65, NULL, 6, 0),
(442, 'Raynor LLC', 'W0JWC41BLR', 17, NULL, 7, 0),
(443, 'Mueller, Ryan and Mosciski', 'Y51ETHH4ZM', 89, NULL, 6, 0),
(444, 'Reichel Group', 'W9Q90HMXQ8', 19, NULL, 5, 0),
(445, 'Haag Inc', 'YWHJBSL192', 1, NULL, 7, 0),
(446, 'Lesch, Ernser and Gottlieb', 'R8EP6IFI5U', 27, NULL, 8, 0),
(447, 'Thiel, Wiza and Lang', '7KDU6VWE57', 40, NULL, 8, 0),
(448, 'Thompson, Mohr and Streich', 'LEKWEAB4TL', 48, NULL, 15, 0),
(449, 'Larkin-Larson', 'UJ38WUPS67', 88, NULL, 7, 0),
(450, 'Reynolds Inc', 'WZ1K95R3R2', 83, NULL, 8, 0),
(451, 'Weber LLC', '3OXSRPGGIN', 1, NULL, 8, 0),
(452, 'Hermann, Kiehn and Predovic', '891M6JTSEW', 81, NULL, 12, 0),
(453, 'Ruecker and Sons', 'OIENC4MFTO', 94, NULL, 9, 0),
(454, 'Sipes and Sons', 'P7V096C0ES', 56, NULL, 5, 0),
(455, 'Leuschke Inc', 'ZN88Z6D3XO', 112, NULL, 3, 0),
(456, 'D\'Amore LLC', '9R7LPOZOT0', 104, NULL, 5, 0),
(457, 'Powlowski Group', 'G6ZHYQ1IAV', 132, NULL, 8, 0),
(458, 'Lindgren and Sons', '6QYCNP0496', 110, NULL, 4, 0),
(459, 'Cummerata-Reinger', 'UB3Q7364NF', 149, NULL, 6, 0),
(460, 'Hammes Inc', '3GO6H1SNC1', 146, NULL, 4, 0),
(461, 'Hamill-Harvey', 'FK5RCRFRKU', 55, NULL, 3, 0),
(462, 'Beatty, Schroeder and Gutmann', 'VSPOZ3BD5Z', 52, NULL, 6, 0),
(463, 'Mertz, Runolfsdottir and Padberg', '3S62D8FNAZ', 151, NULL, 5, 0),
(464, 'Kunde, Rempel and Lebsack', 'QSKTYYX3HH', 11, NULL, 5, 0),
(465, 'Gleason-Toy', 'DZ2IQZ6VZ6', 105, NULL, 4, 0),
(466, 'Medhurst-White', 'IJ1I3FXCCO', 144, NULL, 5, 0),
(467, 'Lowe Group', '912CLVJF3S', 137, NULL, 6, 0),
(468, 'Howe, Konopelski and Torp', 'KD4KFIBLBI', 85, NULL, 8, 0),
(469, 'Moore, Weissnat and Satterfield', 'BYZOR1D3Q1', 111, NULL, 9, 0),
(470, 'Blick, Torphy and Hermiston', 'BFO9PGUS1G', 153, NULL, 6, 0),
(471, 'Gerlach-Marquardt', 'CSR5NINYGO', 96, NULL, 3, 0),
(472, 'Okuneva Inc', 'VPESGUHIEF', 153, NULL, 10, 0),
(473, 'Nienow, Olson and O\'Keefe', 'L0E1UL2Z9B', 116, NULL, 8, 0),
(474, 'Quigley-Treutel', 'VWVY2LG1YV', 16, NULL, 8, 0),
(475, 'Gerlach Inc', 'ZZH24MVM0D', 108, NULL, 7, 0),
(476, 'Conn-Jaskolski', 'FQIOHVQHB2', 148, NULL, 8, 0),
(477, 'Bechtelar, Rowe and Gusikowski', 'JOQUG8EDQQ', 29, NULL, 7, 0),
(478, 'Reynolds-Frami', 'IUZE0K1EG8', 5, NULL, 10, 0),
(479, 'Corwin Inc', 'DDWZCK71DL', 92, NULL, 5, 0),
(480, 'Gorczany, Botsford and Dickinson', 'LUAC2N1R4P', 37, NULL, 7, 0),
(481, 'Grady LLC', 'AYIORG9309', 26, NULL, 3, 0),
(482, 'Runte-Gleichner', 'U218XVEJEY', 47, NULL, 3, 0),
(483, 'Smitham-Simonis', '5DU4780RE8', 135, NULL, 6, 0),
(484, 'White Group', 'ICF4V9TFNO', 10, NULL, 5, 0),
(485, 'O\'Kon Group', 'WKAD16W8EZ', 65, NULL, 8, 0),
(486, 'Cruickshank and Sons', 'Q6JYJB5UNE', 75, NULL, 5, 0),
(487, 'Crooks Group', 'EUUVAEFC9G', 81, NULL, 11, 0),
(488, 'Hammes-Ryan', 'HFOQG98LZ0', 67, NULL, 7, 0),
(489, 'Hintz-Franecki', 'SB9TNN2S8C', 19, NULL, 7, 0),
(490, 'Fay and Sons', 'TF7ZD4BOFM', 150, NULL, 7, 0),
(491, 'Kirlin-Sauer', 'NAMC5CK6G3', 101, NULL, 7, 0),
(492, 'O\'Conner, Wyman and Bruen', 'OQ23K18W85', 71, NULL, 4, 0),
(493, 'Collins, Jones and Stark', 'ZDZLZ6TCI9', 69, NULL, 5, 0),
(494, 'Donnelly Inc', '3PWWH7FKWQ', 118, NULL, 12, 0),
(495, 'Wintheiser and Sons', 'GZ3JVTTVOU', 53, NULL, 6, 0),
(496, 'Johns-Lakin', '2W21G46VY8', 81, NULL, 8, 0),
(497, 'Hessel and Sons', 'A036219MJ6', 49, NULL, 6, 0),
(498, 'Lubowitz-Berge', '7MQ7683ZD3', 67, NULL, 2, 0),
(499, 'Bauch and Sons', 'WFC2LG9NCM', 98, NULL, 5, 0),
(500, 'Herman-Friesen', 'SJVT32VU7I', 152, NULL, 13, 0),
(501, 'Kihn, Ratke and Hudson', 'H1TDXK8QP7', 49, NULL, 7, 0),
(502, 'Kulas, Okuneva and Beahan', 'JC2AKAI6T4', 26, NULL, 3, 0),
(503, 'Orn Group', 'IMO095GL0J', 110, NULL, 8, 0),
(504, 'D\'Amore Inc', 'WWJUATDWP9', 2, NULL, 4, 0),
(505, 'Koch LLC', 'C7JXKTH4WR', 137, NULL, 4, 0),
(506, 'Reynolds LLC', 'N9VQ4TOXM0', 14, NULL, 10, 0),
(507, 'Schneider and Sons', 'DU84ETNP4T', 141, NULL, 6, 0),
(508, 'Fritsch Inc', 'PQ0HLQ7U9X', 88, NULL, 6, 0),
(509, 'Hills and Sons', 'F8RVYMJ2U0', 57, NULL, 4, 0),
(510, 'Cormier LLC', 'PKDQEBPU3Q', 115, NULL, 7, 0),
(511, 'Klocko Group', 'V5XO4BZ966', 28, NULL, 8, 0),
(512, 'Considine, Greenfelder and Mayer', 'CHZ4A5PCFR', 8, NULL, 3, 0),
(513, 'Bogan, Mayer and Armstrong', '8KRM8W0NA2', 18, NULL, 6, 0),
(514, 'Robel Group', 'HAHJ0GB9YF', 19, NULL, 10, 0),
(515, 'Beer, Mueller and Dooley', 'HZRA7PYOCW', 35, NULL, 5, 0),
(516, 'Schoen Inc', 'SCUTPDXR3E', 6, NULL, 6, 0),
(517, 'Schmeler, Kemmer and Legros', '5H61HY50CU', 76, NULL, 7, 0),
(518, 'Shanahan, Schinner and Hackett', 'W4PD3YT444', 34, NULL, 9, 0),
(519, 'Donnelly, Lesch and Tromp', 'Q9OGFS22RI', 62, NULL, 12, 0),
(520, 'Bechtelar, Hane and Roob', 'ISC0KSWPCW', 118, NULL, 6, 0),
(521, 'Goldner-Goodwin', '56MWAVURAK', 45, NULL, 5, 0),
(522, 'Herzog-Fadel', 'BU0QXWCURA', 66, NULL, 11, 0),
(523, 'Goldner-Howe', '02Q76BU32Y', 110, NULL, 4, 0),
(524, 'Hahn, Stokes and Davis', 'OUHQ736B1T', 100, NULL, 8, 0),
(525, 'Terry-Pagac', 'A1G4B15TPT', 117, NULL, 3, 0),
(526, 'Flatley Group', 'HCXAHHOUE4', 96, NULL, 2, 0),
(527, 'Treutel Group', 'K6YHDDXV5C', 116, NULL, 5, 0),
(528, 'Quitzon, Welch and Reynolds', 'G5QC1ZGE46', 5, NULL, 5, 0),
(529, 'Mraz, Dickinson and Thiel', '5UA1INHYIX', 129, NULL, 7, 0),
(530, 'Koelpin-Schoen', 'KMXBD0AAMH', 125, NULL, 4, 0),
(531, 'O\'Kon-Pouros', 'YDEXGFAADP', 150, NULL, 9, 0),
(532, 'Cremin Group', 'BSRKPSHNWY', 109, NULL, 10, 0),
(533, 'Price Group', 'YYCKPXBWWM', 103, NULL, 4, 0),
(534, 'West, Boyer and McKenzie', 'CJEEV9UJ58', 9, NULL, 4, 0),
(535, 'Von and Sons', 'HUJZKJ0QY2', 25, NULL, 3, 0),
(536, 'Haley, McClure and Brakus', 'Z0SD6BVNM3', 21, NULL, 4, 0),
(537, 'Wisoky LLC', 'TA18CPANN2', 125, NULL, 5, 0),
(538, 'Price-Kling', 'PU3I4I3MBJ', 103, NULL, 4, 0),
(539, 'Haley Group', 'TRXVVSQT6A', 77, NULL, 6, 0),
(540, 'Skiles-Funk', 'ED1U2CG9G1', 85, NULL, 7, 0),
(541, 'Satterfield, Hermiston and Heidenreich', 'RCL4G4DL2I', 31, NULL, 7, 0),
(542, 'Kub, Hessel and Larkin', '16B3AHQHFH', 7, NULL, 5, 0),
(543, 'Moore-Ondricka', '23EJBMCH7K', 126, NULL, 8, 0),
(544, 'Carroll, Stanton and Gleason', 'WQF0N3VRNC', 4, NULL, 10, 0),
(545, 'Bins and Sons', 'IAWDGK3MSW', 143, NULL, 3, 0),
(546, 'Willms, Yundt and Block', '2IT79C73D5', 35, NULL, 3, 0),
(547, 'Kihn, Stark and Cruickshank', '61TO17QLIJ', 122, NULL, 8, 0),
(548, 'Hudson and Sons', 'POYUUX0PB2', 135, NULL, 7, 0),
(549, 'Cassin, McDermott and Homenick', 'YCBMQT8EZI', 53, NULL, 4, 0),
(550, 'Schuppe Group', 'ZH54K5AILS', 74, NULL, 5, 0),
(551, 'Wiegand-Keeling', 'C2S8467CH9', 116, NULL, 8, 0),
(552, 'Bode-Dare', 'N3VNNLFPGD', 120, NULL, 7, 0),
(553, 'Labadie, Kuhlman and Marquardt', 'KETA9IUBRF', 138, NULL, 5, 0),
(554, 'Moen Group', 'VJBEPDW112', 17, NULL, 3, 0),
(555, 'Kertzmann Inc', 'BRYWJ98JHG', 140, NULL, 4, 0),
(556, 'Pollich and Sons', 'DKN8F5U7D0', 122, NULL, 8, 0),
(557, 'Nitzsche-Klocko', '6WM642DTC9', 30, NULL, 4, 0),
(558, 'Medhurst and Sons', 'AY4EAW1IZ7', 78, NULL, 4, 0),
(559, 'Lindgren-Welch', 'BK0EM6T0HE', 82, NULL, 11, 0),
(560, 'Hermann-Yost', 'MPP0FLUWD1', 130, NULL, 5, 0),
(561, 'Beahan and Sons', '9PLC71TZU6', 36, NULL, 8, 0),
(562, 'Boyle-Kulas', '9QYRGD36YS', 102, NULL, 6, 0),
(563, 'Stehr Inc', 'USL1QLEXHH', 2, NULL, 5, 0),
(564, 'Gorczany-Mayert', '6V2OZO2N59', 5, NULL, 2, 0),
(565, 'Hane, Marks and Hansen', 'VRF8W8GLZU', 3, NULL, 2, 0),
(566, 'Willms-Gislason', '8GOZYEZW2E', 98, NULL, 5, 0),
(567, 'VonRueden, Sipes and Green', '8NFTGB8REC', 131, NULL, 8, 0),
(568, 'Bayer, Bartoletti and Harber', '7LDWU6WFTW', 89, NULL, 6, 0),
(569, 'Kutch Group', 'CS9WB5VTDF', 83, NULL, 4, 0),
(570, 'Schroeder, Flatley and Roberts', 'STMYPYKOQJ', 125, NULL, 7, 0),
(571, 'Heaney and Sons', 'ER1MXFTUPK', 41, NULL, 6, 0),
(572, 'Johns LLC', 'H55AM0IU92', 116, NULL, 3, 0),
(573, 'Bernier-Turner', 'QKKAWYWJB8', 97, NULL, 8, 0),
(574, 'Wiza-Wuckert', 'UIM9MST2BT', 36, NULL, 12, 0),
(575, 'Denesik, Stoltenberg and Senger', '6XTWSBIHDO', 38, NULL, 7, 0),
(576, 'Schaefer Inc', 'O0TZ0SFQAL', 24, NULL, 5, 0),
(577, 'Tromp-McClure', '58D0HW9BJU', 41, NULL, 5, 0),
(578, 'Reilly and Sons', 'QU0BHF2IRI', 61, NULL, 9, 0),
(579, 'Pacocha, Pagac and Osinski', 'LZ6N9JDDCQ', 96, NULL, 4, 0),
(580, 'Cruickshank, Kutch and Auer', 'I3KO0LLC1I', 10, NULL, 10, 0),
(581, 'Leannon-Towne', 'JO6XS79LWR', 41, NULL, 11, 0),
(582, 'Heidenreich, O\'Kon and Collins', 'AFXNOCKVXH', 61, NULL, 9, 0),
(583, 'Stroman, Hills and Goldner', 'XM4IMVP86E', 20, NULL, 8, 0),
(584, 'Corwin-Medhurst', '7CYVSDTPKD', 131, NULL, 9, 0),
(585, 'Willms LLC', 'M0OY526SAT', 94, NULL, 4, 0),
(586, 'O\'Kon, Schuppe and Ortiz', 'Q6111IT2YZ', 152, NULL, 7, 0),
(587, 'Beahan-Krajcik', 'URZL3K7RX4', 18, NULL, 6, 0),
(588, 'Gleason and Sons', '7TL5ZGM8UO', 18, NULL, 6, 0),
(589, 'Bradtke, Hilll and Funk', 'E9PXLIC5J5', 22, NULL, 7, 0),
(590, 'Stokes, Sipes and McGlynn', 'YWUV0ZGIET', 135, NULL, 6, 0),
(591, 'Bogan, Gleichner and Welch', '1S0CWJZ2Z2', 142, NULL, 4, 0),
(592, 'Cruickshank, Mohr and Denesik', 'DF5HZ2NLFA', 94, NULL, 9, 0),
(593, 'Mertz Group', '0REKR1G24V', 28, NULL, 8, 0),
(594, 'Ritchie Group', 'Z1UGQR7C4F', 145, NULL, 4, 0),
(595, 'Emard Inc', 'X471AL2YYE', 16, NULL, 5, 0),
(596, 'Witting LLC', '2FWUVJCM2D', 115, NULL, 5, 0),
(597, 'Padberg, Mayer and Mills', 'XSDT7A5AU0', 57, NULL, 10, 0),
(598, 'Hane Inc', 'VSYY44K9IM', 42, NULL, 7, 0),
(599, 'Wilderman-Deckow', 'QZIV61GT86', 97, NULL, 10, 0),
(600, 'Mitchell, Batz and Howe', 'Z9BL5J1VNY', 139, NULL, 6, 0),
(601, 'Dietrich Inc', 'TY26H4SVEJ', 25, NULL, 4, 0),
(602, 'Larkin, Morissette and Kuhic', '9ZDIL0UKZW', 126, NULL, 10, 0),
(603, 'Vandervort-Prosacco', 'RBLWN5D1NV', 66, NULL, 8, 0),
(604, 'Kihn, Kemmer and Champlin', 'XVCRF133D9', 126, NULL, 11, 0),
(605, 'Hilpert, Bailey and Stoltenberg', 'J1MNUPYZMS', 135, NULL, 1, 0),
(606, 'Fay, Stracke and Rogahn', 'A9XMAKHYNI', 18, NULL, 13, 0),
(607, 'Jones, Tillman and Nolan', 'E8UQ1VL4A2', 23, NULL, 4, 0),
(608, 'Fadel-Terry', '4MIZG5W84F', 84, NULL, 7, 0),
(609, 'Feeney-Jacobson', 'SOBIZOEDTL', 24, NULL, 7, 0),
(610, 'Huel-Crooks', 'W2LO6TK8PK', 25, NULL, 8, 0),
(611, 'Boehm Group', 'YGZRVF9SA9', 30, NULL, 5, 0),
(612, 'Corwin-Halvorson', 'G2I29KPDVI', 20, NULL, 8, 0),
(613, 'Braun Group', '4K9GMJ5HTI', 118, NULL, 5, 0),
(614, 'Pagac LLC', 'ROPSQTO8C3', 73, NULL, 11, 0),
(615, 'Johnson, Barton and Murazik', '8CL7Z7TVKH', 75, NULL, 3, 0),
(616, 'McKenzie LLC', '09OTOBKT76', 130, NULL, 9, 0),
(617, 'Anderson-Pfeffer', 'QT8LOAVTW1', 7, NULL, 0, 1),
(618, 'Auer-Greenholt', 'AMG2N60EM1', 152, NULL, 0, 1),
(619, 'Gleichner-Langosh', 'XSL7CA2L9T', 27, NULL, 4, 0),
(620, 'Ledner Inc', 'Y985GXZT8I', 6, NULL, 6, 0),
(621, 'Reichert-Paucek', 'LTWI1G6EHJ', 49, NULL, 2, 0),
(622, 'Nolan, Fahey and Ortiz', 'AXQZM10DB0', 79, NULL, 7, 0),
(623, 'Kautzer, Stoltenberg and Medhurst', '0CE4HBKX9C', 30, NULL, 5, 0),
(624, 'Hartmann-Orn', 'H5W80DNHLM', 130, NULL, 5, 0),
(625, 'Stracke, Buckridge and Grimes', 'KDITKPSNWV', 106, NULL, 7, 0),
(626, 'Langworth Inc', 'FPUUABT3WK', 29, NULL, 8, 0),
(627, 'King LLC', 'QBIGMEHKR1', 61, NULL, 7, 0),
(628, 'Bins, Pollich and Trantow', 'Y6J9Q8A0HE', 78, NULL, 6, 0),
(629, 'Doyle-Bahringer', 'K2SM3EC7H1', 115, NULL, 7, 0),
(630, 'Jast and Sons', '66J2AX2NH4', 137, NULL, 5, 0),
(631, 'Rosenbaum, Marvin and Tillman', '1IU2DEJ4BO', 42, NULL, 7, 0),
(632, 'Kuphal, Parker and Swift', '8P0M4AOIOH', 44, NULL, 7, 0),
(633, 'Monahan and Sons', 'ANBN2DSWTY', 153, NULL, 6, 0),
(634, 'Kohler-Bashirian', '91JBLZONB1', 61, NULL, 6, 0),
(635, 'Pollich Group', 'WXZK7FMQSU', 5, NULL, 12, 0),
(636, 'Hartmann LLC', 'QEZJ0ZG28I', 67, NULL, 3, 0),
(637, 'Schinner, Pollich and Homenick', 'IHIMXWU27P', 76, NULL, 8, 0),
(638, 'Pouros LLC', 'AN3BKF8EZC', 58, NULL, 5, 0),
(639, 'Kautzer, Wilderman and Wisozk', 'CMD115QQ3D', 74, NULL, 7, 0),
(640, 'O\'Hara-Shanahan', 'ZZRADS1UMT', 120, NULL, 5, 0),
(641, 'Mertz LLC', 'VE24EXMR5M', 105, NULL, 5, 0),
(642, 'Lubowitz, Heidenreich and Towne', 'ASIEC6Q0GA', 102, NULL, 2, 0),
(643, 'Kerluke Inc', 'VQNBNRCW5E', 60, NULL, 8, 0),
(644, 'Leffler, Bailey and Bashirian', 'RR5KCI5IPX', 101, NULL, 6, 0),
(645, 'Aufderhar Inc', 'ILL2JINKFY', 85, NULL, 0, 1),
(646, 'Rempel, Gleichner and Bogisich', 'VXVVKB8VK5', 85, NULL, 9, 0),
(647, 'Stroman, Rempel and Mueller', 'OS1HXY3VRR', 150, NULL, 6, 0),
(648, 'Zieme Group', 'T808W857H4', 87, NULL, 4, 0),
(649, 'Ortiz, Conroy and Glover', '0FRP5AXAKL', 129, NULL, 12, 0),
(650, 'Walker-Klein', '3IPINPRC0T', 40, NULL, 5, 0),
(651, 'Homenick Group', '9B3KJ12ISZ', 2, NULL, 7, 0),
(652, 'Mraz-Spencer', 'P7V88JFM8V', 117, NULL, 11, 0),
(653, 'McKenzie, Muller and Hayes', '4NJT0729I8', 30, NULL, 9, 0),
(654, 'Volkman Group', 'RUB5GF5COA', 94, NULL, 7, 0),
(655, 'Russel-Block', 'J2LR0VSRWH', 86, NULL, 7, 0),
(656, 'Johns, King and Deckow', 'QZ5EJUKRVP', 153, NULL, 8, 0),
(657, 'Daniel Group', 'XWGVLMQM00', 11, NULL, 7, 0),
(658, 'Auer Group', '5LY8OWAISX', 54, NULL, 0, 1),
(659, 'Terry LLC', 'JFODQ4MPCZ', 131, NULL, 7, 0),
(660, 'Senger, Feest and Kutch', 'M9YW8GCT62', 95, NULL, 4, 0),
(661, 'Green-Graham', 'YCS4QHSFWF', 3, NULL, 4, 0),
(662, 'Johnston, Kreiger and Gerhold', 'TJXBTZFCGV', 63, NULL, 6, 0),
(663, 'Harvey, Marquardt and Osinski', 'YFZA8FT695', 90, NULL, 4, 0),
(664, 'Weber Group', 'GZFQ1RYP69', 45, NULL, 4, 0),
(665, 'Ullrich-Wisozk', '8PI06FYM0V', 29, NULL, 4, 0),
(666, 'Turner-Ruecker', 'MYSCEW8PQM', 141, NULL, 8, 0),
(667, 'Osinski Inc', 'EPCYPHK493', 149, NULL, 5, 0),
(668, 'Bahringer, Hettinger and Huels', 'XZHA7RZI8V', 150, NULL, 10, 0),
(669, 'Kuhic, Gulgowski and Pfannerstill', '9U0QKA77IO', 65, NULL, 10, 0),
(670, 'Christiansen, Schinner and Krajcik', '6TVA795ITB', 120, NULL, 7, 0),
(671, 'Schroeder-Okuneva', 'IFKQN28ADS', 68, NULL, 1, 0),
(672, 'Conn-Kuvalis', '4T8KP0RI0Y', 30, NULL, 10, 0),
(673, 'Reilly Group', 'OHTB2VWPL1', 37, NULL, 5, 0),
(674, 'Kunze LLC', 'ILKVM676VQ', 22, NULL, 4, 0),
(675, 'Kohler, Jaskolski and Dickens', 'VBW26UVV3Q', 81, NULL, 4, 0),
(676, 'Crona-Kling', 'JQWJFO43RV', 141, NULL, 3, 0),
(677, 'Kozey Inc', 'WLHE7JYAGS', 27, NULL, 3, 0),
(678, 'Ullrich-Grant', '4K7YTI5GDK', 25, NULL, 5, 0),
(679, 'Hamill, Kessler and Reichert', 'CQY99UME6T', 40, NULL, 3, 0),
(680, 'Langworth-Powlowski', 'HW2WZFMD7F', 111, NULL, 3, 0),
(681, 'Hodkiewicz, Pfannerstill and Jenkins', 'KHR9E2M3JH', 72, NULL, 6, 0),
(682, 'Stroman-Heathcote', '4JX2TGIJJ1', 74, NULL, 7, 0),
(683, 'Leannon-Orn', '9ADWEYYLI9', 18, NULL, 5, 0),
(684, 'Cummerata-Cummings', 'VETEFOWZKP', 13, NULL, 8, 0),
(685, 'Collier-MacGyver', 'AVYEM367X4', 153, NULL, 9, 0),
(686, 'Cole Group', '17GK2ADL0G', 55, NULL, 7, 0),
(687, 'Stracke-Denesik', 'Y0DHLWP6MA', 38, NULL, 9, 0),
(688, 'Gulgowski, Lowe and Watsica', 'XLD5Y3STRH', 95, NULL, 6, 0),
(689, 'Ledner, Blick and Jacobson', 'ACWVLH0WJG', 97, NULL, 3, 0),
(690, 'Gerlach, Schinner and Batz', 'I97EF30A9M', 63, NULL, 8, 0),
(691, 'Smith, Rosenbaum and Farrell', 'ZP14CGGZDR', 90, NULL, 5, 0),
(692, 'McClure LLC', 'ZO2AUNR6ZQ', 110, NULL, 3, 0),
(693, 'Sanford, Larson and Mosciski', 'M3CWQJX297', 82, NULL, 9, 0),
(694, 'Ryan Group', 'MVNX0CVI19', 102, NULL, 4, 0),
(695, 'White-Welch', 'RE9RDJIDJN', 153, NULL, 8, 0),
(696, 'Anderson, Ernser and Volkman', 'MTS4JKNU8O', 82, NULL, 0, 1),
(697, 'West Inc', 'Z3C4UN5B3F', 124, NULL, 5, 0),
(698, 'Konopelski, Bechtelar and Kilback', '06S1Q6E22C', 52, NULL, 11, 0),
(699, 'Kiehn LLC', '6FNOTGB5XB', 94, NULL, 7, 0),
(700, 'Keeling, Will and Tillman', 'BZCMSPK96S', 63, NULL, 9, 0),
(701, 'Sauer-Kuhic', '7ORUZ6Q3B7', 19, NULL, 4, 0),
(702, 'Heller-Hansen', '03XZ9B4BKF', 108, NULL, 4, 0),
(703, 'Kunde-Kub', '1E97C8EEZK', 141, NULL, 11, 0),
(704, 'Botsford-White', '0XJLYTRQ0Q', 105, NULL, 5, 0),
(705, 'Casper Group', 'GPH8DS0U9B', 42, NULL, 8, 0),
(706, 'Thiel Inc', 'WDKM9PR3RY', 53, NULL, 9, 0),
(707, 'Pacocha, Vandervort and Reichel', '0DZF14MBNU', 134, NULL, 3, 0),
(708, 'Fisher-Lowe', 'RN4BR6LRXM', 145, NULL, 5, 0),
(709, 'Ryan, Jacobi and Halvorson', 'TV7JB4SQ7Q', 37, NULL, 5, 0),
(710, 'Murphy LLC', '9VUIYDDTVF', 50, NULL, 5, 0),
(711, 'Leannon-Anderson', 'S7P12HONGF', 65, NULL, 2, 0),
(712, 'O\'Conner, Wilderman and Funk', 'RUGALMWSN2', 40, NULL, 7, 0),
(713, 'Bergnaum, Fahey and Tromp', '1PEUGDPP0R', 64, NULL, 7, 0),
(714, 'Keeling-Kovacek', 'EAA76ZN4IY', 132, NULL, 12, 0),
(715, 'Schaefer-Abbott', '42GKY2JX18', 136, NULL, 8, 0),
(716, 'Denesik and Sons', 'D2AUHBNHX1', 49, NULL, 5, 0),
(717, 'Parker and Sons', '9G0EFKAMQO', 64, NULL, 5, 0),
(718, 'Veum, Hickle and Hegmann', '8M1GJNHL6N', 36, NULL, 7, 0),
(719, 'Yundt Inc', 'IVLMY8FZAH', 152, NULL, 8, 0),
(720, 'Spinka, Little and Gutkowski', '9V4OF2HOC3', 24, NULL, 11, 0),
(721, 'Kihn-Goodwin', '2HB45V4QEZ', 14, NULL, 6, 0),
(722, 'Koelpin-Parisian', '82AI8JKCVJ', 74, NULL, 3, 0),
(723, 'Purdy, Brakus and Nader', 'SJI482KPET', 133, NULL, 5, 0),
(724, 'Carter-Weimann', '3SKUIHMH6N', 72, NULL, 3, 0),
(725, 'Armstrong, Pagac and Brakus', 'K3XZG7R8OM', 111, NULL, 0, 1),
(726, 'Satterfield and Sons', 'RZDJTZQC79', 33, NULL, 7, 0),
(727, 'Volkman and Sons', 'YK2NPU2BR8', 133, NULL, 7, 0),
(728, 'Davis, Carroll and O\'Reilly', 'GZZCXBNPZ6', 100, NULL, 5, 0),
(729, 'Wuckert, Ebert and Rodriguez', '5NJL22GCM4', 48, NULL, 5, 0),
(730, 'Mann and Sons', 'HSLHIEOKTR', 141, NULL, 7, 0),
(731, 'Jakubowski LLC', 'EZQ38QFSVX', 5, NULL, 7, 0),
(732, 'Bogisich Group', 'MSCNBJP0HN', 44, NULL, 9, 0),
(733, 'Luettgen Group', 'TCYO6XU4X0', 77, NULL, 5, 0),
(734, 'Klocko and Sons', 'QXRLVKF0LL', 41, NULL, 6, 0),
(735, 'Rutherford LLC', 'F8M1SNBZCP', 73, NULL, 9, 0),
(736, 'Sauer-Schaefer', 'M7FMOUKSVU', 38, NULL, 4, 0),
(737, 'Greenfelder-Breitenberg', 'IVHPG6LIWS', 38, NULL, 6, 0),
(738, 'Bashirian-Kovacek', 'VA2NMNZZQ3', 44, NULL, 5, 0),
(739, 'Dickens, Feeney and Kessler', 'S41O17CGVK', 78, NULL, 10, 0),
(740, 'Ledner Inc', '6HB8Z9F9S7', 64, NULL, 3, 0),
(741, 'Ferry-Osinski', '0WGSQZ4UW6', 109, NULL, 2, 0),
(742, 'Kessler and Sons', 'YIF5GYATLC', 142, NULL, 7, 0),
(743, 'Rohan and Sons', 'L0E9EHU9H9', 82, NULL, 6, 0),
(744, 'Nolan-Murphy', 'PP742KBEIU', 98, NULL, 6, 0),
(745, 'Batz, Pfeffer and Prohaska', 'AW1B8KE784', 88, NULL, 9, 0),
(746, 'Terry, Powlowski and Reinger', '0CJTFNSPPT', 42, NULL, 4, 0),
(747, 'Kovacek-Cummings', 'N1KOGW1A2B', 139, NULL, 8, 0),
(748, 'Kiehn-Beer', 'RCF3LJYT10', 61, NULL, 6, 0),
(749, 'Langworth, Green and Terry', 'KJDM25MZFW', 5, NULL, 3, 0),
(750, 'McDermott, Rempel and Reynolds', 'QL4PPLBDAE', 73, NULL, 5, 0),
(751, 'Conroy, Willms and Kertzmann', '5T6Q7SXW1T', 110, NULL, 7, 0),
(752, 'Lebsack LLC', 'YJRD560OSX', 15, NULL, 7, 0),
(753, 'Heidenreich-Moore', 'NGAM5TQOIO', 115, NULL, 6, 0),
(754, 'Farrell, Bernier and Hoppe', 'T70FVC7OTW', 75, NULL, 6, 0),
(755, 'Hermiston, Fay and Rippin', 'B8D8UJ2LBW', 28, NULL, 4, 0),
(756, 'Schuster Inc', '3FKKSPGPTK', 151, NULL, 7, 0),
(757, 'Becker-Leannon', 'V1CWS0L8QK', 65, NULL, 4, 0),
(758, 'Will, Roob and Goodwin', 'TOCTI3I0U9', 80, NULL, 3, 0),
(759, 'Jones, Waters and Lindgren', 'A670JFDU32', 14, NULL, 7, 0),
(760, 'McGlynn, Rosenbaum and Shanahan', 'LSCRVRSL2G', 109, NULL, 9, 0),
(761, 'Jones, Will and Morar', '1STS66P4CE', 3, NULL, 5, 0),
(762, 'Anderson, Marks and Ankunding', 'C72H72KB1G', 55, NULL, 0, 1),
(763, 'Dietrich Inc', 'FJ7LV9BSDB', 120, NULL, 6, 0),
(764, 'Howe-Quigley', 'S4CUOMDH74', 56, NULL, 5, 0),
(765, 'Bauch, Harber and Dare', '83M9WMKE9V', 35, NULL, 7, 0),
(766, 'Hauck-Boyer', 'U513GDH2X0', 48, NULL, 8, 0),
(767, 'Schoen, Gerhold and Bradtke', '49YK7FEGPS', 69, NULL, 6, 0),
(768, 'Weimann and Sons', 'KDDVXOM0DA', 71, NULL, 5, 0),
(769, 'Rohan-Murphy', 'C02DAO5ZL0', 115, NULL, 5, 0),
(770, 'Grady-Pfannerstill', 'Q3XPFZCOF6', 16, NULL, 12, 0),
(771, 'Glover-Tremblay', 'KIILWUMYGK', 57, NULL, 5, 0),
(772, 'Smitham, Barrows and Rath', 'UYMXQ7ADNF', 53, NULL, 4, 0),
(773, 'Weimann-Wyman', 'DOHXEU4UKS', 34, NULL, 3, 0),
(774, 'Monahan, Hayes and Altenwerth', 'GXSLY7YW0H', 12, NULL, 8, 0),
(775, 'Crooks, Hahn and Christiansen', 'F4EX421FJN', 111, NULL, 7, 0),
(776, 'Schinner LLC', 'KJ1VI5OLXH', 134, NULL, 5, 0),
(777, 'Goyette, Dickens and Predovic', 'AUWOP6PVNO', 76, NULL, 7, 0),
(778, 'Kreiger Inc', 'SUYBFBE23H', 62, NULL, 8, 0),
(779, 'Reynolds-Aufderhar', 'LB8Z5GGS8C', 122, NULL, 2, 0),
(780, 'Littel, Swift and Bauch', 'KE5LP4Z6GA', 57, NULL, 14, 0),
(781, 'Sanford, Lowe and Berge', 'IH1PDNWQHG', 41, NULL, 3, 0),
(782, 'Stokes-Schoen', 'PXXZ6MY2GR', 17, NULL, 4, 0),
(783, 'Rice-Pagac', 'I5R2H14JJK', 25, NULL, 7, 0),
(784, 'Wehner-Nicolas', 'TCKWITYXNO', 139, NULL, 5, 0),
(785, 'Weber, Corwin and Cronin', '2M21VKAZPK', 22, NULL, 8, 0),
(786, 'Ondricka and Sons', 'Z41L9B6UQ0', 98, NULL, 3, 0),
(787, 'Mante, Roob and Ruecker', 'GQ4FNLL23M', 135, NULL, 8, 0),
(788, 'Fay and Sons', 'Q9WNT1I95X', 119, NULL, 2, 0),
(789, 'Barrows Group', 'XU6D005LEM', 1, NULL, 0, 0),
(790, 'Green, Reichert and McKenzie', '46Z7KCM3JW', 134, NULL, 6, 0),
(791, 'Walker, Walker and Kreiger', '7SRORTOSHM', 30, NULL, 3, 0),
(792, 'Boehm-Cartwright', 'WD4ZASYGTR', 52, NULL, 3, 0),
(793, 'Yost, Gottlieb and Ratke', '810LK0W6ZL', 106, NULL, 8, 0),
(794, 'Fahey and Sons', 'EQIBHHGWPR', 47, NULL, 6, 0),
(795, 'Paucek-Cronin', '5UZFATUJE3', 6, NULL, 3, 0),
(796, 'Hammes, Krajcik and Gulgowski', '6KXZ9YNPNR', 56, NULL, 4, 0),
(797, 'Konopelski Group', 'LJ7BOEAYWY', 136, NULL, 2, 0),
(798, 'Spinka LLC', '3JXU9FD52N', 5, NULL, 7, 0),
(799, 'Krajcik, Hammes and Jerde', 'X26J4IV9W5', 49, NULL, 7, 0),
(800, 'Turcotte LLC', 'CDND66GYWE', 133, NULL, 5, 0),
(801, 'provaAdd', 'azienda ADD', 2, NULL, 0, 0),
(802, 'Azienda1', 'prova ADD', 1, NULL, 0, 1),
(803, 'Azienda1', 'prova ADD', 1, 'www.prova.com/foto', 0, 1),
(804, 'ProvaProva', 'aaaaaaaa', 29, NULL, 0, 0),
(805, 'AProvaADD', 'ABCDEFGHI', 38, 'nonloso.com', 0, 1),
(806, 'Children feet enterprise', 'AGHTUA618', 35, NULL, 0, 0),
(807, 'kkk', 'kkk', 41, NULL, 0, 0);

-- --------------------------------------------------------

--
-- Struttura della tabella `countries`
--

CREATE TABLE `countries` (
  `id` int(11) NOT NULL,
  `name` varchar(255) NOT NULL,
  `iso` varchar(2) NOT NULL
) ENGINE=InnoDB DEFAULT CHARSET=utf8mb4 COLLATE=utf8mb4_general_ci;

--
-- Dump dei dati per la tabella `countries`
--

INSERT INTO `countries` (`id`, `name`, `iso`) VALUES
(1, 'Andorra', 'AD'),
(2, 'Austria', 'AT'),
(3, 'Bosnia and Herzegovina', 'BA'),
(4, 'Belgium', 'BE'),
(5, 'Bulgaria', 'BG'),
(6, 'Belarus', 'BY'),
(7, 'Switzerland', 'CH'),
(8, 'Czech Republic', 'CZ'),
(9, 'Germany', 'DE'),
(10, 'Denmark', 'DK'),
(11, 'Estonia', 'EE'),
(12, 'Spain', 'ES'),
(13, 'Finland', 'FI'),
(14, 'France', 'FR'),
(15, 'United Kingdom', 'GB'),
(16, 'Greece', 'GR'),
(17, 'Croatia', 'HR'),
(18, 'Hungary', 'HU'),
(19, 'Ireland', 'IE'),
(20, 'Iceland', 'IS'),
(21, 'Italy', 'IT'),
(22, 'Liechtenstein', 'LI'),
(23, 'Lithuania', 'LT'),
(24, 'Luxembourg', 'LU'),
(25, 'Latvia', 'LV'),
(26, 'Monaco', 'MC'),
(27, 'Moldova, Republic of', 'MD'),
(28, 'Montenegro', 'ME'),
(29, 'Macedonia, the Former Yugoslav Republic of', 'MK'),
(30, 'Malta', 'MT'),
(31, 'Netherlands', 'NL'),
(32, 'Norway', 'NO'),
(33, 'Poland', 'PL'),
(34, 'Portugal', 'PT'),
(35, 'Romania', 'RO'),
(36, 'Serbia', 'RS'),
(37, 'Russian Federation', 'RU'),
(38, 'Sweden', 'SE'),
(39, 'Slovenia', 'SI'),
(40, 'Slovakia', 'SK'),
(41, 'San Marino', 'SM'),
(42, 'Ukraine', 'UA');

-- --------------------------------------------------------

--
-- Struttura della tabella `employees`
--

CREATE TABLE `employees` (
  `id` int(11) NOT NULL,
  `first_name` varchar(50) NOT NULL,
  `last_name` varchar(50) NOT NULL,
  `birthdate` date DEFAULT NULL,
  `sex` char(1) DEFAULT NULL,
  `city_fk` int(11) DEFAULT NULL,
  `company_fk` int(11) DEFAULT NULL,
  `is_deleted` tinyint(1) NOT NULL DEFAULT 0
) ENGINE=InnoDB DEFAULT CHARSET=utf8mb4 COLLATE=utf8mb4_general_ci;

--
-- Dump dei dati per la tabella `employees`
--

INSERT INTO `employees` (`id`, `first_name`, `last_name`, `birthdate`, `sex`, `city_fk`, `company_fk`, `is_deleted`) VALUES
(1, 'Marcolino', 'Brutto', '1994-10-16', 'M', 93, 294, 0),
(2, 'Amélie', 'Randall', '1996-07-28', 'M', 65, 559, 0),
(3, 'Gaétane', 'Bowbrick', '2003-11-30', 'F', 87, 736, 0),
(4, 'Maëlyss', 'Manners', '1972-11-23', 'M', 63, 720, 0),
(5, 'Léa', 'Downing', '1993-10-26', 'F', 19, 570, 0),
(6, 'Lyséa', 'Stickells', '2005-11-09', 'F', 56, 225, 0),
(7, 'Cécile', 'Abson', '1989-08-25', 'F', 51, 100, 0),
(8, 'Aurélie', 'Eslie', '1971-07-02', 'F', 43, 229, 0),
(9, 'Renée', 'Bolitho', '1989-04-17', 'F', 28, 121, 0),
(10, 'Andrée', 'Baggally', '1952-02-02', 'F', 94, 717, 0),
(11, 'Stéphanie', 'Woolway', '1994-11-14', 'F', 141, 372, 0),
(12, 'Estée', 'Dray', '1956-12-04', 'M', 104, 539, 0),
(13, 'Méline', 'Niessen', '1986-04-20', 'F', 68, 477, 0),
(14, 'Néhémie', 'Farlowe', '1990-09-18', 'F', 61, 17, 0),
(15, 'Magdalène', 'Neagle', '1969-05-07', 'F', 22, 126, 0),
(16, 'Táng', 'Siggee', '1955-04-14', 'M', 104, 7, 0),
(17, 'Méthode', 'Matiewe', NULL, 'M', 151, 465, 0),
(18, 'Táng', 'Veysey', '1992-03-23', 'M', 109, 602, 0),
(19, 'Cléopatre', 'Prynne', '1982-04-10', 'F', 25, 499, 0),
(20, 'Josée', 'Paulmann', '1978-07-12', 'M', 44, 448, 0),
(21, 'Örjan', 'Dommett', '1952-02-06', 'M', 83, 742, 0),
(22, 'Réservés', 'Mothersole', '1975-10-14', 'F', 124, 124, 0),
(23, 'Estève', 'Durbyn', '1968-06-08', 'F', 116, 593, 0),
(24, 'Mårten', 'Kempster', '1988-06-05', 'M', 126, 717, 0),
(25, 'Léane', 'MacCaull', '1954-01-04', 'M', 37, 162, 0),
(26, 'Stéphanie', 'Eilers', '1984-05-12', 'M', 136, 478, 0),
(27, 'Séverine', 'Biddwell', '1985-08-21', 'M', 90, 770, 0),
(28, 'Irène', 'McReath', '1982-06-14', 'M', 135, 570, 0),
(29, 'Maïté', 'Andryushchenko', '1999-08-21', 'M', 20, 515, 0),
(30, 'Kévina', 'Bisterfeld', '2001-04-14', 'F', 91, 606, 0),
(31, 'Mårten', 'Merrien', '1950-12-20', 'F', 14, 439, 0),
(32, 'Naéva', 'Ladson', '1962-03-30', 'F', 42, 715, 0),
(33, 'Geneviève', 'Rudderham', '1958-02-09', 'F', 45, 704, 0),
(34, 'Dafnée', 'Jubb', '2002-01-11', 'M', 141, 186, 0),
(35, 'Bérénice', 'Shepheard', '1988-12-20', 'M', 106, 267, 0),
(36, 'Cécile', 'Diego', '1992-10-21', 'M', NULL, 158, 0),
(37, 'Marie-françoise', 'Lockhurst', '1973-03-08', 'F', 88, 766, 0),
(38, 'Cécile', 'Quirke', '2002-09-19', 'F', 15, 484, 0),
(39, 'Dorothée', 'Duigenan', '1995-03-03', 'M', 97, 755, 0),
(40, 'Uò', 'Toquet', '1984-03-31', 'F', 61, 176, 0),
(41, 'Anaël', 'Noirel', '2005-08-25', 'M', 107, 632, 0),
(42, 'Tú', 'Davenhall', '1982-12-28', 'F', 19, NULL, 0),
(43, 'Mà', 'Hutton', '1976-04-30', 'M', NULL, 522, 0),
(44, 'Réjane', 'Klus', '1964-01-19', 'M', 60, 326, 0),
(45, 'Méghane', 'de Chastelain', '1960-02-22', 'F', NULL, 594, 0),
(46, 'Mégane', 'Leverington', '1972-11-20', 'M', 118, 641, 0),
(47, 'Andrée', 'Gillingwater', '1992-10-15', 'M', 46, 326, 0),
(48, 'Célestine', 'Francioli', '1964-03-27', 'F', 99, 606, 0),
(49, 'Wá', 'Vasiliu', '1989-01-22', 'M', 121, 1, 0),
(50, 'Liè', 'deKnevet', '2000-10-26', 'F', 96, 393, 0),
(51, 'Håkan', 'Trimme', '2000-09-17', 'F', 123, 293, 0),
(52, 'Mélodie', 'Einchcombe', '1966-02-25', 'F', 113, 716, 0),
(53, 'Clélia', 'Spelling', NULL, 'M', 34, 497, 0),
(54, 'Eloïse', 'Crayden', '2000-03-11', 'F', 9, 296, 0),
(55, 'Laïla', 'Pleager', '1958-08-29', 'M', NULL, 14, 0),
(56, 'Hélène', 'Esome', '1969-08-21', 'F', 63, 800, 0),
(57, 'Maïwenn', 'Kleinholz', '1967-07-15', 'F', 58, 745, 0),
(58, 'Hélèna', 'Shirlaw', '1989-08-22', 'M', 54, 521, 0),
(59, 'Solène', 'Rubega', NULL, 'F', 52, 714, 0),
(60, 'Desirée', 'Battleson', NULL, 'M', NULL, 643, 0),
(61, 'Mårten', 'Kellogg', '1970-09-07', 'M', 116, 370, 0),
(62, 'Maëlla', 'Waddam', NULL, 'M', 82, 447, 0),
(63, 'Maïté', 'Boole', '1983-04-29', 'F', 89, 228, 0),
(64, 'Valérie', 'Wessell', '1975-11-28', 'F', 141, 506, 0),
(65, 'Lucrèce', 'Dumbrall', '1992-02-05', 'F', 19, 74, 0),
(66, 'Mà', 'Bram', '1979-02-15', 'F', 77, 200, 0),
(67, 'Marie-noël', 'Adamovicz', '1993-05-02', 'F', 91, 780, 0),
(68, 'Lauréna', 'Tattershall', '1955-08-27', 'F', 12, 723, 0),
(69, 'Sélène', 'Kamiyama', '2002-04-18', 'F', 38, 507, 0),
(70, 'Clémence', 'Lievesley', '1967-09-08', 'F', 86, 266, 0),
(71, 'Garçon', 'Crecy', '1998-07-13', 'F', 7, 678, 0),
(72, 'Séverine', 'Dangl', '1978-11-29', 'F', 67, 647, 0),
(73, 'Wá', 'Bredgeland', NULL, 'F', 45, 650, 0),
(74, 'Gwenaëlle', 'Ellsom', '1953-05-07', 'M', 50, 771, 0),
(75, 'Bérangère', 'Christoffe', '1988-04-03', 'F', 74, 221, 0),
(76, 'Gaétane', 'Painter', '1972-10-26', 'M', 83, 521, 0),
(77, 'Björn', 'Mc Dermid', '1959-04-20', NULL, 90, 351, 0),
(78, 'Irène', 'Pinchbeck', '2003-06-02', 'F', 74, 56, 0),
(79, 'Méng', 'Jagson', '1986-03-01', 'M', 82, 382, 0),
(80, 'Edmée', 'Parslow', NULL, NULL, 76, 194, 0),
(81, 'Aloïs', 'Hebson', '1991-09-21', 'F', 22, 155, 0),
(82, 'Lyséa', 'Gherardesci', '1980-04-18', 'F', 93, 719, 0),
(83, 'Rébecca', 'Sailor', '1994-05-07', 'F', 121, 610, 0),
(84, 'Eloïse', 'Peddar', NULL, 'F', 153, 375, 0),
(85, 'Uò', 'Balshen', '1985-01-22', 'F', 25, 569, 0),
(86, 'Andréanne', 'Nand', NULL, 'F', 49, 691, 0),
(87, 'Ophélie', 'Tesyro', '1965-08-16', 'F', 70, 22, 0),
(88, 'Faîtes', 'Folkard', NULL, 'F', 11, 706, 0),
(89, 'Lén', 'Ferrucci', '1999-04-16', 'F', 59, 528, 0),
(90, 'Östen', 'Kytter', '1971-03-22', 'M', 64, 164, 0),
(91, 'Mélinda', 'Segrave', '1987-06-02', 'F', 33, 356, 0),
(92, 'Torbjörn', 'Kearle', '1983-10-17', 'M', 30, 790, 0),
(93, 'Judicaël', 'Pinckney', '1994-04-20', 'M', 121, 707, 0),
(94, 'Måns', 'Trevallion', '1989-09-04', 'F', 39, 686, 0),
(95, 'Gösta', 'Vipan', '1983-07-29', 'M', 30, 768, 0),
(96, 'Garçon', 'Decourt', '1978-04-01', 'F', 6, 103, 0),
(97, 'Anaé', 'Bernardoux', '2004-05-29', 'M', NULL, 341, 0),
(98, 'Maïlys', 'Dawtrey', '2002-06-02', 'F', 65, 262, 0),
(99, 'Anaé', 'O\'Hollegan', '1966-03-05', 'F', 64, 793, 0),
(100, 'Gösta', 'Nairn', NULL, 'F', 77, 307, 0),
(101, 'Mahélie', 'Dexter', '1978-12-14', 'F', 37, 653, 0),
(102, 'Léane', 'Verdun', '1955-06-17', 'F', 94, 316, 0),
(103, 'Régine', 'Sandwick', '2005-12-01', 'F', 28, 67, 0),
(104, 'Félicie', 'Renols', '1996-09-13', 'F', 48, 682, 0),
(105, 'Styrbjörn', 'Parkman', '1978-05-15', 'F', 145, 415, 0),
(106, 'Méline', 'Ruslen', '2005-12-27', 'F', 122, 571, 0),
(107, 'Åsa', 'Wreath', '1950-12-28', 'F', 63, 584, 0),
(108, 'Annotée', 'Brimmacombe', '1991-01-30', 'F', 35, 488, 0),
(109, 'Solène', 'Ahern', '1992-11-14', 'F', 76, 133, 0),
(110, 'Magdalène', 'Gadd', '1979-08-27', 'F', 15, 571, 0),
(111, 'Léone', 'Powles', '1954-09-06', 'M', 15, 311, 0),
(112, 'Daphnée', 'Vasilic', '2001-08-04', 'M', 104, 326, 0),
(113, 'Marie-noël', 'Duffet', '1978-04-25', 'M', 23, 414, 0),
(114, 'Magdalène', 'Munning', '1957-01-23', 'F', 9, 775, 0),
(115, 'Gwenaëlle', 'Bruty', NULL, 'F', 133, 45, 0),
(116, 'Cloé', 'Fabler', NULL, 'M', 153, 86, 0),
(117, 'Mårten', 'Drohan', '1973-08-06', 'M', 29, 296, 0),
(118, 'Pò', 'Coleiro', '1955-10-12', 'F', 17, 436, 0),
(119, 'Bécassine', 'Petett', NULL, 'F', 91, 608, 0),
(120, 'Annotée', 'Blooman', '1956-06-17', 'M', 7, 622, 0),
(121, 'Mélanie', 'Fowlie', '1954-12-24', NULL, 39, 344, 0),
(122, 'Dorothée', 'Ambrogetti', '1961-12-24', 'F', 134, 458, 0),
(123, 'Gérald', 'Capsey', '1954-12-23', 'M', 132, 346, 0),
(124, 'Cécilia', 'Cullon', '1957-05-18', 'F', 153, 340, 0),
(125, 'Sélène', 'Halliday', '1998-04-16', 'F', 70, 477, 0),
(126, 'Félicie', 'Mahony', '1985-09-01', 'F', 142, 653, 0),
(127, 'Léandre', 'Karlsson', '1964-08-22', 'F', 63, 479, 0),
(128, 'Françoise', 'Plumridege', '1975-01-30', NULL, 144, 591, 0),
(129, 'Örjan', 'Stuckley', '1960-05-29', 'F', 39, 369, 0),
(130, 'Méthode', 'Sancraft', '1972-08-14', 'F', 150, 657, 0),
(131, 'Tú', 'Sabben', '2005-02-01', 'M', 45, 403, 0),
(132, 'Gérald', 'Rispine', '1955-07-26', 'F', NULL, 456, 0),
(133, 'Zhì', 'Boone', '1999-07-01', 'M', 100, 582, 0),
(134, 'Fèi', 'Merrywether', '1990-10-11', 'F', 51, 226, 0),
(135, 'Loïca', 'Cheel', '2001-10-24', 'M', 45, 356, 0),
(136, 'Océanne', 'Damsell', '1986-07-17', 'F', NULL, 377, 0),
(137, 'Åslög', 'Verzey', '1989-11-27', 'M', 114, 355, 0),
(138, 'Marie-ève', 'Payfoot', '2002-04-27', 'F', 144, 777, 0),
(139, 'Anaëlle', 'Philippet', '1963-05-27', 'M', 103, 552, 0),
(140, 'Clémence', 'Beddoe', '1986-05-30', 'F', 11, 590, 0),
(141, 'Aí', 'Belliss', '1984-07-02', 'M', 106, 521, 0),
(142, 'Maïté', 'Jeffels', '1976-04-08', 'M', 65, 580, 0),
(143, 'Salomé', 'Livingstone', NULL, 'M', 37, 225, 0),
(144, 'Judicaël', 'Neylan', '1967-08-21', 'M', 44, 509, 0),
(145, 'Josée', 'Backshaw', '1984-09-21', 'F', 116, 728, 0),
(146, 'Mélissandre', 'Aronsohn', '2002-01-21', 'M', 65, 690, 0),
(147, 'Josée', 'Pelman', '2003-12-14', 'M', 153, 175, 0),
(148, 'Josée', 'Straker', '1991-05-07', 'F', 114, 709, 0),
(149, 'Gwenaëlle', 'Mongenot', '1971-10-30', 'M', 153, 424, 0),
(150, 'Méline', 'Beckhouse', '1992-10-13', 'F', 139, 351, 0),
(151, 'Geneviève', 'Kindleysides', '1992-10-08', 'M', 37, 692, 0),
(152, 'Rachèle', 'Britee', '1971-04-08', 'M', 97, 759, 0),
(153, 'Béatrice', 'Brunetti', '1993-07-11', 'F', 121, 651, 0),
(154, 'Alizée', 'Gallehock', '1995-08-21', 'M', 10, 675, 0),
(155, 'Mà', 'Dun', '1986-07-01', 'F', 145, 720, 0),
(156, 'Bécassine', 'Pohlke', '1955-04-14', 'F', 112, 258, 0),
(157, 'Lucrèce', 'Rogeon', '1995-08-10', 'M', 4, 649, 0),
(158, 'Lyséa', 'Thorby', '1976-07-23', 'F', 34, 712, 0),
(159, 'Lauréna', 'Rolling', '1996-10-17', 'F', NULL, 317, 0),
(160, 'Gösta', 'Coraini', '1956-06-10', NULL, 41, 685, 0),
(161, 'Adélie', 'Tompkinson', '1981-02-11', 'M', 29, 697, 0),
(162, 'Östen', 'Attersoll', '1988-07-05', NULL, 30, 347, 0),
(163, 'Hélène', 'Aneley', '1997-02-06', 'F', 11, 476, 0),
(164, 'Estée', 'Orneblow', '1980-04-06', 'F', 93, 699, 0),
(165, 'Mylène', 'Do', '1980-12-12', 'M', 1, 263, 0),
(166, 'Gwenaëlle', 'Tegler', '1980-12-21', 'M', 140, 364, 0),
(167, 'Estée', 'Odcroft', '1965-03-23', 'M', 129, 214, 0),
(168, 'Esbjörn', 'Eim', '1980-02-08', 'M', 29, 249, 0),
(169, 'Annotée', 'Petrasch', NULL, 'F', 6, 288, 0),
(170, 'Prova', 'Cancellazione', '1967-04-18', 'M', 62, NULL, 0),
(171, 'Kuí', 'O\'Logan', '1997-05-04', 'M', 111, 612, 0),
(172, 'Maïly', 'Kingsmill', '1951-08-01', 'F', 98, 143, 0),
(173, 'Méline', 'Garshore', '1972-02-06', 'M', 48, 6, 0),
(174, 'Anaé', 'English', '1962-09-12', 'M', NULL, 657, 0),
(175, 'Célestine', 'Pischel', '1967-04-13', 'F', 71, 57, 0),
(176, 'Zhì', 'Marking', '1987-11-24', 'F', 12, 77, 0),
(177, 'Chloé', 'Smallsman', '1994-08-31', 'F', 96, 51, 0),
(178, 'Åsa', 'Riddle', '1987-05-23', 'M', 150, 734, 0),
(179, 'Mén', 'Mulliner', '1988-02-09', NULL, 98, 316, 0),
(180, 'Véronique', 'Harome', '1966-04-29', 'F', 138, 695, 0),
(181, 'Mélys', 'Baccup', '1950-09-11', 'M', 119, 108, 0),
(182, 'Vénus', 'Wrightson', '1970-11-26', 'M', 74, 155, 0),
(183, 'Esbjörn', 'Aleksandrikin', '1978-05-05', 'F', 78, 494, 0),
(184, 'Cunégonde', 'Harmson', '1989-01-13', 'M', 53, 589, 0),
(185, 'Pål', 'Bradborne', '1975-02-14', 'M', 61, 422, 0),
(186, 'Maëlyss', 'Mendez', '1977-06-24', 'M', 1, 448, 0),
(187, 'Célia', 'Freckelton', '1964-07-05', 'F', 45, 498, 0),
(188, 'Marie-hélène', 'Worgen', '1973-04-06', 'F', 62, 589, 0),
(189, 'Gwenaëlle', 'Kulicke', '1963-01-24', 'M', 60, 193, 0),
(190, 'Maïwenn', 'Heisman', '1978-05-12', 'M', NULL, 269, 0),
(191, 'Pélagie', 'Hambridge', '1975-07-29', 'F', 61, 176, 0),
(192, 'Séverine', 'Hawsby', '1989-03-21', 'M', 14, 646, 0),
(193, 'Tú', 'Pratt', '1985-08-25', 'F', 109, 205, 0),
(194, 'Maïlys', 'Leverson', '1975-09-10', 'M', 9, 358, 0),
(195, 'Gérald', 'Borchardt', '1999-07-04', 'F', 16, 100, 0),
(196, 'Athéna', 'Cullinane', '1979-12-31', 'F', 112, 328, 0),
(197, 'Vérane', 'Kleimt', '1975-01-15', 'F', 22, 477, 0),
(198, 'Géraldine', 'Lorenzetto', '1957-01-03', 'F', 134, 610, 0),
(199, 'Bénédicte', 'Cornwall', '1972-08-16', 'F', 2, 656, 0),
(200, 'Almérinda', 'Dossetter', '1984-04-26', 'F', 146, 195, 0),
(201, 'Irène', 'Jocic', '1970-08-11', 'M', 24, 252, 0),
(202, 'Méthode', 'Shorten', '1995-06-09', 'F', 91, 83, 0),
(203, 'Görel', 'Kilfeather', '2004-10-03', 'M', 60, 395, 0),
(204, 'Laurène', 'Mulqueen', '1954-04-01', 'M', 83, 733, 0),
(205, 'Méthode', 'Schukert', '1960-12-05', 'F', 105, 625, 0),
(206, 'Yú', 'Corselles', '1960-11-18', 'F', 96, 473, 0),
(207, 'Méryl', 'Leamy', '1975-10-19', 'M', 66, 109, 0),
(208, 'Marie-ève', 'Johanssen', '2004-07-28', 'M', 25, 771, 0),
(209, 'Gloria', 'Beccacece', '1954-03-03', 'F', 81, NULL, 0),
(210, 'Eloïse', 'Aylin', NULL, 'F', 107, 245, 0),
(211, 'Andrée', 'Komorowski', '2000-06-17', 'M', 111, 163, 0),
(212, 'Cunégonde', 'Klulicek', '1981-05-11', 'M', 61, 381, 0),
(213, 'Mélys', 'Arkle', '1986-01-03', 'F', 93, 472, 0),
(214, 'Dorothée', 'Ettridge', '1994-08-04', 'M', 135, 250, 0),
(215, 'Måns', 'Romera', '1965-03-14', 'F', 33, 327, 0),
(216, 'Ráo', 'Carruth', '1977-12-01', 'M', 43, 587, 0),
(217, 'Andréanne', 'Daldry', '1982-09-05', 'F', 72, NULL, 1),
(218, 'Léane', 'Sturley', '1984-09-11', 'M', 88, 497, 0),
(219, 'Nuó', 'Joron', '1974-10-27', 'M', 76, 35, 0),
(220, 'Léone', 'Gascoine', '1979-12-06', 'F', NULL, 171, 0),
(221, 'Mélia', 'McEntegart', '1977-06-22', 'M', 43, 34, 0),
(222, 'Maëline', 'Giovannardi', NULL, 'M', 102, 92, 0),
(223, 'Jú', 'Aers', '2001-05-09', 'M', 116, 108, 0),
(224, 'Kévina', 'Lindenstrauss', '1994-03-11', 'F', 41, 284, 0),
(225, 'Yáo', 'Amery', '1988-01-28', 'M', 25, 87, 0),
(226, 'Yóu', 'Bodle', '1990-07-31', 'F', 47, 544, 0),
(227, 'Marie-josée', 'Lowne', '1951-03-30', 'M', 8, 115, 0),
(228, 'Séréna', 'Garrals', '1975-02-03', 'M', 103, 119, 0),
(229, 'Séverine', 'Grahlman', '1950-04-13', 'M', 141, 611, 0),
(230, 'Hélèna', 'Ogg', '1956-04-28', 'M', 11, 632, 0),
(231, 'Yáo', 'Franssen', '1993-03-24', 'F', 111, 187, 0),
(232, 'Dafnée', 'Kaemena', '1965-08-31', 'F', 13, 576, 0),
(233, 'Géraldine', 'Cossey', '1951-08-26', 'F', 119, 43, 0),
(234, 'Maëly', 'Cooling', '1964-01-21', 'M', 128, 326, 0),
(235, 'Aloïs', 'Hansemann', '1999-06-04', 'M', 33, 697, 0),
(236, 'Fèi', 'Voisey', '1950-01-09', 'M', 122, 494, 0),
(237, 'Dù', 'Joannet', '1976-05-07', 'F', 4, 402, 0),
(238, 'Stévina', 'Gallahar', '1964-09-03', 'M', 63, 683, 0),
(239, 'Mélinda', 'Norewood', '1972-01-04', 'F', 72, 21, 0),
(240, 'Mélinda', 'Burton', '1997-07-13', 'F', 25, 672, 0),
(241, 'Gaëlle', 'Ferronel', '1964-10-29', 'F', 102, 713, 0),
(242, 'Noémie', 'Verner', '1955-12-13', 'M', 14, 768, 0),
(243, 'Zoé', 'Bertrand', '1992-10-23', 'M', 59, 787, 0),
(244, 'Inès', 'Shillingford', '1977-05-02', 'M', 120, 300, 0),
(245, 'Eliès', 'McClenaghan', '1988-06-27', 'M', 43, 249, 0),
(246, 'Vénus', 'Simeonov', '1965-06-14', 'M', NULL, 505, 0),
(247, 'Mà', 'Corteis', '1981-05-17', 'M', 97, 639, 0),
(248, 'Stévina', 'Connell', '1990-04-21', 'M', 69, 672, 0),
(249, 'Andrée', 'Towhey', '1955-07-25', 'M', 144, 783, 0),
(250, 'Märta', 'Stocken', '2003-09-17', 'F', 31, 359, 0),
(251, 'Marie-thérèse', 'Kerswell', '1971-05-21', 'F', NULL, 616, 0),
(252, 'Magdalène', 'Popov', NULL, 'F', 87, 562, 0),
(253, 'Anaël', 'Wellard', '1981-06-01', 'F', 5, 325, 0),
(254, 'Zhì', 'Norvill', NULL, 'F', 33, 357, 0),
(255, 'Régine', 'Carlon', '1992-01-30', 'M', 19, 277, 0),
(256, 'Marie-françoise', 'Peascod', '1962-01-02', 'M', 26, 436, 0),
(257, 'Pò', 'Pallasch', '1989-06-16', 'M', 54, 408, 0),
(258, 'Lorène', 'Burnyeat', '1972-08-09', 'M', 100, NULL, 0),
(259, 'Lén', 'Gremane', '1985-07-26', 'M', 120, 368, 0),
(260, 'Maëlla', 'Holde', '1962-12-20', 'F', 71, 576, 0),
(261, 'Sélène', 'Springtorp', '1957-04-13', NULL, 145, 388, 0),
(262, 'Bérengère', 'Whyman', '1998-06-14', 'M', 105, 81, 0),
(263, 'Crééz', 'Sheed', '1964-03-31', 'M', 148, 344, 0),
(264, 'Thérèsa', 'Rohlfs', '2004-12-20', 'M', 51, 596, 0),
(265, 'Loïs', 'Tasseler', '1986-01-11', 'M', 113, 37, 0),
(266, 'Eléa', 'McDoual', '1997-12-07', 'M', 26, 236, 0),
(267, 'Görel', 'Pardew', '1966-02-10', 'M', 124, 12, 0),
(268, 'Amélie', 'Avrahamov', '1960-12-16', 'F', 70, 400, 0),
(269, 'Liè', 'Blackman', '1952-09-17', 'M', 122, 516, 0),
(270, 'Geneviève', 'Ivanchin', '1961-04-19', 'F', 64, 261, 0),
(271, 'Maëlyss', 'Stollenhof', '1999-02-28', 'F', 144, 644, 0),
(272, 'Andréa', 'Jiran', '1953-03-19', 'M', 79, 448, 0),
(273, 'Régine', 'Brunon', NULL, 'F', 29, 77, 0),
(274, 'Bécassine', 'Leadbeatter', NULL, 'M', 37, 646, 0),
(275, 'Yè', 'Cargon', '1959-04-03', 'F', 106, 333, 0),
(276, 'Rachèle', 'Le land', '1991-07-25', 'M', 141, 599, 0),
(277, 'Marie-thérèse', 'Lupton', '1956-12-07', 'M', 122, 435, 0),
(278, 'Solène', 'Heaphy', '2001-11-27', 'F', 107, 265, 0),
(279, 'Thérèsa', 'Coners', '1985-09-22', 'M', 134, 616, 0),
(280, 'Wá', 'Tatters', '1969-03-09', 'F', 58, 472, 0),
(281, 'Amélie', 'Pitchers', '1950-09-08', 'F', 44, 403, 0),
(282, 'Östen', 'Howlings', '2000-05-09', 'M', 78, 30, 0),
(283, 'Kallisté', 'Aked', '1992-12-02', 'F', 128, 100, 0),
(284, 'Börje', 'Mannock', '1951-01-19', 'F', 45, 685, 0),
(285, 'Fèi', 'Flemmich', '1987-09-14', 'M', 9, 194, 0),
(286, 'Léa', 'Kilby', '1962-05-04', 'F', 114, 42, 0),
(287, 'Ráo', 'Gower', '2003-08-07', 'F', 51, 469, 0),
(288, 'Intéressant', 'Silly', '1958-04-15', 'F', 14, 265, 0),
(289, 'Dù', 'Treven', '1999-09-27', 'M', 101, 715, 0),
(290, 'Valérie', 'Franzolini', '1964-04-11', 'F', 23, 446, 0),
(291, 'Tú', 'MacAllester', '1980-06-24', NULL, 53, 372, 0),
(292, 'Gaïa', 'Dionisetti', '1990-09-19', 'M', 145, NULL, 0),
(293, 'Börje', 'Burlay', '1968-10-08', 'M', 30, 525, 0),
(294, 'Réjane', 'Dive', '1989-04-25', 'M', 136, 291, 0),
(295, 'André', 'Dorricott', '1998-08-29', 'F', 131, 320, 0),
(296, 'Esbjörn', 'Bohje', '1954-03-06', 'M', 32, 768, 0),
(297, 'Liè', 'Treweek', '1964-09-29', 'F', 142, 685, 0),
(298, 'Dù', 'Swan', '1952-09-19', 'M', 111, 772, 0),
(299, 'Naéva', 'Juliano', '1972-09-03', 'M', 54, 111, 0),
(300, 'Pò', 'Tolle', '2001-05-11', 'M', 57, 511, 0),
(301, 'Märta', 'Jessep', '1959-10-07', 'M', 148, 226, 0),
(302, 'Mélodie', 'Marriott', '2000-10-14', 'M', 52, 654, 0),
(303, 'Célia', 'Hegley', '1967-07-01', 'M', 128, 512, 0),
(304, 'Cunégonde', 'Dinkin', '1972-09-30', 'M', 118, 457, 0),
(305, 'Valérie', 'Sivior', '2005-07-09', 'M', 10, 317, 0),
(306, 'Solène', 'Shrimplin', '1951-08-28', 'F', 39, 301, 0),
(307, 'Anaé', 'Tosney', '1962-03-26', 'M', 103, 686, 0),
(308, 'Anaël', 'Kennelly', '1967-11-26', 'M', 115, 154, 0),
(309, 'Médiamass', 'Creany', '1959-04-16', 'M', 55, 250, 0),
(310, 'Cunégonde', 'Swyn', '1969-03-11', 'M', 73, 62, 0),
(311, 'Cécilia', 'Paxeford', '1965-04-05', 'F', 95, 706, 0),
(312, 'Loïc', 'Noorwood', '1976-11-05', 'M', 38, 331, 0),
(313, 'Valérie', 'Huggan', '1953-05-18', 'M', 20, 143, 0),
(314, 'Célia', 'Olech', '1980-07-08', 'F', 116, 624, 0),
(315, 'Yóu', 'Warby', '2000-01-04', 'F', 32, 399, 0),
(316, 'Cléopatre', 'Jardein', '1953-02-03', NULL, 107, 189, 0),
(317, 'Almérinda', 'Ochiltree', '1969-04-27', 'F', 72, 198, 0),
(318, 'Audréanne', 'Soaper', NULL, 'M', 114, 530, 0),
(319, 'Cunégonde', 'McCarlie', '1965-06-18', 'M', 64, 587, 0),
(320, 'Thérèse', 'Ovenell', '1990-10-04', 'F', 120, 515, 0),
(321, 'Adélie', 'Trueman', '1969-03-12', 'F', 6, 470, 0),
(322, 'Marie-ève', 'Mariaud', NULL, 'M', 127, 418, 0),
(323, 'Crééz', 'Ireson', '1980-01-16', 'F', 75, 86, 0),
(324, 'Jú', 'Peers', '1976-08-16', 'M', 141, 778, 0),
(325, 'Maëly', 'Bysouth', '1990-01-11', 'M', 55, 799, 0),
(326, 'Kuí', 'Clendinning', '1966-07-19', 'M', 30, 371, 0),
(327, 'Mahélie', 'Whitemarsh', '2003-09-18', 'M', 66, 505, 0),
(328, 'Marie-hélène', 'Rolls', '1956-05-21', 'F', 42, 110, 0),
(329, 'Amélie', 'Rowlands', '1958-05-27', 'M', 4, 2, 0),
(330, 'Mélys', 'Hestrop', '1959-08-26', 'M', 21, 367, 0),
(331, 'Åke', 'Spendlove', '1991-07-27', 'F', 102, 541, 0),
(332, 'Esbjörn', 'Syrie', '1956-11-21', 'F', 53, 96, 0),
(333, 'Maëly', 'Crady', '1958-06-13', 'F', 38, 268, 0),
(334, 'Ruò', 'Klein', '1989-06-08', 'F', 93, 122, 0),
(335, 'Néhémie', 'Stewartson', '1993-05-22', 'F', 72, 479, 0),
(336, 'Lauréna', 'Battill', '1979-06-16', 'M', 42, 153, 0),
(337, 'Annotée', 'Babbe', '1954-07-26', 'F', 103, 66, 0),
(338, 'Göran', 'Pountain', '2000-05-14', 'F', 65, NULL, 0),
(339, 'Mélinda', 'Butte', '1953-02-24', 'F', 108, 49, 0),
(340, 'Magdalène', 'Chancelier', '1978-09-25', 'F', 126, 588, 0),
(341, 'Mahélie', 'Dillistone', '1998-08-21', 'M', 63, 229, 0),
(342, 'Danièle', 'Dicken', NULL, 'F', 79, 71, 0),
(343, 'Uò', 'Coulthard', '1963-06-22', 'M', 45, 662, 0),
(344, 'Marie-thérèse', 'Saltmarsh', '1998-09-15', 'F', 130, 795, 0),
(345, 'Maëlys', 'Bulteel', '1992-07-01', 'M', 64, 669, 0),
(346, 'Eléonore', 'Coombe', '1980-06-03', 'M', 37, NULL, 0),
(347, 'Sòng', 'Plumridege', '1954-08-22', 'F', 50, 18, 0),
(348, 'Göran', 'Antosik', '2001-08-06', 'M', 27, 476, 0),
(349, 'Miléna', 'Rubberts', '1968-04-07', 'F', 139, 274, 0),
(350, 'Björn', 'Lipp', '1961-01-11', 'M', 129, NULL, 1),
(351, 'Bénédicte', 'Venners', '1986-02-10', 'M', 90, 636, 0),
(352, 'Cunégonde', 'Coldham', '1976-12-09', 'M', 101, 131, 0),
(353, 'Åslög', 'Glave', '1997-11-14', 'F', 118, 454, 0),
(354, 'Lucrèce', 'Wakefield', '1965-10-27', 'F', 4, 332, 0),
(355, 'Clémence', 'Saddington', '1982-10-22', 'F', 141, 307, 0),
(356, 'Océane', 'Cumberpatch', '1997-08-01', 'F', 20, 214, 0),
(357, 'Méng', 'Eagling', '1958-06-03', 'M', 47, 487, 0),
(358, 'Maïwenn', 'Geraldi', '1959-12-18', 'F', 37, 11, 0),
(359, 'André', 'Hansman', '1979-01-10', 'M', 78, 476, 0),
(360, 'Torbjörn', 'Stuckey', '1954-06-15', 'F', 42, 240, 0),
(361, 'Adèle', 'Androck', '1969-03-09', 'F', 85, 496, 0),
(362, 'Uò', 'Baruch', '1980-06-24', 'F', 118, 331, 0),
(363, 'Aurélie', 'Ullyott', '2005-05-20', 'F', 11, 708, 0),
(364, 'Valérie', 'Larter', '1983-10-29', 'M', 74, 163, 0),
(365, 'Inès', 'Davidescu', '1983-06-17', 'M', 37, 338, 0),
(366, 'Laïla', 'Ennever', '1967-07-07', 'M', 112, 361, 0),
(367, 'Rébecca', 'Crossfeld', '2001-11-03', 'F', 86, 533, 0),
(368, 'Yè', 'Nevinson', '1956-12-09', 'F', 114, 230, 0),
(369, 'Sélène', 'Wybrow', '1966-01-14', 'M', 152, 604, 0),
(370, 'Inès', 'Casarino', '1974-11-23', 'M', 30, 62, 0),
(371, 'Nélie', 'Crafts', '1979-11-22', 'F', 137, 445, 0),
(372, 'Adélaïde', 'Chown', '1997-08-03', 'F', 51, 547, 0),
(373, 'Mà', 'Walburn', '1975-04-15', 'F', 23, 282, 0),
(374, 'Méryl', 'Hummerston', '1957-08-27', 'F', 6, 761, 0),
(375, 'Geneviève', 'Guiraud', '1957-05-13', 'F', 29, 120, 0),
(376, 'Ophélie', 'Harcombe', '1974-11-20', 'M', 8, NULL, 1),
(377, 'Mégane', 'Helliker', '1978-04-23', 'F', 6, 138, 0),
(378, 'Kallisté', 'Austen', '1959-02-16', 'F', 141, 583, 0),
(379, 'Léandre', 'Warcop', '1954-10-31', 'F', 119, 147, 0),
(380, 'Sélène', 'Climar', '1996-10-31', 'F', 115, 383, 0),
(381, 'Anaël', 'Bordone', '1975-09-05', 'M', 19, 112, 0),
(382, 'Aloïs', 'Yole', '1975-07-21', 'M', 103, 226, 0),
(383, 'Maïté', 'Stormouth', '1988-12-03', 'F', 26, 500, 0),
(384, 'Laurélie', 'O\'Teague', '1954-07-27', 'F', 73, 383, 0),
(385, 'Yénora', 'Corrao', '1990-10-14', 'M', 109, 613, 0),
(386, 'Marie-ève', 'Fawssett', '1963-08-07', 'F', 6, 542, 0),
(387, 'Kévina', 'Le Monnier', '1992-08-18', 'M', 104, 680, 0),
(388, 'Chloé', 'Kivelle', '1968-10-30', 'M', 23, 97, 0),
(389, 'Noëlla', 'Donovin', '1979-08-07', 'F', 23, 741, 0),
(390, 'Camélia', 'Georgiev', '1961-11-28', 'M', 20, 395, 0),
(391, 'Maëlyss', 'Mangenot', '1950-02-10', 'M', 58, 406, 0),
(392, 'Méghane', 'Fayerman', '1966-03-09', 'F', 68, 795, 0),
(393, 'Salomé', 'Aicken', NULL, 'F', 38, 462, 0),
(394, 'Hélène', 'Childes', '1966-06-15', 'M', 130, 203, 0),
(395, 'Liè', 'Dufton', '1975-06-13', 'F', 33, 395, 0),
(396, 'Personnalisée', 'O\'dell', '2001-02-14', 'M', 111, 309, 0),
(397, 'Michèle', 'Morley', '2001-11-02', 'M', 106, 298, 0),
(398, 'Bécassine', 'Joselson', '1991-05-20', 'F', 66, 430, 0),
(399, 'Crééz', 'Swanson', '1964-07-17', 'M', 114, 160, 0),
(400, 'Marylène', 'Geldart', '1989-03-11', 'F', 45, 447, 0),
(401, 'Esbjörn', 'Lundbech', '1969-03-26', 'M', 65, 682, 0),
(402, 'Maëlla', 'Hanbridge', '1963-03-04', 'F', 92, 1, 0),
(403, 'Méryl', 'Paffley', '1968-02-01', 'M', 119, 688, 0),
(404, 'Solène', 'McMaster', '2001-03-09', 'M', 84, 709, 0),
(405, 'Cinéma', 'Iorio', '2001-04-21', 'M', 96, 438, 0),
(406, 'Cécile', 'Bliben', '1973-01-21', 'M', 99, 393, 0),
(407, 'Kù', 'Ruff', '1955-09-04', NULL, 103, 196, 0),
(408, 'Maïlis', 'Beazley', '1998-08-24', 'F', 92, 598, 0),
(409, 'Desirée', 'Gutteridge', '1970-04-13', 'M', 64, 698, 0),
(410, 'Léane', 'Hulmes', '1961-07-09', NULL, 120, 663, 0),
(411, 'Erwéi', 'Lathee', '1954-01-16', 'M', 149, 297, 0),
(412, 'Nadège', 'Dillet', '1992-08-20', 'M', 61, 133, 0),
(413, 'Aí', 'Malbon', '1994-12-02', 'F', 28, 42, 0),
(414, 'Almérinda', 'Lively', '1976-12-07', 'F', 8, 450, 0),
(415, 'Aí', 'Eady', '1999-05-19', 'M', 32, 124, 0),
(416, 'Lèi', 'Llewelyn', '1955-10-30', 'M', 106, 190, 0),
(417, 'Mélia', 'Bloy', NULL, 'M', 80, 593, 0),
(418, 'Renée', 'Scantlebury', '1982-06-23', 'M', 76, 131, 0),
(419, 'Léonore', 'Fumagalli', '1978-01-16', 'M', 146, 778, 0),
(420, 'Ráo', 'Checo', NULL, 'F', 147, 41, 0),
(421, 'Maëly', 'Lightbody', NULL, 'M', 133, 474, 0),
(422, 'Danièle', 'Northeast', '1956-04-18', 'M', 144, 715, 0),
(423, 'Lauréna', 'Grievson', '1982-08-11', 'M', NULL, 249, 0),
(424, 'Måns', 'Kyrkeman', '1969-10-31', 'F', 28, 326, 0),
(425, 'Ruò', 'Rumke', '1975-05-13', 'M', 133, 23, 0),
(426, 'Célia', 'Tams', '1984-01-20', 'M', 28, 590, 0),
(427, 'Stéphanie', 'Melby', '1961-01-01', 'F', 138, 783, 0),
(428, 'Maëlla', 'Karolovsky', '1973-02-27', 'F', NULL, 583, 0),
(429, 'Marie-hélène', 'Scrine', '1971-12-17', 'F', 47, 518, 0),
(430, 'Camélia', 'Ottewell', '1983-11-04', 'M', 20, 747, 0),
(431, 'Björn', 'Hawksby', '1980-08-04', 'F', 119, 76, 0),
(432, 'Pénélope', 'Baton', '1986-10-04', 'M', NULL, 303, 0),
(433, 'Médiamass', 'Castaneda', '1964-04-24', 'F', 153, 530, 0),
(434, 'Åke', 'Gostick', '1991-10-24', 'F', NULL, 189, 0),
(435, 'Pénélope', 'Redmell', '1964-01-19', 'F', 87, 415, 0),
(436, 'Audréanne', 'Hansed', '1960-01-20', 'M', 53, 450, 0),
(437, 'Méline', 'Mayte', '1979-10-13', 'M', 25, 557, 0),
(438, 'Maëlla', 'Presdee', '1990-10-06', 'F', 15, 726, 0),
(439, 'Estève', 'Hulance', '2005-11-24', 'M', 142, 241, 0),
(440, 'Yóu', 'McLurg', '1982-03-18', 'M', NULL, 380, 0),
(441, 'Maïlis', 'Daniellot', '1989-11-03', 'F', 110, 203, 0),
(442, 'Océane', 'Kneller', '1965-04-28', 'M', 120, 135, 0),
(443, 'Laurène', 'But', '1990-10-26', 'F', 63, 31, 0),
(444, 'Mårten', 'Kording', '1959-11-01', 'F', NULL, 418, 0),
(445, 'Stéphanie', 'Eger', '1957-08-04', 'M', 58, 395, 0),
(446, 'Salomé', 'Wyett', '1995-08-27', 'M', 28, 305, 0),
(447, 'Hélèna', 'Winkle', '1950-08-06', 'M', 9, NULL, 1),
(448, 'Ráo', 'Bannell', '1969-05-08', 'F', 15, 23, 0),
(449, 'Cécilia', 'Brick', '1992-05-12', 'M', 48, 525, 0),
(450, 'Uò', 'Dunbobin', '1969-11-10', 'F', 129, 323, 0),
(451, 'Liè', 'Ramel', '1994-04-26', 'M', 1, 514, 0),
(452, 'Joséphine', 'Halsall', '1996-12-24', 'M', 129, 101, 0),
(453, 'Wá', 'McGrirl', '1970-11-16', 'F', 10, 571, 0),
(454, 'Océanne', 'Fawks', '1958-09-06', 'F', 118, 362, 0),
(455, 'Adèle', 'Kirke', '1966-05-02', 'M', 131, 776, 0),
(456, 'Maëlla', 'Mantz', '2000-10-12', 'M', 102, 104, 0),
(457, 'Zoé', 'Whatling', '1959-07-27', 'M', 103, 13, 0),
(458, 'Inès', 'Gabey', '2004-03-10', 'F', 90, 350, 0),
(459, 'Sélène', 'Fawssett', '1992-08-20', 'M', NULL, 664, 0),
(460, 'Zhì', 'Pring', '1953-09-28', 'M', 62, 780, 0),
(461, 'Lèi', 'Izon', '1956-07-26', 'F', 151, 43, 0),
(462, 'Cinéma', 'Dowker', '1979-03-11', 'M', 101, 754, 0),
(463, 'Lorène', 'Antley', '1954-09-14', 'M', 93, 88, 0),
(464, 'Marie-hélène', 'Cruddas', '1989-06-29', 'M', 125, 494, 0),
(465, 'Tú', 'Hadwin', '1950-08-01', 'F', 14, 644, 0),
(466, 'Maëlann', 'Coole', '1958-12-29', 'F', 136, 264, 0),
(467, 'Judicaël', 'Gifkins', '1991-05-26', 'F', 78, 570, 0),
(468, 'Mén', 'Fearneley', '2002-02-24', 'M', 97, 748, 0),
(469, 'Mélinda', 'Saiz', '1956-07-14', 'M', 94, 10, 0),
(470, 'Adélaïde', 'Jagels', '1982-11-22', 'M', 84, 329, 0),
(471, 'Anaël', 'Vanner', '1955-11-23', 'M', 78, 318, 0),
(472, 'Adélaïde', 'Kield', '1957-04-08', 'F', 12, 129, 0),
(473, 'Uò', 'Shuttell', '1995-09-15', 'M', 137, 708, 0),
(474, 'Maëlyss', 'Alday', NULL, 'M', 149, 735, 0),
(475, 'Publicité', 'Alliston', '1997-03-17', 'F', 75, 283, 0),
(476, 'Maéna', 'Longstaffe', '1953-05-03', 'M', 103, 406, 0),
(477, 'Eliès', 'Yarnley', '1978-10-21', 'M', 99, 321, 0),
(478, 'Mégane', 'MacMichael', '1978-06-07', 'M', 92, 234, 0),
(479, 'Clémentine', 'Johannes', '1994-07-21', 'M', 51, 284, 0),
(480, 'Lén', 'Flaonier', NULL, 'M', 118, 450, 0),
(481, 'Pénélope', 'Roan', '1976-07-31', 'F', 1, 76, 0),
(482, 'Nadège', 'Fitzsimmons', '1980-09-10', 'M', 123, 223, 0),
(483, 'Mén', 'Windibank', '1976-07-07', 'F', 43, 378, 0),
(484, 'Maïwenn', 'Lalley', '1998-05-23', NULL, 22, 306, 0),
(485, 'Amélie', 'Vakhrushev', '2000-03-03', 'F', 119, 781, 0),
(486, 'Valérie', 'Kingsbury', '1996-04-26', 'M', NULL, 196, 0),
(487, 'Estée', 'Dangerfield', '1968-12-02', 'F', 152, 115, 0),
(488, 'Vérane', 'Sedgeman', '2003-11-22', 'F', 34, 750, 0),
(489, 'Simplifiés', 'Mourton', '1950-11-09', 'M', 108, 264, 0),
(490, 'Ruò', 'Yantsev', '1974-05-19', 'F', 42, 319, 0),
(491, 'Léonie', 'Olney', '1993-07-18', 'F', 98, 542, 0),
(492, 'Mélodie', 'Parell', '1961-06-05', 'F', 37, 510, 0),
(493, 'Yóu', 'Copcutt', '1980-07-21', 'M', 53, 462, 0),
(494, 'Yú', 'Marder', NULL, 'F', 111, 720, 0),
(495, 'Cléopatre', 'Turfin', '1996-08-11', 'M', 106, 518, 0),
(496, 'Mylène', 'Kitto', '1958-10-27', 'F', 82, 434, 0),
(497, 'Mélinda', 'Duckwith', '1984-07-21', 'M', 30, 556, 0),
(498, 'Cléa', 'Baumler', '1976-07-23', 'M', 36, 94, 0),
(499, 'Léa', 'Sleightholme', '1955-04-11', NULL, 11, 496, 0),
(500, 'Maëline', 'Baudy', '1996-08-04', 'F', 2, 797, 0),
(501, 'Cécilia', 'Dance', '1994-09-04', 'M', 10, 164, 0),
(502, 'Mén', 'Shills', '1961-08-29', 'M', 84, 192, 0),
(503, 'Annotés', 'Briand', '1968-06-18', 'M', 138, 196, 0),
(504, 'Uò', 'Mattiussi', '1976-02-16', 'M', 121, 547, 0),
(505, 'Dà', 'Jaggar', '1973-01-06', 'F', 100, 311, 0),
(506, 'Estève', 'Petherick', '1982-03-09', 'M', 48, 106, 0),
(507, 'Méghane', 'Craik', '1999-06-18', 'M', 58, 89, 0),
(508, 'Cléopatre', 'Hassard', '1976-12-09', 'M', 119, 381, 0),
(509, 'Hélène', 'Oakey', NULL, 'F', NULL, 124, 0),
(510, 'Mélanie', 'Archbold', '1963-08-22', 'M', 87, 309, 0),
(511, 'Frédérique', 'Matiashvili', '2001-05-28', 'F', 5, 246, 0),
(512, 'Mélodie', 'Schulz', '1991-04-27', 'M', 10, 244, 0),
(513, 'Desirée', 'McAuliffe', NULL, 'F', 116, 62, 0),
(514, 'Clélia', 'Habens', '1969-04-02', 'F', 143, 82, 0),
(515, 'Irène', 'Massimi', '1975-06-10', 'F', 79, 278, 0),
(516, 'Noémie', 'Pitcher', '1999-03-13', 'F', 49, 122, 0),
(517, 'Ráo', 'Pitkins', '1985-06-09', 'F', 70, 787, 0),
(518, 'Marie-noël', 'Vaadeland', '1962-09-08', 'M', NULL, 53, 0),
(519, 'Kù', 'McClymond', '1991-06-14', 'M', 14, 444, 0),
(520, 'Célestine', 'Ozintsev', '1988-04-01', 'M', 15, 218, 0),
(521, 'Simplifiés', 'Arguile', '1996-07-23', 'F', 123, 780, 0),
(522, 'Aí', 'Bernade', '1969-12-16', 'M', 139, 480, 0),
(523, 'Marie-thérèse', 'McVeagh', '1984-12-23', 'M', 83, 424, 0),
(524, 'Intéressant', 'Vigne', '1958-11-25', 'F', 142, 666, 0),
(525, 'Märta', 'Andrag', '1952-04-26', 'M', 43, 656, 0),
(526, 'Vérane', 'Veldman', '1994-05-01', 'F', 7, 348, 0),
(527, 'Yénora', 'Woodcock', '1991-11-18', 'F', 141, 483, 0),
(528, 'Mégane', 'Couser', '1967-05-03', 'M', 91, 318, 0),
(529, 'Véronique', 'Cantos', '1991-12-09', 'F', 123, 628, 0),
(530, 'Håkan', 'Tye', '1952-10-10', 'F', NULL, 391, 0),
(531, 'Torbjörn', 'St. Paul', '2005-06-20', 'M', 109, 746, 0),
(532, 'Estève', 'Candie', '2003-11-03', 'F', 109, NULL, 0),
(533, 'Aimée', 'Barense', '2005-08-08', 'M', 77, 267, 0),
(534, 'Séverine', 'Snodin', '1979-09-23', 'F', 89, 155, 0),
(535, 'Sélène', 'Ducker', '1981-04-10', 'M', 17, 396, 0),
(536, 'Liè', 'Kleiser', '1985-01-06', 'M', 57, 607, 0),
(537, 'Céline', 'Rootes', '1979-04-27', 'M', 128, 584, 0),
(538, 'Börje', 'Jeggo', '1959-02-01', 'M', 69, 698, 0),
(539, 'Béatrice', 'Huton', '1976-01-21', 'F', 150, 129, 0),
(540, 'Maïté', 'Birkmyr', '1981-03-26', 'M', 23, 434, 0),
(541, 'Geneviève', 'Jantet', '1974-08-13', 'M', 71, 630, 0),
(542, 'Cloé', 'Scholte', '1953-04-08', 'M', 62, 676, 0),
(543, 'Rébecca', 'Acom', '1989-01-02', 'M', 45, 310, 0),
(544, 'Kù', 'O\'Lunny', '1989-12-18', 'F', 66, 752, 0),
(545, 'Maïté', 'Perazzo', NULL, 'M', 8, 338, 0),
(546, 'Östen', 'Stoyle', '1997-02-08', 'F', 75, NULL, 0),
(547, 'Wá', 'Ledrun', '1994-12-04', 'M', 62, NULL, 0),
(548, 'Bérangère', 'Kimberly', '1969-01-05', 'M', 116, NULL, 0),
(549, 'Méryl', 'Mangion', '2006-02-25', 'F', 131, NULL, 0),
(550, 'Esbjörn', 'Scaplehorn', NULL, 'F', 150, 512, 0),
(551, 'Rachèle', 'Feilden', '1980-06-10', 'M', 63, 64, 0),
(552, 'Célestine', 'Preist', '1970-11-06', 'F', 28, 398, 0),
(553, 'Lucrèce', 'Cholonin', '1978-11-11', 'F', 56, 519, 0),
(554, 'Personnalisée', 'Dumbare', '1996-07-27', 'F', 125, 161, 0),
(555, 'Maëlann', 'Dixey', '2005-09-05', 'F', 71, 174, 0),
(556, 'Joséphine', 'Borrett', '1970-07-02', 'M', 7, 603, 0),
(557, 'Athéna', 'Karpychev', '1980-10-02', 'M', 34, 256, 0),
(558, 'Desirée', 'Carnall', '1977-05-01', 'F', 117, 120, 0),
(559, 'Miléna', 'Loren', '1986-10-13', 'M', 48, 616, 0),
(560, 'Réservés', 'Heinzler', '1998-08-08', 'M', 18, 211, 0),
(561, 'Zhì', 'Poll', '1981-11-07', 'F', 121, 548, 0),
(562, 'Béatrice', 'Maddigan', '1966-01-19', NULL, 100, 162, 0),
(563, 'Célestine', 'Rilston', '1952-02-08', 'F', 95, NULL, 0),
(564, 'Mélys', 'Orneles', '1976-10-17', 'F', 53, 69, 0),
(565, 'Dafnée', 'Hurch', '2003-11-28', 'F', 14, 221, 0),
(566, 'Dù', 'Ornells', NULL, 'F', 83, 402, 0),
(567, 'Maéna', 'Acutt', '1982-02-08', 'F', NULL, 712, 0),
(568, 'Séverine', 'Howsin', '1958-02-13', 'M', 68, 187, 0),
(569, 'Vérane', 'Basini-Gazzi', '1990-12-09', 'M', 92, 103, 0),
(570, 'Léa', 'Cossins', '1950-04-01', 'F', 39, 329, 0),
(571, 'Torbjörn', 'Deane', '1979-10-16', 'M', 76, 120, 0),
(572, 'Camélia', 'Teale', '1968-07-08', 'M', 23, 242, 0),
(573, 'Jú', 'Treadaway', NULL, 'M', 92, 305, 0),
(574, 'Renée', 'Franchi', '1992-03-11', 'M', NULL, 690, 0),
(575, 'Léana', 'Syrett', '1981-01-28', 'F', 100, 481, 0),
(576, 'Aimée', 'Gissing', '1984-05-15', 'F', 86, 740, 0),
(577, 'Véronique', 'Greneham', '1990-02-05', 'F', 119, 154, 0),
(578, 'Véronique', 'Elnaugh', '1979-04-11', 'M', 38, 589, 0),
(579, 'Maïlys', 'Janek', '1993-08-10', 'M', 83, 776, 0),
(580, 'Eliès', 'Zipsell', '1954-09-06', 'M', 71, NULL, 1),
(581, 'Åsa', 'Perris', NULL, 'M', 79, 124, 0),
(582, 'Pò', 'Hanney', '1953-03-28', 'M', 19, 480, 0),
(583, 'Erwéi', 'Bodocs', '1968-06-23', NULL, 3, 778, 0),
(584, 'Renée', 'Greenshiels', '1981-11-24', 'F', 117, 633, 0),
(585, 'Vénus', 'Jzak', '1978-04-19', 'M', 145, 224, 0),
(586, 'Geneviève', 'Mabb', '1986-05-26', 'M', 86, 98, 0),
(587, 'Cécile', 'Briance', '1991-05-11', 'M', 140, 161, 0),
(588, 'Ruì', 'Reast', '1972-10-01', 'F', 149, 377, 0),
(589, 'Naéva', 'Rutherford', '2001-11-24', 'M', 55, 181, 0),
(590, 'Clémence', 'Larman', '1975-03-19', 'M', 126, 395, 0),
(591, 'Eugénie', 'Claxson', '1971-11-07', 'F', 140, 19, 0),
(592, 'Maëlyss', 'Melior', '2001-01-28', 'F', 16, 246, 0),
(593, 'Lén', 'Lafferty', '1990-10-25', 'M', 57, 190, 0),
(594, 'Lén', 'Poles', '1963-06-24', 'F', 125, 717, 0),
(595, 'André', 'Lamonby', '1976-09-20', 'M', 102, 150, 0),
(596, 'Noëlla', 'Plumptre', '1966-01-01', 'F', 35, 204, 0),
(597, 'Geneviève', 'Rosenauer', '1959-12-26', 'M', 54, 60, 0),
(598, 'Gaétane', 'Boumphrey', '2002-10-28', 'F', 23, 16, 0),
(599, 'Crééz', 'Tunder', '1995-04-13', 'F', 23, 224, 0),
(600, 'Åslög', 'Lathwell', '1982-11-23', 'F', 94, 61, 0),
(601, 'Desirée', 'Solly', '2004-07-23', 'M', 96, 657, 0),
(602, 'Åsa', 'Domenget', '1968-02-12', 'M', 117, 105, 0),
(603, 'Maéna', 'Clay', '1953-07-11', 'M', 29, 247, 0),
(604, 'Véronique', 'Carlick', '2005-06-30', 'F', 143, 582, 0),
(605, 'Réservés', 'Claeskens', '1981-07-07', 'M', 136, 300, 0),
(606, 'Frédérique', 'Gibard', '1986-07-14', 'M', 95, 404, 0),
(607, 'Océanne', 'Lovelace', '1966-09-29', 'M', 31, 298, 0),
(608, 'Alizée', 'Grzelczyk', '1998-02-05', 'M', NULL, 678, 0),
(609, 'Adèle', 'Malcolm', '1966-03-13', 'M', 73, 602, 0),
(610, 'Yóu', 'Kubelka', '1984-12-17', 'F', 80, 632, 0),
(611, 'Marylène', 'Wybron', '1994-12-11', 'F', 146, 295, 0),
(612, 'Uò', 'Gallardo', NULL, 'M', 104, 276, 0),
(613, 'Béatrice', 'Belmont', '1979-07-07', 'M', 35, 790, 0),
(614, 'Maëlys', 'Perks', '1987-04-09', 'F', 67, 147, 0),
(615, 'Joséphine', 'Gouck', '1983-07-31', 'M', 15, 687, 0),
(616, 'Laïla', 'Welbelove', '1967-09-28', 'F', 53, 271, 0),
(617, 'Séverine', 'Kendall', '1956-07-21', 'F', 131, 756, 0),
(618, 'Garçon', 'Gravells', NULL, 'F', 52, 418, 0),
(619, 'Marie-thérèse', 'Reckhouse', '1978-10-23', 'F', 150, 754, 0),
(620, 'Eléa', 'Triggel', '1993-07-20', 'M', 94, 583, 0),
(621, 'Mén', 'Fellnee', NULL, 'F', 140, 635, 0),
(622, 'Mélys', 'O\'Sesnane', '1955-06-30', 'M', 146, 350, 0),
(623, 'Simplifiés', 'Ellwood', NULL, 'F', 98, 1, 0),
(624, 'Yè', 'Patkin', '1993-12-04', 'F', 125, 574, 0),
(625, 'Wá', 'Razoux', '2003-06-30', 'M', 122, 649, 0),
(626, 'Léonie', 'Guice', '1974-01-03', 'M', 116, 232, 0),
(627, 'Ráo', 'Brehault', '2002-05-13', 'M', 89, 196, 0),
(628, 'Marie-françoise', 'Leadbeatter', '1980-08-26', 'M', 153, 451, 0),
(629, 'Hélène', 'McQuaide', '1996-04-12', 'M', 46, 26, 0),
(630, 'Andrée', 'Sunshine', '1972-10-12', 'M', NULL, 391, 0),
(631, 'Maëly', 'Lundon', '1986-12-09', 'M', 76, 719, 0),
(632, 'Laïla', 'Narramore', '1979-05-04', 'F', 34, 222, 0),
(633, 'Pélagie', 'Jarrard', '1979-08-31', 'M', 146, 348, 0),
(634, 'Cinéma', 'Ibell', '1991-09-28', 'M', 14, 410, 0),
(635, 'Göran', 'Jeanesson', '2001-04-14', 'M', 103, 559, 0),
(636, 'Maïté', 'Billingsly', '2002-12-05', 'F', 126, 670, 0),
(637, 'Håkan', 'Duplock', '1969-12-14', 'M', 28, 105, 0),
(638, 'Lén', 'O\'Glessane', '1991-02-11', 'F', 36, 403, 0),
(639, 'Danièle', 'Bland', '1976-03-04', 'M', 61, 215, 0),
(640, 'Maïlis', 'Willerstone', '1971-12-24', 'M', 69, 310, 0),
(641, 'Edmée', 'Cantwell', '1989-11-22', 'M', 26, 597, 0),
(642, 'Åslög', 'Berling', '1974-03-02', 'F', 6, 331, 0),
(643, 'Tú', 'Parrott', '1987-03-21', 'M', 108, 703, 0),
(644, 'Célia', 'Stenners', '2004-02-20', 'M', 10, 606, 0),
(645, 'Marie-françoise', 'Hadwen', '1981-02-23', 'F', 145, NULL, 0),
(646, 'Lucrèce', 'Dolby', '1968-02-06', 'M', 10, NULL, 0),
(647, 'Néhémie', 'McBoyle', '1972-04-23', 'F', 92, 637, 0),
(648, 'Maëlle', 'Friatt', '1981-09-06', 'M', 144, 207, 0),
(649, 'Miléna', 'Colombier', '1964-11-11', 'F', 58, 55, 0),
(650, 'Françoise', 'Seebright', '1957-12-14', 'F', 2, 261, 0),
(651, 'Géraldine', 'O\'Mullaney', '1966-06-03', 'M', 113, 347, 0),
(652, 'Adélaïde', 'Hayworth', '1969-04-05', 'M', 49, 276, 0),
(653, 'Léana', 'Mordecai', '1957-05-02', 'F', 103, 280, 0),
(654, 'Kévina', 'Broadist', '1962-01-29', 'M', 81, 23, 0),
(655, 'Maëlann', 'Cotherill', '2004-06-14', 'F', 33, 438, 0),
(656, 'Célia', 'Polk', '1982-10-04', 'M', 13, 479, 0),
(657, 'Mélanie', 'Frichley', '1970-06-18', 'M', 111, 487, 0),
(658, 'Méng', 'Korfmann', '1951-10-08', 'F', 138, 141, 0),
(659, 'Chloé', 'Klimecki', '1996-07-30', 'F', 67, 213, 0),
(660, 'Liè', 'Gohier', '1956-11-19', 'M', 139, 381, 0),
(661, 'Aí', 'Sommerton', '1985-11-17', 'M', 33, 794, 0),
(662, 'Lén', 'Heartfield', '1969-04-21', 'M', 40, 585, 0),
(663, 'Judicaël', 'Blinerman', '1995-01-23', 'F', 107, 362, 0),
(664, 'Valérie', 'Shoubridge', '1997-01-07', 'M', 49, 323, 0),
(665, 'Eliès', 'Roussell', '1963-01-01', 'M', 34, 88, 0),
(666, 'Ophélie', 'Hullins', '1955-04-10', 'M', 115, 29, 0),
(667, 'Lorène', 'Volleth', '1976-12-30', 'F', 46, 152, 0),
(668, 'Angèle', 'Tigwell', '1985-06-03', 'F', 75, 28, 0),
(669, 'Vénus', 'Ginnety', '1978-12-12', 'M', 76, 508, 0),
(670, 'Maïlys', 'Semken', '1954-11-21', 'F', 60, 316, 0),
(671, 'Andréanne', 'Figliovanni', '1984-05-31', 'M', 116, 475, 0),
(672, 'Maëlyss', 'Avrahamy', '1963-10-13', 'F', 74, 227, 0),
(673, 'André', 'Addenbrooke', '1977-08-09', 'M', NULL, 277, 0),
(674, 'Anaïs', 'Auguste', '1965-07-23', 'F', 65, 559, 0),
(675, 'Réjane', 'Pavese', '1965-06-28', 'M', 151, 478, 0),
(676, 'Bérangère', 'Blew', '2002-10-04', 'F', 39, 440, 0),
(677, 'Géraldine', 'Lillyman', NULL, 'M', 66, 148, 0),
(678, 'Josée', 'Brunini', '1969-05-29', 'F', 50, 737, 0),
(679, 'Maëlle', 'Droghan', '1959-09-29', 'F', 115, 635, 0),
(680, 'Estée', 'Clive', '1999-10-19', 'F', 72, 352, 0),
(681, 'Maëly', 'Titcom', '1992-10-07', 'M', 134, 66, 0),
(682, 'Loïc', 'Pallister', '1971-10-19', 'F', 109, 398, 0),
(683, 'Loïs', 'Linskey', '2004-11-26', 'F', NULL, 277, 0),
(684, 'Gérald', 'Algate', '1990-05-28', 'M', 129, 150, 0),
(685, 'Marie-ève', 'Secrett', '1956-08-18', 'F', 49, 118, 0),
(686, 'Maïwenn', 'Gainor', '2001-08-30', 'M', 99, 470, 0),
(687, 'Gaétane', 'Molloy', NULL, 'M', 24, 165, 0),
(688, 'Naëlle', 'Matelyunas', '1960-07-09', 'F', 26, 315, 0),
(689, 'Eléa', 'Shackleton', '1967-05-04', 'M', 33, 751, 0),
(690, 'Naëlle', 'Dominey', '1957-02-13', 'M', 1, 110, 0),
(691, 'Aurélie', 'Linscott', '1969-12-30', 'M', 92, 270, 0),
(692, 'Anaël', 'Wipper', '1950-06-14', 'M', 110, 569, 0),
(693, 'Célia', 'Somerset', '1977-05-08', 'F', 139, 39, 0),
(694, 'Zoé', 'Morena', '1980-02-05', NULL, 90, 403, 0),
(695, 'Aurélie', 'MacGillicuddy', NULL, 'M', 137, 321, 0),
(696, 'Naéva', 'Wimpress', '1983-11-29', 'F', 148, 698, 0),
(697, 'Adèle', 'Capnerhurst', '1958-11-29', 'M', 76, 476, 0),
(698, 'Illustrée', 'Andrew', '1986-01-02', 'M', 66, 393, 0),
(699, 'Chloé', 'Ruggier', '2003-03-05', 'M', 138, 375, 0),
(700, 'Océane', 'Eric', '1976-02-17', 'F', 128, 228, 0),
(701, 'Gösta', 'Sturte', '1957-02-21', 'F', 3, 25, 0),
(702, 'Intéressant', 'Skillern', '1954-05-29', 'F', 55, 687, 0),
(703, 'Méryl', 'Glading', '2002-09-05', 'F', 87, 626, 0),
(704, 'Marie-françoise', 'Jimpson', '1954-02-20', 'M', 1, 39, 0),
(705, 'Stévina', 'Aubrey', '1983-11-01', 'M', 33, 776, 0),
(706, 'Styrbjörn', 'Stittle', '1958-10-12', 'F', 149, 608, 0),
(707, 'Liè', 'Sporgeon', '1950-02-02', 'F', NULL, 360, 0),
(708, 'Anaël', 'Gabe', '1975-12-18', 'F', 58, 426, 0),
(709, 'Maï', 'Pohlke', NULL, 'F', 147, 373, 0),
(710, 'Estève', 'Juszczyk', '1976-06-22', 'M', 144, 367, 0),
(711, 'Börje', 'Leppard', '1969-01-20', 'F', 36, 462, 0),
(712, 'Gisèle', 'Frankton', '1980-08-15', 'M', 41, 253, 0),
(713, 'Mén', 'Portman', '1968-04-30', 'M', 140, 478, 0),
(714, 'Liè', 'Cantle', '1961-11-02', 'F', 69, 537, 0),
(715, 'Stévina', 'Scutts', NULL, 'F', 104, 475, 0),
(716, 'Gaétane', 'Stiebler', NULL, 'F', 13, 126, 0),
(717, 'Adélie', 'Frickey', '1954-05-17', 'F', 22, 769, 0),
(718, 'Félicie', 'Coultard', '1972-04-12', 'M', 56, 573, 0),
(719, 'Anaé', 'Bonsul', '1976-10-05', 'M', 106, 473, 0),
(720, 'Mén', 'Howatt', NULL, 'F', 91, 538, 0),
(721, 'Cunégonde', 'Scoble', '1957-08-17', 'M', 126, 36, 0),
(722, 'Ráo', 'Seakin', '1971-09-08', 'F', 85, 622, 0),
(723, 'Adélaïde', 'Kumar', '2000-05-21', 'F', 63, 602, 0),
(724, 'Pénélope', 'Fewtrell', '1974-07-06', 'F', 145, 323, 0),
(725, 'Léa', 'Doodson', '1983-02-23', 'M', 83, 472, 0),
(726, 'Miléna', 'Jacquot', '1969-05-16', 'F', 21, 204, 0),
(727, 'Béatrice', 'Ashpital', '1999-04-14', 'M', 100, 8, 0),
(728, 'Rébecca', 'Wilcocks', '1993-06-05', NULL, 74, 341, 0),
(729, 'Maëly', 'Harriagn', '1977-03-23', 'F', 33, 228, 0),
(730, 'Andréa', 'Ruddock', '1990-09-15', 'F', 59, 325, 0),
(731, 'Léonie', 'Wheeliker', '1971-08-13', 'F', 104, 111, 0),
(732, 'Agnès', 'Vass', '1966-09-19', 'F', 150, 684, 0),
(733, 'Faîtes', 'Collishaw', '1968-02-03', 'F', 43, 20, 0),
(734, 'Léandre', 'Aviss', '1987-07-03', 'M', 102, 279, 0),
(735, 'Alizée', 'Vandrill', '1986-07-28', 'F', 92, 136, 0),
(736, 'Märta', 'Hall-Gough', '1958-08-24', 'M', 136, 249, 0),
(737, 'Mélina', 'Bresnahan', NULL, 'M', 52, 152, 0),
(738, 'Estée', 'Brilleman', '1993-01-06', 'M', 88, 272, 0),
(739, 'Fèi', 'Pocknell', NULL, 'F', 113, 592, 0),
(740, 'Bécassine', 'Foat', '2002-07-18', 'F', 89, 223, 0),
(741, 'Océanne', 'Munro', '1953-12-22', 'M', 125, 475, 0),
(742, 'Marie-hélène', 'Brodhead', '1977-10-02', 'F', 35, 535, 0),
(743, 'Anaé', 'Donoher', '1962-03-24', 'F', 115, 34, 0),
(744, 'Sélène', 'Cinderey', '1953-06-28', NULL, 151, 285, 0),
(745, 'Zhì', 'Inggall', '1987-01-21', 'M', 28, 652, 0),
(746, 'Kù', 'Creber', '1957-09-09', 'F', 74, 607, 0),
(747, 'Médiamass', 'McGillicuddy', '1974-03-06', NULL, 101, 793, 0),
(748, 'Bérénice', 'Boij', '1965-10-01', 'M', 36, 333, 0),
(749, 'Kévina', 'Grigorini', '1968-05-22', 'F', 57, 712, 0),
(750, 'Séréna', 'Zorzin', '1993-02-20', 'F', 101, 128, 0),
(751, 'Maï', 'Kuban', '1991-03-11', 'M', 85, 134, 0),
(752, 'Kuí', 'Kineton', '2003-11-03', 'F', 87, 100, 0),
(753, 'Régine', 'Gibbeson', '2006-03-22', 'F', 64, 668, 0),
(754, 'Méline', 'Chesson', '1989-02-28', 'M', 151, 594, 0),
(755, 'Maëlyss', 'Dews', '1967-12-01', 'M', 78, 649, 0),
(756, 'Göran', 'Bountiff', '1994-04-24', 'F', 116, 627, 0),
(757, 'Séréna', 'Offen', '1960-05-05', 'F', 17, 150, 0),
(758, 'Vérane', 'Brandenberg', '1973-02-17', 'M', 130, 329, 0),
(759, 'Eléa', 'Samsin', '1980-12-14', 'F', 46, 699, 0),
(760, 'Pénélope', 'Paddon', '2000-03-31', 'M', 65, 337, 0),
(761, 'Marie-françoise', 'Dumblton', '1969-08-04', 'M', 129, 389, 0),
(762, 'Gaétane', 'Berntssen', '1959-01-25', 'M', 126, 450, 0),
(763, 'Nélie', 'Bolle', '1952-07-02', 'M', 91, 452, 0),
(764, 'Fèi', 'Reuter', '1976-05-15', 'M', 110, 409, 0),
(765, 'Lóng', 'Hartopp', '1972-02-04', 'F', 89, 623, 0),
(766, 'Noëlla', 'Berceros', '1994-07-02', 'F', 109, 459, 0),
(767, 'Eugénie', 'Beachem', '1981-12-20', 'M', 137, 136, 0),
(768, 'Tú', 'Guild', '1979-07-29', 'M', 110, 800, 0),
(769, 'Mégane', 'Fitzjohn', '1959-10-11', NULL, 83, 472, 0),
(770, 'Estée', 'O\'Neary', '1960-02-20', 'F', 73, 46, 0),
(771, 'Mélys', 'Bradmore', '2002-05-16', 'F', 146, 297, 0),
(772, 'Esbjörn', 'Salla', '1962-10-04', 'F', 111, 671, 0),
(773, 'Gérald', 'Smickle', '1984-05-14', 'M', 23, 472, 0),
(774, 'Mégane', 'Acock', '1962-04-25', 'F', 69, 514, 0),
(775, 'Yáo', 'Worg', '1991-07-07', 'F', 10, 399, 0),
(776, 'Erwéi', 'Gosden', '1978-11-02', 'F', 33, 684, 0),
(777, 'Pål', 'Reimer', '1982-05-30', 'M', 136, 501, 0),
(778, 'Gérald', 'Foresight', '2002-04-17', 'F', 50, 67, 0),
(779, 'Mélanie', 'Girardet', '1994-09-29', 'M', 52, 729, 0),
(780, 'Marylène', 'Scholtis', '1982-06-07', 'M', 47, 580, 0),
(781, 'Vénus', 'Wyeth', '1988-01-25', 'F', 72, 259, 0),
(782, 'Pål', 'Le Gassick', '1952-08-09', 'F', 106, 575, 0),
(783, 'Maïly', 'Cossell', '1965-12-01', 'F', 145, 208, 0),
(784, 'Cléopatre', 'Alderman', '1966-02-04', 'M', 146, 11, 0),
(785, 'Léonie', 'Baythrop', '1968-12-12', 'M', 21, 369, 0),
(786, 'Mélanie', 'Philcott', '1971-05-12', 'F', 18, 545, 0),
(787, 'Méng', 'Skally', '1951-02-22', 'M', 103, 305, 0),
(788, 'Félicie', 'Ortler', '1989-01-07', 'F', 101, 331, 0),
(789, 'Laïla', 'Traill', '1990-03-18', 'M', 84, 127, 0),
(790, 'Yè', 'Klyner', NULL, 'F', 151, 150, 0),
(791, 'Naéva', 'Bugs', '1992-10-11', 'M', 40, 145, 0),
(792, 'Angèle', 'Schwartz', '1982-07-23', 'M', 13, 13, 0),
(793, 'Lén', 'Sprackling', '1961-09-17', 'M', 152, 548, 0),
(794, 'Lén', 'Bould', '1967-07-20', 'F', 64, 524, 0),
(795, 'Lèi', 'Kingswood', '1993-12-23', 'F', 117, 586, 0),
(796, 'Publicité', 'Frude', '1995-11-27', 'F', 41, 263, 0),
(797, 'Laïla', 'Lattimer', NULL, 'M', 57, 271, 0),
(798, 'Marie-noël', 'Kliemann', '1988-10-09', 'M', 146, 361, 0),
(799, 'Cinéma', 'Marrows', '1954-04-16', 'F', 6, 338, 0),
(800, 'Mélissandre', 'Fishly', '1992-11-12', 'M', 31, 76, 0),
(801, 'Clémence', 'Guy', '1977-09-08', 'M', 33, 204, 0),
(802, 'Agnès', 'Ganny', '1969-05-18', 'M', 53, 629, 0),
(803, 'Yú', 'Larman', '1960-01-17', 'M', 95, 230, 0),
(804, 'Tán', 'O\'Nolan', '1972-12-22', 'M', 45, 438, 0),
(805, 'Mélia', 'Pride', '1963-09-06', NULL, 28, 795, 0),
(806, 'Célestine', 'Emerton', '2005-01-03', 'F', 38, 452, 0),
(807, 'Uò', 'Lushey', '1994-02-16', 'F', 32, 792, 0),
(808, 'Athéna', 'Soule', '1970-08-26', 'F', 107, 438, 0),
(809, 'Léone', 'Joderli', '1994-06-30', 'M', 70, 705, 0),
(810, 'Ráo', 'Kop', '1966-03-06', 'F', 10, 798, 0),
(811, 'Mélys', 'Bachshell', '1988-08-04', 'F', 50, 643, 0),
(812, 'Mélanie', 'Seabrook', '2001-01-26', 'F', 84, 376, 0),
(813, 'Léana', 'Eadie', '2004-04-27', 'F', 60, 602, 0),
(814, 'Lài', 'Chipman', '1968-05-08', 'F', 36, 573, 0),
(815, 'Méline', 'Batterham', '2001-08-27', 'F', 37, 134, 0),
(816, 'Almérinda', 'Legonidec', '1957-04-15', 'M', NULL, 556, 0),
(817, 'Mélissandre', 'Frenzl', '1966-05-18', 'F', 80, 750, 0),
(818, 'Maëline', 'Horley', '1991-02-09', 'M', 13, 111, 0),
(819, 'Marie-noël', 'Valerius', '1956-02-21', 'F', 56, 747, 0),
(820, 'Chloé', 'Casbolt', '1992-11-23', 'F', 79, 59, 0),
(821, 'Liè', 'Ianiello', '2000-01-26', 'F', 33, 328, 0),
(822, 'Inès', 'Ferson', '2005-11-10', 'F', 91, 468, 0),
(823, 'Fèi', 'Gilbertson', '1951-08-02', 'M', 57, 403, 0),
(824, 'Yáo', 'Hammett', '1973-07-23', 'M', 70, 109, 0),
(825, 'Mélys', 'Goman', '1993-12-17', 'M', 112, 558, 0),
(826, 'Loïs', 'Kinnard', '1978-08-10', 'M', 22, 655, 0),
(827, 'Åsa', 'Itscovitz', '1950-03-06', 'M', 42, 304, 0),
(828, 'Geneviève', 'Maitland', '1955-08-05', 'M', 121, 21, 0),
(829, 'Anaïs', 'Lindroos', '1988-06-26', 'M', 107, 209, 0),
(830, 'Kù', 'Gamble', '1979-07-29', 'M', 56, 691, 0),
(831, 'Séverine', 'Mertsching', '2000-01-11', 'F', 57, 252, 0),
(832, 'Dafnée', 'Kellett', '1955-04-03', 'M', 127, 759, 0),
(833, 'Eliès', 'Warstall', '1983-11-28', 'M', 147, 167, 0),
(834, 'Marie-thérèse', 'Ryles', '1958-12-19', 'F', 144, 729, 0),
(835, 'Gaëlle', 'Sweeting', '1994-10-06', NULL, 15, 735, 0),
(836, 'Garçon', 'Thoms', '1972-10-25', 'M', 152, 470, 0),
(837, 'Faîtes', 'Mounsie', '1976-11-14', 'M', 138, 127, 0),
(838, 'Irène', 'Jedrzejewicz', '1956-03-23', 'F', 42, 468, 0),
(839, 'Loïc', 'Edward', '1990-08-01', 'F', 95, 186, 0),
(840, 'Rébecca', 'Enrrico', '1961-10-18', 'M', 77, 337, 0),
(841, 'Angèle', 'Huelin', '1955-03-20', 'F', 128, 262, 0),
(842, 'Mà', 'Kynd', '1989-07-30', 'M', 105, 603, 0),
(843, 'Stévina', 'Mulqueeny', '1957-07-06', 'M', 38, 239, 0),
(844, 'Yóu', 'Baldry', '1950-12-18', 'F', 140, 488, 0),
(845, 'Gaétane', 'Leele', NULL, 'F', 89, 271, 0),
(846, 'Loïca', 'Mccaull', NULL, 'M', 120, 506, 0),
(847, 'Audréanne', 'Bartosek', '2001-08-15', NULL, 126, 34, 0),
(848, 'Rachèle', 'Sainthill', '1978-11-12', 'F', 139, 68, 0),
(849, 'Eléonore', 'Lepard', '1991-11-09', 'M', 55, 595, 0),
(850, 'Andréa', 'Schowenburg', '2003-10-16', 'M', NULL, 405, 0),
(851, 'Sòng', 'Roth', '1959-06-21', 'F', 85, 345, 0),
(852, 'Maïté', 'Courtman', '1962-09-10', 'F', 69, 157, 0),
(853, 'Bécassine', 'Glozman', '1974-09-12', 'F', 111, 557, 0),
(854, 'Océanne', 'Penella', '2002-02-15', 'F', 150, 451, 0),
(855, 'Médiamass', 'Wellbelove', '1962-12-14', 'F', 94, 561, 0),
(856, 'Léana', 'Arran', '1967-01-11', 'M', 97, 244, 0),
(857, 'Cléopatre', 'Mulvin', '1996-05-12', 'F', 47, 518, 0),
(858, 'Ophélie', 'Foggo', '1991-07-12', 'M', 67, 699, 0),
(859, 'Personnalisée', 'Burehill', '1969-09-25', 'F', 116, 484, 0),
(860, 'Thérèse', 'Yegorshin', '2001-07-29', 'M', 83, 54, 0),
(861, 'Lài', 'Marney', '1967-10-08', 'F', NULL, 167, 0),
(862, 'Inès', 'Jedras', '1972-04-27', 'F', 134, 600, 0),
(863, 'Illustrée', 'Ionnidis', '1975-10-20', 'M', 109, 345, 0),
(864, 'Mélinda', 'Walkden', '1969-10-23', 'F', 112, 97, 0),
(865, 'Lóng', 'Cawdery', NULL, 'M', 78, 780, 0),
(866, 'Gösta', 'Simpkin', '1968-03-03', 'F', 89, 572, 0),
(867, 'Lyséa', 'Pardal', '1995-12-04', 'M', 128, 558, 0),
(868, 'Françoise', 'Proven', '1979-03-17', 'F', 80, 250, 0),
(869, 'Miléna', 'Toffalo', '1979-11-05', 'F', 17, 428, 0),
(870, 'Marlène', 'Shimuk', '1999-03-28', 'M', 84, 710, 0),
(871, 'Lauréna', 'Hambridge', '1971-07-09', 'F', 4, 394, 0),
(872, 'Maëlle', 'Livoir', '1997-09-02', 'M', 58, 361, 0),
(873, 'Annotés', 'Aires', '1978-05-17', 'M', 148, 359, 0),
(874, 'Gösta', 'Shawe', '1961-01-09', 'F', 70, 97, 0),
(875, 'Kévina', 'Deelay', '1961-04-21', 'F', 135, 459, 0),
(876, 'Gösta', 'Choat', '1979-05-07', 'M', 91, 202, 0),
(877, 'Fèi', 'Gillmor', '1972-04-27', 'M', 22, 402, 0),
(878, 'Kù', 'Jiri', '2005-11-06', 'F', 4, 720, 0);
INSERT INTO `employees` (`id`, `first_name`, `last_name`, `birthdate`, `sex`, `city_fk`, `company_fk`, `is_deleted`) VALUES
(879, 'Lài', 'Bassilashvili', '2005-07-02', 'F', 94, 770, 0),
(880, 'Anaïs', 'Hutcheon', '1957-10-19', 'M', 105, 603, 0),
(881, 'Bérangère', 'Kordovani', '1979-10-30', 'F', 14, 289, 0),
(882, 'Maëlyss', 'Wloch', '1976-03-01', 'M', 129, 399, 0),
(883, 'Léane', 'O\'Lagene', '1962-01-04', 'F', 18, 323, 0),
(884, 'Séverine', 'Griffoen', '1994-01-03', 'M', 135, 328, 0),
(885, 'Léa', 'Perkis', NULL, 'M', 74, 118, 0),
(886, 'Audréanne', 'Valentin', '2001-08-27', 'M', 48, 124, 0),
(887, 'Salomé', 'Mertin', '1983-12-08', 'M', 142, 755, 0),
(888, 'Desirée', 'Gillan', '1978-03-18', 'F', 20, 310, 0),
(889, 'Dafnée', 'Leithgoe', '1953-07-16', 'F', 126, 714, 0),
(890, 'Marie-hélène', 'Seeborne', '1977-10-26', 'M', 10, 690, 0),
(891, 'Kuí', 'Wickmann', '1990-05-20', 'F', 152, 478, 0),
(892, 'Mahélie', 'Doyle', '1957-02-18', 'M', 22, 192, 0),
(893, 'Gisèle', 'Parlot', '1990-01-23', 'F', 23, 173, 0),
(894, 'Bécassine', 'Hanshaw', '1950-08-07', 'F', 145, 765, 0),
(895, 'Réservés', 'Simonetto', NULL, 'M', 143, 739, 0),
(896, 'Léana', 'Samwaye', '1974-04-05', 'F', 137, 335, 0),
(897, 'Styrbjörn', 'Staunton', NULL, 'M', 119, 497, 0),
(898, 'Clémentine', 'Faraker', '1983-11-08', 'M', 143, 646, 0),
(899, 'Dà', 'Frowen', '1976-08-01', NULL, 118, 751, 0),
(900, 'Aí', 'Erdes', '1989-11-03', 'M', 144, 582, 0),
(901, 'Géraldine', 'Gilburt', '1954-10-30', 'M', 38, 299, 0),
(902, 'Loïc', 'Galey', '2001-01-24', 'M', 124, 311, 0),
(903, 'Kù', 'Knight', '2002-07-03', 'F', 23, 452, 0),
(904, 'Irène', 'Jan', '1992-08-05', 'M', 102, 94, 0),
(905, 'Sélène', 'Askie', '1988-06-11', 'M', 150, 154, 0),
(906, 'Rachèle', 'Spykins', '1982-02-01', 'M', 70, 167, 0),
(907, 'Dù', 'Basley', '2002-06-06', 'M', 129, 468, 0),
(908, 'Cléopatre', 'Le Fevre', '1958-03-27', 'F', 49, 492, 0),
(909, 'Wá', 'Dri', '2004-04-01', 'F', 29, 217, 0),
(910, 'Maïwenn', 'Grassick', '1965-09-11', 'M', 79, 238, 0),
(911, 'Thérèsa', 'Mabbe', '1987-12-10', 'F', 95, 581, 0),
(912, 'Lorène', 'Oventon', '1952-04-10', 'F', 107, 598, 0),
(913, 'Agnès', 'Boutcher', '1975-04-04', 'F', 69, 37, 0),
(914, 'Kévina', 'Cloney', '1961-08-22', 'F', 141, 532, 0),
(915, 'Clémentine', 'Sellack', '1965-07-28', 'M', 76, 643, 0),
(916, 'Gwenaëlle', 'Clausen-Thue', '1955-06-18', 'F', 145, 600, 0),
(917, 'Mårten', 'Worlock', '1959-06-20', 'F', 116, 598, 0),
(918, 'Yú', 'Serrurier', '1962-09-07', 'M', 79, 606, 0),
(919, 'Agnès', 'Obert', '1992-02-06', 'F', 37, 794, 0),
(920, 'Dafnée', 'Finan', '2005-09-17', 'F', 20, 560, 0),
(921, 'Dorothée', 'Durtnal', '1993-01-02', 'M', 33, 311, 0),
(922, 'Måns', 'Creber', '1978-12-31', 'M', 142, 316, 0),
(923, 'Faîtes', 'Abbet', '1986-08-14', 'M', 53, 333, 0),
(924, 'Béatrice', 'Gosker', '1953-07-26', 'F', NULL, 308, 0),
(925, 'Mélinda', 'Dripps', '1997-07-05', 'F', 17, 500, 0),
(926, 'Aí', 'Meachem', NULL, 'M', 95, 574, 0),
(927, 'Mélissandre', 'Raubenheimer', '1967-02-19', 'M', 104, 364, 0),
(928, 'Liè', 'Licas', NULL, 'M', 80, 10, 0),
(929, 'Gösta', 'Smaile', '1958-12-24', 'M', 39, 112, 0),
(930, 'Zhì', 'Shee', '1996-07-17', 'F', 16, 96, 0),
(931, 'Eléonore', 'Bulloch', NULL, 'M', 143, 100, 0),
(932, 'Mélanie', 'Kisting', '1964-10-16', 'M', 6, 496, 0),
(933, 'Märta', 'Ginni', '1978-08-22', 'M', 96, 396, 0),
(934, 'Pélagie', 'Russo', '2005-01-06', 'M', 153, 227, 0),
(935, 'Anaëlle', 'Binham', '1994-07-24', 'M', 149, 634, 0),
(936, 'Personnalisée', 'Trotter', '2000-05-22', 'M', 52, 438, 0),
(937, 'Clélia', 'Pritchett', '1957-03-19', 'F', 16, 255, 0),
(938, 'Erwéi', 'Duckwith', '2000-09-06', 'F', 65, 703, 0),
(939, 'Maëlys', 'Quinton', '2005-08-21', 'F', 109, 478, 0),
(940, 'Laïla', 'Habron', '1968-02-15', 'F', 43, 222, 0),
(941, 'Méghane', 'Kinchington', '1977-04-03', 'F', NULL, 84, 0),
(942, 'Séverine', 'Brickett', '1997-10-27', 'F', 26, 765, 0),
(943, 'Aloïs', 'Antonovic', NULL, 'F', 15, 141, 0),
(944, 'Bénédicte', 'Blessed', '1998-02-13', 'M', 118, 334, 0),
(945, 'Thérèsa', 'Penney', '1990-12-06', 'M', 81, 672, 0),
(946, 'Angélique', 'Philippsohn', '1969-06-30', 'M', 142, 567, 0),
(947, 'Maï', 'Moxson', '1987-08-22', 'M', 64, 24, 0),
(948, 'Pò', 'Bratch', '1979-03-03', 'F', 5, 243, 0),
(949, 'Mylène', 'Dawid', '2000-09-24', 'M', 73, 304, 0),
(950, 'Örjan', 'Whordley', '1982-12-14', 'M', 78, 444, 0),
(951, 'Noémie', 'Bavage', '1992-06-08', 'F', 90, 637, 0),
(952, 'Miléna', 'Biddle', '1964-10-22', 'M', 25, 137, 0),
(953, 'Kuí', 'Springle', '1988-02-29', 'F', 141, 348, 0),
(954, 'Marie-hélène', 'Chalker', '1998-05-24', 'F', 42, 349, 0),
(955, 'Mylène', 'Ireland', '1961-10-09', 'F', 2, 657, 0),
(956, 'Thérèse', 'Fattori', '1987-01-17', 'F', 92, 518, 0),
(957, 'Garçon', 'Boyall', '2002-01-06', 'M', 10, 638, 0),
(958, 'Stévina', 'Arrighetti', '1955-10-28', 'M', 4, 603, 0),
(959, 'Réjane', 'Silverlock', NULL, 'F', 38, 489, 0),
(960, 'Méghane', 'Jaume', '1952-01-09', 'F', 139, 1, 0),
(961, 'Göran', 'Mattiazzo', '1980-12-17', 'M', 123, 216, 0),
(962, 'Cléa', 'Brettle', '2001-05-21', 'M', 28, 170, 0),
(963, 'Kù', 'Lillico', '2001-02-09', 'M', NULL, 294, 0),
(964, 'Maïté', 'Dorber', '1975-06-24', 'M', 94, 682, 0),
(965, 'Liè', 'Halleybone', '1996-03-07', 'M', 108, 700, 0),
(966, 'Adèle', 'Waker', '2000-11-03', 'M', 114, 484, 0),
(967, 'Cécilia', 'Dufour', '1970-03-18', 'F', 6, 44, 0),
(968, 'Lén', 'Lind', '1982-03-22', 'F', 7, 438, 0),
(969, 'Kévina', 'Easton', '1987-12-26', 'M', 44, 160, 0),
(970, 'Kuí', 'Annatt', '1960-12-07', 'F', 52, 689, 0),
(971, 'Thérèse', 'Wong', '1963-10-02', 'F', 144, 8, 0),
(972, 'Sélène', 'Kless', '1952-09-06', 'M', 114, 152, 0),
(973, 'Eléa', 'Covely', '1978-01-26', 'M', 7, 317, 0),
(974, 'Anaïs', 'Satteford', '1971-08-13', 'M', 107, 355, 0),
(975, 'Angèle', 'Kellog', '1986-09-12', 'M', 100, 646, 0),
(976, 'Kuí', 'Cantera', '1990-03-31', 'F', 16, 15, 0),
(977, 'Jú', 'Rockingham', '1995-02-12', 'M', 131, 408, 0),
(978, 'Bérénice', 'Danford', '1951-04-03', 'M', 5, 337, 0),
(979, 'Maï', 'Wraight', '1985-11-21', 'M', 17, 335, 0),
(980, 'Bénédicte', 'Canty', '1987-06-17', 'M', 94, 348, 0),
(981, 'Estève', 'Farncombe', '1977-06-12', 'F', 100, 351, 0),
(982, 'Dorothée', 'Huxtable', '1976-02-18', 'F', 44, 203, 0),
(983, 'Annotés', 'Nears', '1968-06-27', 'F', 12, 256, 0),
(984, 'Noémie', 'Depka', '1992-05-16', 'F', 104, 726, 0),
(985, 'Intéressant', 'Ticic', '1963-06-25', 'F', 108, 557, 0),
(986, 'Fèi', 'Whitelock', '1959-12-17', 'F', 57, 328, 0),
(987, 'Marie-ève', 'Donnison', '1977-07-24', 'M', 82, 150, 0),
(988, 'Félicie', 'Haliburn', '1973-10-05', 'F', 110, 33, 0),
(989, 'Pénélope', 'Ashforth', '1955-11-17', 'M', 124, 199, 0),
(990, 'Gaétane', 'Delos', '1982-03-16', 'M', 14, 458, 0),
(991, 'Cécilia', 'Mulrean', '1980-09-21', 'M', 127, 174, 0),
(992, 'Mégane', 'Renehan', '1958-12-14', 'F', 135, 693, 0),
(993, 'Léonore', 'Tesh', '1959-05-17', 'M', 16, 121, 0),
(994, 'Lén', 'Mansbridge', '1997-07-18', 'M', 63, 434, 0),
(995, 'Thérèse', 'Lappin', '1952-09-10', 'F', 39, 84, 0),
(996, 'Marie-ève', 'Whittall', '2004-09-30', 'F', 120, 474, 0),
(997, 'Marie-josée', 'Housecroft', '1995-02-01', 'M', 25, 580, 0),
(998, 'Véronique', 'Cantua', '1970-10-10', 'M', 48, 151, 0),
(999, 'Mà', 'Fuzzens', NULL, 'F', 36, 387, 0),
(1000, 'Dà', 'Geard', '1984-12-05', 'M', 10, 238, 0),
(1001, 'Athéna', 'Nozzolii', '1997-02-12', 'F', 77, 286, 0),
(1002, 'Pélagie', 'Flanigan', '2003-12-29', 'F', 140, 453, 0),
(1003, 'Andréa', 'Voyce', '1993-03-31', 'M', 55, 58, 0),
(1004, 'Annotée', 'Alston', '1983-08-03', 'F', 41, 684, 0),
(1005, 'Yénora', 'Asplin', '1975-12-04', 'M', 55, 39, 0),
(1006, 'Zhì', 'Routh', '1950-01-21', 'M', 90, 164, 0),
(1007, 'Åsa', 'Lavies', '1992-04-28', 'F', 139, 16, 0),
(1008, 'Mén', 'Woodbridge', '1989-04-11', 'F', 76, 415, 0),
(1009, 'Yú', 'Maxsted', NULL, 'M', 7, 448, 0),
(1010, 'Torbjörn', 'Whybray', '1991-05-01', 'F', 143, 171, 0),
(1011, 'Léa', 'Dionisetti', '1979-01-07', 'M', 105, 257, 0),
(1012, 'Aloïs', 'Angrave', '1950-11-14', 'F', 122, 626, 0),
(1013, 'Lèi', 'Drews', '1983-08-23', 'F', 1, 714, 0),
(1014, 'Maëlyss', 'Canaan', NULL, 'M', 106, 443, 0),
(1015, 'Séréna', 'Izacenko', '1950-12-27', 'M', 118, 138, 0),
(1016, 'Ráo', 'Ronnay', '1969-08-29', 'F', 86, 137, 0),
(1017, 'Médiamass', 'Docket', NULL, 'F', 32, 753, 0),
(1018, 'Stévina', 'Knutton', '1961-12-13', 'F', 133, 51, 0),
(1019, 'Néhémie', 'Synan', '1975-12-27', 'F', 105, 118, 0),
(1020, 'Dà', 'Pressey', '1983-05-24', 'F', 116, 300, 0),
(1021, 'Tán', 'Pacquet', '1968-06-05', 'F', 9, 491, 0),
(1022, 'Mélina', 'Jovicic', NULL, 'M', 139, 553, 0),
(1023, 'Méghane', 'Teggin', '1992-04-14', 'F', 26, 733, 0),
(1024, 'Simplifiés', 'Harvey', '1960-10-21', 'F', 19, 121, 0),
(1025, 'Cloé', 'Cremen', '1969-11-10', 'M', 102, 517, 0),
(1026, 'Solène', 'Gilkison', '1994-11-25', 'M', 152, 384, 0),
(1027, 'Marlène', 'Rustman', '1973-08-31', 'M', 125, 544, 0),
(1028, 'Méng', 'Lockier', NULL, 'F', 75, 798, 0),
(1029, 'Mélia', 'Carmel', '1953-02-22', 'F', 112, 405, 0),
(1030, 'Vénus', 'Sein', '1994-02-03', 'M', 51, 66, 0),
(1031, 'Thérèsa', 'Bengough', '2004-02-27', 'F', 96, 330, 0),
(1032, 'Mélodie', 'Micklewright', '1969-07-16', 'M', 5, 574, 0),
(1033, 'Uò', 'Simukov', '1983-09-03', 'M', 66, 243, 0),
(1034, 'Cunégonde', 'Billie', '1986-09-06', 'M', 19, 114, 0),
(1035, 'Andrée', 'Strognell', NULL, 'M', 25, 15, 0),
(1036, 'Kévina', 'Andrag', '1985-01-09', 'F', 54, 254, 0),
(1037, 'Naéva', 'Lawden', '1979-10-17', 'F', 45, NULL, 0),
(1038, 'Noëlla', 'Adlem', '1984-07-27', 'F', 84, 203, 0),
(1039, 'Michèle', 'Caustick', '1971-05-17', 'M', NULL, 734, 0),
(1040, 'Adélie', 'O\'Brallaghan', '1995-12-22', 'F', 72, 601, 0),
(1041, 'Dà', 'Carlill', '1987-06-07', 'M', 121, 440, 0),
(1042, 'Marie-noël', 'Camplen', '1991-08-03', 'F', 132, 732, 0),
(1043, 'Réservés', 'Barstock', '1982-07-06', 'F', 27, 87, 0),
(1044, 'Ruì', 'Grieve', '2002-09-01', 'F', 49, 169, 0),
(1045, 'Lài', 'Kleinfeld', '2006-02-26', 'M', 81, 747, 0),
(1046, 'Maëlle', 'McCree', NULL, 'M', 94, 790, 0),
(1047, 'Rachèle', 'O\'Rourke', '1982-05-03', 'F', 82, 599, 0),
(1048, 'Marie-noël', 'Baddoe', '2002-10-31', 'M', 84, 326, 0),
(1049, 'Méline', 'Purveys', '1955-07-14', 'M', 38, 477, 0),
(1050, 'Yóu', 'Braune', '1981-09-23', 'F', 94, 685, 0),
(1051, 'Valérie', 'Issakov', '1974-06-25', 'F', 32, 677, 0),
(1052, 'Esbjörn', 'Temporal', '1966-04-24', 'F', 109, 548, 0),
(1053, 'Desirée', 'Whiteside', '1982-10-30', 'F', 76, 513, 0),
(1054, 'Cinéma', 'Lightwood', '1951-10-22', 'F', 59, 674, 0),
(1055, 'Réservés', 'Kenwright', '1983-04-04', 'F', 1, 292, 0),
(1056, 'Gérald', 'Hanscombe', '1967-04-04', 'F', 66, 500, 0),
(1057, 'Desirée', 'Casseldine', '1994-12-26', 'M', 49, 19, 0),
(1058, 'Médiamass', 'Kiddie', '1962-07-17', 'M', 98, 519, 0),
(1059, 'Anaé', 'Jukubczak', '1987-03-19', 'M', 117, 443, 0),
(1060, 'Kuí', 'Buncombe', '1999-04-20', 'F', 42, 368, 0),
(1061, 'Josée', 'Matyatin', '1996-01-24', 'F', 20, 102, 0),
(1062, 'Mårten', 'Kelsell', '1976-10-19', 'F', 139, 125, 0),
(1063, 'Maëlann', 'Bettley', '1966-09-04', 'F', 24, 453, 0),
(1064, 'Adèle', 'Champerlen', '1988-04-26', 'M', 96, 70, 0),
(1065, 'Judicaël', 'Fazakerley', '1986-10-21', NULL, 47, 8, 0),
(1066, 'Hélèna', 'Willingham', '1975-08-05', 'F', 79, 27, 0),
(1067, 'Åsa', 'Rosterne', '1987-08-28', 'M', 149, 242, 0),
(1068, 'Andrée', 'Daout', '1971-06-19', 'F', 75, 458, 0),
(1069, 'Kuí', 'Bruff', '1972-05-10', 'F', 53, 170, 0),
(1070, 'Edmée', 'Rowaszkiewicz', NULL, 'F', 21, 228, 0),
(1071, 'Björn', 'Rule', '1989-07-04', 'M', 137, 66, 0),
(1072, 'Garçon', 'Sandham', '2006-01-17', 'F', 131, 411, 0),
(1073, 'Judicaël', 'Macilhench', '1975-05-04', 'M', 6, 684, 0),
(1074, 'Lén', 'Gorelli', NULL, 'F', 81, 349, 0),
(1075, 'Angélique', 'Olechnowicz', '1984-03-15', 'F', 20, 513, 0),
(1076, 'Marie-josée', 'Caro', '1988-08-02', 'M', 64, 292, 0),
(1077, 'Stévina', 'Joul', '1996-02-27', 'M', 26, 719, 0),
(1078, 'Athéna', 'Del Dello', '1972-05-02', 'F', 63, 290, 0),
(1079, 'Personnalisée', 'Kelsow', '1959-01-25', NULL, 98, 403, 0),
(1080, 'Börje', 'Falconar', '1974-01-14', 'F', 86, 703, 0),
(1081, 'Lén', 'Tume', '1952-02-13', NULL, 47, 583, 0),
(1082, 'Béatrice', 'Benoey', '1957-05-04', 'F', 40, 581, 0),
(1083, 'Daphnée', 'Perrin', '1994-06-04', 'M', 98, 434, 0),
(1084, 'Mà', 'Haddeston', '2004-07-10', 'F', 103, 775, 0),
(1085, 'Méghane', 'Brocklebank', '1999-03-23', 'M', 53, 126, 0),
(1086, 'Loïc', 'Caulket', '1975-07-17', 'F', 140, 766, 0),
(1087, 'Anaël', 'Dust', '2006-03-31', 'M', 31, 673, 0),
(1088, 'Mårten', 'Rawes', '2003-01-27', 'F', 92, 16, 0),
(1089, 'Marie-josée', 'Oddy', '2001-11-07', 'M', 44, NULL, 1),
(1090, 'Laïla', 'Coleford', '1997-03-30', 'F', 39, NULL, 0),
(1091, 'Léandre', 'Farge', '1988-05-15', 'M', 115, 484, 0),
(1092, 'Danièle', 'Wagerfield', '1988-10-27', 'F', 133, 796, 0),
(1093, 'Börje', 'Costley', NULL, 'F', 72, 784, 0),
(1094, 'Eléonore', 'Diloway', '1959-07-10', NULL, 117, 335, 0),
(1095, 'Nélie', 'St. Queintain', '1952-04-01', 'M', 7, 215, 0),
(1096, 'Danièle', 'Wakelam', '2005-07-18', 'M', 6, 500, 0),
(1097, 'Åsa', 'Curreen', '1985-12-17', 'F', 147, 246, 0),
(1098, 'Léana', 'Spurgin', '1977-09-30', 'F', 61, 683, 0),
(1099, 'Rachèle', 'Troker', '1980-09-09', 'F', 104, 330, 0),
(1100, 'Eléonore', 'Couvet', '1953-05-21', 'M', 119, 228, 0),
(1101, 'Maïté', 'Leaming', '1988-06-08', 'F', 145, 785, 0),
(1102, 'Sélène', 'Loyns', '1994-01-10', 'F', 142, 524, 0),
(1103, 'Béatrice', 'Egle of Germany', '1991-07-28', 'F', 32, 486, 0),
(1104, 'Ruì', 'Dyson', '1956-06-24', 'F', NULL, 496, 0),
(1105, 'Clémence', 'Boyd', '1995-03-29', 'F', 141, 21, 0),
(1106, 'Göran', 'Gue', '1952-09-21', 'F', 65, 261, 0),
(1107, 'Anaé', 'Gennrich', '1988-11-05', 'F', 77, 306, 0),
(1108, 'Léonie', 'Dodshon', '1989-03-10', 'M', 61, 675, 0),
(1109, 'Crééz', 'Goldbourn', '1975-05-14', 'M', 140, 395, 0),
(1110, 'Renée', 'Webley', '1982-11-20', NULL, 66, 748, 0),
(1111, 'Andréanne', 'Hanbidge', '1976-09-16', 'M', 57, 460, 0),
(1112, 'Görel', 'Lathleiffure', '1953-04-14', 'F', 31, 663, 0),
(1113, 'Béatrice', 'Borth', '1957-05-15', 'F', 18, 678, 0),
(1114, 'Marie-noël', 'Willmott', '1978-09-01', 'M', 51, 699, 0),
(1115, 'Méghane', 'Curryer', '1983-07-15', 'M', 123, 174, 0),
(1116, 'Méghane', 'Astley', NULL, 'M', 13, 411, 0),
(1117, 'Lorène', 'Eldon', '2003-04-08', 'F', 5, 703, 0),
(1118, 'Thérèsa', 'Itzik', '1995-07-15', 'F', 15, 619, 0),
(1119, 'Mélia', 'Piers', '1963-08-03', 'M', 29, 70, 0),
(1120, 'Mélina', 'Krishtopaittis', '1955-01-02', 'M', 63, 161, 0),
(1121, 'Eléa', 'Esposita', '1972-11-08', 'F', 89, 196, 0),
(1122, 'Mélina', 'Kellaway', '1969-11-12', 'M', 108, 791, 0),
(1123, 'Méthode', 'Ventura', '1974-02-21', 'F', 33, 610, 0),
(1124, 'Yóu', 'Whissell', '1952-12-12', 'M', 95, 268, 0),
(1125, 'Simplifiés', 'Mower', '1981-10-16', 'M', 27, 529, 0),
(1126, 'Léonore', 'Paddon', '1983-12-29', 'F', 139, 255, 0),
(1127, 'Laurélie', 'Dunford', '1977-12-15', 'M', 77, 569, 0),
(1128, 'Erwéi', 'Mallinder', '1961-11-22', 'M', 28, 298, 0),
(1129, 'Gaëlle', 'Bakster', '1986-03-19', 'M', NULL, 135, 0),
(1130, 'Intéressant', 'Iacovozzo', '1989-04-18', 'F', 67, 425, 0),
(1131, 'Méline', 'Elstub', '1989-01-25', 'F', 36, 417, 0),
(1132, 'Angélique', 'Hartness', '2000-07-11', 'F', 103, 313, 0),
(1133, 'Cloé', 'Ricard', NULL, 'M', NULL, 214, 0),
(1134, 'Thérèsa', 'Tummond', NULL, 'F', 49, 577, 0),
(1135, 'Styrbjörn', 'Petrello', '1973-09-24', 'M', 3, 424, 0),
(1136, 'Géraldine', 'Wrigglesworth', '1992-11-12', 'F', 121, 50, 0),
(1137, 'Laurélie', 'Darcey', '1982-05-06', 'F', 108, 94, 0),
(1138, 'Aimée', 'Rangall', '1975-12-24', 'F', 109, 527, 0),
(1139, 'Mylène', 'Lakey', NULL, 'M', 88, 71, 0),
(1140, 'Clémence', 'Seargeant', '1981-07-23', 'F', 51, 46, 0),
(1141, 'Lucrèce', 'Jeacop', '1992-05-14', NULL, 121, 661, 0),
(1142, 'Gösta', 'Schimank', '1972-08-17', 'M', 147, 637, 0),
(1143, 'Yénora', 'Odby', NULL, 'M', 52, 739, 0),
(1144, 'Léane', 'Jura', '1974-03-15', 'F', 54, 310, 0),
(1145, 'Dà', 'Tatum', '1991-03-27', 'M', 22, 510, 0),
(1146, 'Véronique', 'Traylen', '1976-05-18', 'M', 121, 536, 0),
(1147, 'Maëlys', 'Claydon', '2005-06-17', 'M', 84, NULL, 0),
(1148, 'Sòng', 'Ferroni', '1981-01-13', 'F', 24, 790, 0),
(1149, 'Réservés', 'Lambertazzi', '1973-10-17', NULL, 59, 693, 0),
(1150, 'Léa', 'Yashnov', '1970-05-03', 'F', 149, 308, 0),
(1151, 'Ruò', 'Askwith', '2001-07-09', 'M', 7, 156, 0),
(1152, 'Mårten', 'Reubbens', '1969-11-28', 'F', 104, 183, 0),
(1153, 'Bérengère', 'McAulay', NULL, 'F', 74, 163, 0),
(1154, 'Séverine', 'Masic', '1987-05-01', 'M', 81, 169, 0),
(1155, 'Loïs', 'Aneley', '1978-04-27', 'M', 54, 478, 0),
(1156, 'Ruò', 'Dinnage', '1979-08-28', 'F', 128, 239, 0),
(1157, 'Måns', 'Rheam', '2004-12-25', 'M', 66, 602, 0),
(1158, 'Dà', 'Merrigan', '1991-05-12', 'F', 34, 720, 0),
(1159, 'Mårten', 'Tomczak', '1990-12-17', 'F', 16, 216, 0),
(1160, 'Andréanne', 'Pullan', '1956-03-02', 'M', 15, 407, 0),
(1161, 'Stéphanie', 'Bakhrushin', '1973-02-04', 'M', 91, NULL, 0),
(1162, 'Intéressant', 'D\'Alessandro', '1979-04-29', 'M', 136, 527, 0),
(1163, 'Salomé', 'Ortmann', '1962-06-26', 'M', 145, 247, 0),
(1164, 'Anaël', 'Sowood', '1995-08-23', 'F', 55, 87, 0),
(1165, 'Frédérique', 'Warrior', NULL, 'F', 100, 494, 0),
(1166, 'Laurène', 'Shadbolt', '1955-04-25', 'F', 109, 649, 0),
(1167, 'Léonore', 'Rounding', '1994-02-17', 'F', 107, NULL, 0),
(1168, 'Bérengère', 'Conneely', '1962-04-16', 'M', NULL, 31, 0),
(1169, 'Marylène', 'Garvagh', '1958-04-07', 'F', 65, 695, 0),
(1170, 'Måns', 'Kurt', '1978-07-15', 'M', 23, 510, 0),
(1171, 'Anaëlle', 'Massimi', '2001-06-07', 'F', 24, 683, 0),
(1172, 'Angélique', 'Hablet', '1981-12-29', 'F', 74, 748, 0),
(1173, 'Maï', 'Haselwood', '2000-08-19', 'M', 98, 271, 0),
(1174, 'Thérèse', 'Shillitoe', '2006-03-25', 'M', 50, 236, 0),
(1175, 'Mélina', 'Halt', '1968-12-12', 'M', 64, 125, 0),
(1176, 'Geneviève', 'McPhilemy', NULL, 'M', 121, 241, 0),
(1177, 'Nélie', 'Suart', '1950-01-06', 'M', 27, 780, 0),
(1178, 'Maëline', 'Frood', '2002-10-02', 'M', 100, 395, 0),
(1179, 'Dafnée', 'Gainsbury', '1976-08-29', 'M', 24, 311, 0),
(1180, 'Michèle', 'Hamlen', '1993-04-10', 'F', 145, 327, 0),
(1181, 'Léonie', 'Pittford', '1985-06-17', 'M', 126, 543, 0),
(1182, 'Illustrée', 'Sinson', '1960-05-11', 'M', 35, 429, 0),
(1183, 'Océanne', 'Blodgett', '1956-10-08', 'F', 134, 224, 0),
(1184, 'Clélia', 'Maher', '1983-10-14', 'F', 92, 162, 0),
(1185, 'Lóng', 'Mingay', '1988-12-01', 'M', 6, 760, 0),
(1186, 'Sélène', 'Oliveras', '1980-08-08', 'F', 7, 567, 0),
(1187, 'Estée', 'Carolan', '1957-02-11', 'M', 65, 777, 0),
(1188, 'Eléonore', 'De Rye Barrett', '1968-03-21', 'F', 52, 411, 0),
(1189, 'Séréna', 'Sarjent', '1962-02-15', 'M', 128, 185, 0),
(1190, 'Håkan', 'Yarnton', '1988-11-01', 'M', 142, 349, 0),
(1191, 'Pål', 'Shaddick', '1956-11-03', 'F', 27, 236, 0),
(1192, 'Gaëlle', 'Benedit', '1981-09-25', 'F', 41, 343, 0),
(1193, 'Maïlis', 'Summerly', '1964-08-25', 'M', 143, 266, 0),
(1194, 'Yè', 'Savile', '2003-12-31', 'M', 141, 384, 0),
(1195, 'Océane', 'Hinnerk', '1975-11-27', 'M', 44, 635, 0),
(1196, 'Illustrée', 'Renahan', '1964-04-26', 'F', 145, 305, 0),
(1197, 'Mélanie', 'Deere', '1980-07-08', 'M', 102, 82, 0),
(1198, 'Céline', 'Relph', '1968-07-19', 'F', 140, 302, 0),
(1199, 'Yáo', 'Wasielewski', NULL, 'M', 117, 295, 0),
(1200, 'Wá', 'Jager', '1998-10-28', 'F', 126, NULL, 0),
(1201, 'Andréa', 'Hessing', '2000-03-08', 'F', 84, 369, 0),
(1202, 'Yú', 'Pinks', '1961-12-02', 'F', 137, 379, 0),
(1203, 'Gwenaëlle', 'Warbeys', '1956-09-26', 'F', 2, 221, 0),
(1204, 'Maëlyss', 'Pauel', '1974-07-15', 'F', 112, 184, 0),
(1205, 'Aurélie', 'Newvell', '1999-07-31', 'M', 53, 145, 0),
(1206, 'Renée', 'Thew', '1957-12-30', 'F', 19, 370, 0),
(1207, 'Renée', 'Oxtarby', '1991-01-03', 'F', 68, 379, 0),
(1208, 'Annotés', 'Kendall', '1983-02-20', 'M', 41, 715, 0),
(1209, 'Marie-noël', 'Friberg', '1969-07-22', 'F', 123, 67, 0),
(1210, 'Bérengère', 'McWilliams', '1990-05-06', 'M', 61, 527, 0),
(1211, 'Maëlyss', 'Magovern', '1976-01-08', 'M', 85, 606, 0),
(1212, 'Pélagie', 'Rowcastle', '1960-08-31', 'M', 141, 758, 0),
(1213, 'Loïca', 'Galland', '1969-05-30', 'F', 90, 540, 0),
(1214, 'Océane', 'Rosini', '1989-01-16', 'F', 152, 467, 0),
(1215, 'Marie-hélène', 'Silverton', '1995-06-19', 'M', NULL, 311, 0),
(1216, 'Gaïa', 'Risbridge', '1978-01-17', 'F', 42, 263, 0),
(1217, 'Björn', 'Loosley', '1955-11-08', 'M', 91, 2, 0),
(1218, 'Loïs', 'Saines', '1967-04-22', 'F', 116, 237, 0),
(1219, 'Célia', 'Bunning', '1956-11-04', 'F', 142, 286, 0),
(1220, 'Mélissandre', 'Hadcroft', NULL, 'F', 78, 94, 0),
(1221, 'Måns', 'Ellesmere', '1980-02-09', 'F', NULL, 653, 0),
(1222, 'Naëlle', 'Longland', NULL, 'M', 101, 132, 0),
(1223, 'Ruò', 'Stitfall', '1958-05-13', 'M', 125, 333, 0),
(1224, 'Marie-hélène', 'Gisbourn', '1955-09-14', 'F', 137, 698, 0),
(1225, 'Anaé', 'Taveriner', '1985-10-09', 'M', 134, 328, 0),
(1226, 'Maëlyss', 'Ettels', '1981-05-20', 'F', 70, 84, 0),
(1227, 'Stévina', 'Pracy', '1974-06-21', 'M', 131, 790, 0),
(1228, 'Vérane', 'Caron', '1988-07-09', 'F', 19, 448, 0),
(1229, 'Cécile', 'Allpress', '1970-06-05', 'M', 143, 506, 0),
(1230, 'Pò', 'Vlasyuk', '1967-09-05', 'M', 120, 604, 0),
(1231, 'Aloïs', 'Nash', '1983-04-27', 'M', 1, 519, 0),
(1232, 'Valérie', 'Beilby', '1977-11-01', 'M', 72, 137, 0),
(1233, 'Ruì', 'Hyslop', '1992-08-06', 'F', 70, 785, 0),
(1234, 'Bénédicte', 'McWaters', '1968-02-02', 'M', 61, 15, 0),
(1235, 'Gösta', 'Adao', '1951-03-04', 'M', 66, NULL, 0),
(1236, 'Anaël', 'Pagin', NULL, 'F', 26, 543, 0),
(1237, 'Bécassine', 'Downgate', '1952-12-05', 'M', 113, 764, 0),
(1238, 'Styrbjörn', 'Toop', '1955-06-29', NULL, 27, NULL, 0),
(1239, 'Sélène', 'Brucker', '1971-06-12', 'M', NULL, 649, 0),
(1240, 'Desirée', 'Amos', '1971-08-26', 'M', 24, 366, 0),
(1241, 'Marie-thérèse', 'Cuardall', '1992-03-30', 'M', 136, 782, 0),
(1242, 'Stévina', 'Garlic', '1952-04-05', 'M', 134, 8, 0),
(1243, 'Maïlis', 'Sirman', '1994-10-30', 'F', 73, NULL, 0),
(1244, 'Wá', 'Jakubovitch', '1973-08-19', NULL, 87, 20, 0),
(1245, 'Loïc', 'Lindwasser', '1979-11-30', 'M', 36, 714, 0),
(1246, 'Méng', 'Muxworthy', '2004-12-12', 'F', 75, 272, 0),
(1247, 'Marie-thérèse', 'Inderwick', '2001-04-21', 'M', 140, 314, 0),
(1248, 'Camélia', 'Birchall', NULL, 'F', 101, 586, 0),
(1249, 'Alizée', 'Shallcroff', '1960-06-09', 'M', 33, 673, 0),
(1250, 'Zhì', 'Fyrth', '1993-07-28', 'F', 64, 213, 0),
(1251, 'Maïwenn', 'Hamer', '1952-09-25', 'M', 30, 228, 0),
(1252, 'Mén', 'Furby', '1991-03-03', 'F', 68, 410, 0),
(1253, 'Laïla', 'Churches', '1987-05-16', 'F', 149, 394, 0),
(1254, 'Pénélope', 'Tourne', '2002-08-17', NULL, 27, 489, 0),
(1255, 'Andréa', 'Halgarth', '1993-09-02', 'F', 32, 561, 0),
(1256, 'Cécilia', 'Thresher', '1996-03-16', 'F', 108, 581, 0),
(1257, 'Maïlis', 'Jessep', '1983-01-17', 'M', NULL, 615, 0),
(1258, 'Jú', 'Mears', '2002-06-08', 'M', 35, 74, 0),
(1259, 'Marie-hélène', 'Corre', '1979-09-09', 'M', 63, 149, 0),
(1260, 'Océanne', 'Cocklie', '1986-04-22', 'F', 125, 574, 0),
(1261, 'Adélaïde', 'Crauford', '1997-08-10', 'F', 48, 313, 0),
(1262, 'Miléna', 'Zanicchelli', '1985-05-27', 'M', 138, 247, 0),
(1263, 'Dù', 'Ladewig', '1988-08-04', 'M', 29, 586, 0),
(1264, 'Stéphanie', 'Henke', '2004-04-04', 'M', 6, 731, 0),
(1265, 'Stévina', 'McCurtin', '1961-02-06', 'F', 122, 624, 0),
(1266, 'Eloïse', 'Sculpher', '1980-08-26', 'F', 56, 156, 0),
(1267, 'Maïté', 'Fasham', '2004-11-26', 'M', 85, 350, 0),
(1268, 'Måns', 'Bilbrooke', '1956-03-30', 'M', NULL, 665, 0),
(1269, 'Véronique', 'Tuffell', '2005-01-11', 'M', 4, 386, 0),
(1270, 'Anaé', 'Claxson', '1975-05-12', 'M', 27, 529, 0),
(1271, 'Aimée', 'Winward', '1991-07-09', 'F', 7, 332, 0),
(1272, 'Léa', 'Dinsell', '1960-01-08', 'F', 40, 489, 0),
(1273, 'Simplifiés', 'Willmetts', '1961-10-31', NULL, 67, 549, 0),
(1274, 'Laurélie', 'Brachell', '1954-11-08', 'F', 69, 131, 0),
(1275, 'Réjane', 'Woolnough', '1979-05-07', 'M', 41, 555, 0),
(1276, 'Maëline', 'Gatfield', '1997-11-07', 'F', 88, NULL, 0),
(1277, 'Séréna', 'Laurentin', '1973-01-25', 'M', NULL, 186, 0),
(1278, 'Fèi', 'Vayro', '1979-08-27', 'F', 85, 495, 0),
(1279, 'Maëline', 'MacUchadair', '1977-05-15', 'M', 98, 487, 0),
(1280, 'Célestine', 'Nafzger', '1963-06-10', 'F', 120, 429, 0),
(1281, 'Ophélie', 'Robez', '1976-05-18', 'M', 58, 441, 0),
(1282, 'Miléna', 'Turfes', '1997-04-13', 'M', 48, 716, 0),
(1283, 'Loïs', 'Hambrick', '1991-10-02', 'M', 20, 160, 0),
(1284, 'Maëly', 'Lorkings', '1953-06-01', 'F', 59, 600, 0),
(1285, 'Bérangère', 'Friman', '1978-10-11', 'F', 98, 174, 0),
(1286, 'Dà', 'Gallyhaock', '1986-05-15', 'F', 151, 756, 0),
(1287, 'Bénédicte', 'Kalewe', '1971-09-19', 'F', 92, 136, 0),
(1288, 'Maïté', 'Kidson', '1966-06-10', 'M', 136, 241, 0),
(1289, 'Aloïs', 'Pallas', '1958-05-13', 'M', 117, 694, 0),
(1290, 'Maëlann', 'Baroux', '1992-07-30', 'F', 93, 751, 0),
(1291, 'Médiamass', 'Stoakley', '2005-03-11', 'M', 49, 169, 0),
(1292, 'Bécassine', 'Impson', '1963-09-02', 'F', NULL, 201, 0),
(1293, 'Cinéma', 'Ralton', '1955-06-22', 'F', 143, 35, 0),
(1294, 'Lorène', 'Kiraly', NULL, 'M', 112, 351, 0),
(1295, 'Danièle', 'Sokale', '1950-06-03', 'F', 102, 145, 0),
(1296, 'Michèle', 'Altoft', '1969-03-02', 'F', 135, 14, 0),
(1297, 'Bérengère', 'Brunt', '1967-03-09', 'M', 151, 583, 0),
(1298, 'Hélène', 'McSporrin', '2000-02-20', 'F', NULL, 278, 0),
(1299, 'Loïca', 'Eixenberger', '2004-02-14', 'F', 56, NULL, 0),
(1300, 'Léana', 'Rathjen', '1950-12-02', 'F', 53, 517, 0),
(1301, 'Edmée', 'La Croce', NULL, 'M', 147, 424, 0),
(1302, 'Marie-josée', 'Sherrard', '1986-10-11', 'F', 128, 682, 0),
(1303, 'Clémence', 'Creaney', '2002-12-12', 'M', 118, 6, 0),
(1304, 'Léandre', 'Offell', '1984-08-30', 'F', 140, 8, 0),
(1305, 'Håkan', 'Gunthorp', '1968-08-29', 'F', 6, 306, 0),
(1306, 'Noémie', 'Arnke', '1963-10-04', 'F', 62, 416, 0),
(1307, 'Léane', 'Jelf', '2000-04-22', 'F', 65, 136, 0),
(1308, 'Mélia', 'Klyn', '1955-12-27', 'M', 38, 181, 0),
(1309, 'Noémie', 'Whooley', '2005-06-07', 'F', 49, 730, 0),
(1310, 'Marie-ève', 'McMenamy', '2003-05-07', 'M', 38, 597, 0),
(1311, 'Bérénice', 'Smallpeace', '1952-07-04', 'F', 22, 730, 0),
(1312, 'Torbjörn', 'Tomasicchio', '1953-01-24', 'F', 140, 22, 0),
(1313, 'Amélie', 'Quartley', '2000-08-18', 'F', 122, 344, 0),
(1314, 'Néhémie', 'Diss', '1984-02-21', 'F', 88, 562, 0),
(1315, 'Mélinda', 'Spurden', '1969-08-28', 'M', 18, 433, 0),
(1316, 'Chloé', 'McLaverty', '1969-05-30', 'F', 148, 774, 0),
(1317, 'Mélys', 'Dymott', '1950-11-12', 'F', 45, 770, 0),
(1318, 'Loïca', 'Krimmer', '1958-05-18', 'M', 124, 180, 0),
(1319, 'Judicaël', 'Stogill', '1958-11-05', 'M', 50, 171, 0),
(1320, 'Annotée', 'Emmitt', '1951-02-15', 'F', 96, 428, 0),
(1321, 'Tán', 'Howe', '1998-01-06', 'F', 81, 313, 0),
(1322, 'Edmée', 'Start', '1970-01-15', 'M', 144, 602, 0),
(1323, 'Gaétane', 'Balke', '1996-09-08', 'M', 142, 38, 0),
(1324, 'Rachèle', 'Meace', '1962-05-01', 'F', 144, 437, 0),
(1325, 'Céline', 'Goddert.sf', '2004-08-10', 'M', 68, NULL, 0),
(1326, 'Yú', 'Follows', '1966-11-16', 'M', 101, 717, 0),
(1327, 'Clémence', 'Gorini', '1955-02-25', 'F', 119, 739, 0),
(1328, 'Adélaïde', 'Buffey', NULL, 'F', 112, 91, 0),
(1329, 'Gaïa', 'Radborn', '1976-11-01', 'F', 18, 737, 0),
(1330, 'Faîtes', 'Phin', '1994-04-17', 'F', 99, 587, 0),
(1331, 'Aimée', 'Fleischmann', '1952-11-27', 'F', 109, 244, 0),
(1332, 'Mélinda', 'Bottom', '2004-07-30', 'M', 110, 774, 0),
(1333, 'Måns', 'Drance', '1953-11-27', 'F', 25, 357, 0),
(1334, 'Geneviève', 'Bellsham', '1998-09-04', 'F', 127, 703, 0),
(1335, 'Thérèsa', 'Tremoulet', NULL, 'M', 29, 136, 0),
(1336, 'Sòng', 'Esche', '1952-03-20', 'M', 29, 250, 0),
(1337, 'Marylène', 'Sindall', '1985-10-29', 'F', 100, 261, 0),
(1338, 'Adélaïde', 'Taig', '1972-06-14', 'F', 68, 641, 0),
(1339, 'Inès', 'Gaukrodge', '1979-05-25', 'F', 121, 413, 0),
(1340, 'Örjan', 'Denziloe', '1951-08-10', 'F', 56, 172, 0),
(1341, 'Marylène', 'Narraway', '1977-05-06', 'M', 152, 216, 0),
(1342, 'Ruò', 'Magson', '1965-01-30', 'F', 151, 457, 0),
(1343, 'Lèi', 'McGiveen', '1997-07-23', 'F', 111, 202, 0),
(1344, 'Eléa', 'Saice', '1998-05-06', 'F', 73, 359, 0),
(1345, 'Gaïa', 'Menere', '1956-10-26', 'M', 25, 307, 0),
(1346, 'Cléa', 'Maxworthy', '1974-08-15', 'F', 110, 471, 0),
(1347, 'Gérald', 'Blizard', NULL, 'M', 121, 770, 0),
(1348, 'Adélaïde', 'Weatherburn', '2005-01-15', 'M', 20, 544, 0),
(1349, 'Maïté', 'Argyle', '1978-08-27', 'M', 57, 319, 0),
(1350, 'Åslög', 'Brocket', '1990-03-14', 'F', 70, 559, 0),
(1351, 'Camélia', 'Kilgrew', NULL, 'M', 87, 306, 0),
(1352, 'Rachèle', 'Shoebotham', '1964-07-29', 'F', 136, 492, 0),
(1353, 'Aimée', 'Surgey', '1958-06-09', 'F', 86, 635, 0),
(1354, 'Eléa', 'Dopson', '1953-09-11', 'F', 122, 385, 0),
(1355, 'Desirée', 'Lamyman', '1986-11-21', 'M', 43, 306, 0),
(1356, 'Nélie', 'Knight', '1998-02-09', 'F', 148, NULL, 0),
(1357, 'Pélagie', 'McVane', '1998-09-07', 'M', 31, 679, 0),
(1358, 'Maï', 'Shackel', '1987-07-31', 'F', 121, 534, 0),
(1359, 'Marie-noël', 'Cottisford', '1974-08-17', 'F', 92, NULL, 0),
(1360, 'Mahélie', 'Arnal', '1973-02-04', 'F', 45, 629, 0),
(1361, 'Clélia', 'Fernant', '1967-08-23', 'F', 60, 142, 0),
(1362, 'Léonie', 'Ranklin', '1979-07-02', 'F', 65, 374, 0),
(1363, 'Léane', 'Purshouse', '1969-10-28', 'F', 40, 631, 0),
(1364, 'Maéna', 'Goodlud', '1972-02-02', 'M', 34, 86, 0),
(1365, 'Maïwenn', 'McShee', '1993-02-17', 'F', 28, 614, 0),
(1366, 'Lén', 'Blakden', '1959-06-08', 'F', 74, 210, 0),
(1367, 'Mélanie', 'Geistbeck', NULL, 'M', 94, 491, 0),
(1368, 'Gisèle', 'Puckinghorne', '1952-11-18', 'M', 116, 465, 0),
(1369, 'Aí', 'Bernaldez', '1966-02-20', 'M', 105, 387, 0),
(1370, 'Aí', 'Bruyntjes', '1974-06-07', 'M', 42, 28, 0),
(1371, 'Laïla', 'Godmar', '1961-07-02', 'F', 123, 261, 0),
(1372, 'Renée', 'Trembath', '1977-05-24', 'M', 39, 46, 0),
(1373, 'Bérengère', 'Constantine', '1990-04-24', 'M', 39, 459, 0),
(1374, 'Marlène', 'Meecher', '1986-10-20', 'F', 122, 8, 0),
(1375, 'Maëly', 'Mournian', '1992-12-16', 'M', 121, 190, 0),
(1376, 'Cécile', 'Exall', NULL, 'M', 81, 501, 0),
(1377, 'Lucrèce', 'Salkeld', '1984-12-05', 'F', 3, 440, 0),
(1378, 'Léonore', 'Hove', '1980-02-23', 'F', 122, 150, 0),
(1379, 'Gisèle', 'Shafto', '1992-02-07', 'F', NULL, 279, 0),
(1380, 'Mélys', 'Meaking', '1957-06-18', 'M', 55, 474, 0),
(1381, 'Åsa', 'Scarbarrow', '1994-12-14', 'F', 91, 450, 0),
(1382, 'Angèle', 'Dineges', '2004-06-29', 'M', 26, 407, 0),
(1383, 'Méghane', 'Choak', NULL, 'M', 139, 183, 0),
(1384, 'Marie-françoise', 'Stoll', '1995-04-05', 'M', 16, 480, 0),
(1385, 'Méghane', 'Senten', '2005-08-28', 'M', 88, 285, 0),
(1386, 'Mélissandre', 'Gaffney', '1985-09-19', 'F', 146, 612, 0),
(1387, 'Almérinda', 'Cady', NULL, 'M', 62, 556, 0),
(1388, 'Wá', 'Lemmen', '1991-05-24', NULL, 41, 290, 0),
(1389, 'Cléopatre', 'Holborn', '1950-11-20', 'M', 57, 719, 0),
(1390, 'Audréanne', 'Mayhead', '1978-03-01', 'M', 147, 614, 0),
(1391, 'Alizée', 'Dormon', '1960-03-16', 'M', 4, 626, 0),
(1392, 'Clémentine', 'Durbyn', '1993-08-08', 'F', 79, 155, 0),
(1393, 'Danièle', 'Duval', '1972-05-10', 'M', 122, 359, 0),
(1394, 'Mélissandre', 'Blind', '1953-10-09', 'F', 92, 467, 0),
(1395, 'Tán', 'Jovasevic', '1998-07-24', 'M', 32, 208, 0),
(1396, 'Mårten', 'Formoy', '1990-03-28', 'M', 108, 236, 0),
(1397, 'Anaïs', 'Empson', '2004-02-11', 'M', 140, 154, 0),
(1398, 'Illustrée', 'Perfitt', '1984-05-29', 'F', 152, 700, 0),
(1399, 'Marie-ève', 'Ferminger', '2001-09-20', 'F', 53, 277, 0),
(1400, 'Judicaël', 'Brightman', '2001-10-14', 'M', 70, NULL, 0),
(1401, 'Lauréna', 'Coster', '1991-11-11', 'F', 54, 666, 0),
(1402, 'Magdalène', 'Betteney', '1978-09-29', 'M', 127, 216, 0),
(1403, 'Valérie', 'Linde', '1985-08-26', 'F', 114, 760, 0),
(1404, 'Maëlla', 'Crepel', '1950-09-05', 'F', 22, 573, 0),
(1405, 'Maïwenn', 'McGreary', '1996-12-30', 'F', 67, 189, 0),
(1406, 'Lóng', 'Hazael', '1982-01-02', 'M', 26, 584, 0),
(1407, 'Michèle', 'Eastment', '1988-12-13', 'F', 38, 65, 0),
(1408, 'Håkan', 'Pendrey', '1972-06-05', 'M', 94, 793, 0),
(1409, 'Nuó', 'Betts', NULL, 'F', 100, 533, 0),
(1410, 'Méthode', 'Clibbery', '1995-09-30', 'M', 63, 115, 0),
(1411, 'Dà', 'Probyn', '1979-08-01', 'M', 32, 704, 0),
(1412, 'Aurélie', 'Robak', '2002-07-24', 'F', 148, 467, 0),
(1413, 'Görel', 'Behrend', '1990-11-25', 'F', 132, 469, 0),
(1414, 'Gérald', 'Try', '1995-12-05', 'M', 100, 735, 0),
(1415, 'Gwenaëlle', 'Dummer', '1979-11-05', 'M', 139, NULL, 0),
(1416, 'Océanne', 'Jennens', '1962-09-12', 'M', 101, 162, 0),
(1417, 'Kù', 'Svanini', '2005-08-01', 'M', 96, 337, 0),
(1418, 'Adélaïde', 'Reece', '1957-08-25', 'M', 110, 718, 0),
(1419, 'Almérinda', 'MacSharry', '1978-07-08', 'F', 122, 131, 0),
(1420, 'Östen', 'Murrthum', '1993-04-05', 'F', 16, 712, 0),
(1421, 'Mahélie', 'Hamberston', '1968-01-18', 'M', 132, 180, 0),
(1422, 'Cunégonde', 'Simonot', '1957-05-19', 'F', 54, 14, 0),
(1423, 'Miléna', 'Gwilliam', '1972-02-14', 'F', 52, 515, 0),
(1424, 'Renée', 'Aldwinckle', '1997-06-16', 'F', 44, 570, 0),
(1425, 'Maëlyss', 'Langan', '2005-04-20', 'M', 27, 163, 0),
(1426, 'Maïly', 'Saph', '1954-07-12', 'M', 32, 534, 0),
(1427, 'Eugénie', 'Datte', NULL, 'M', 53, 458, 0),
(1428, 'Eléa', 'Kentwell', '1999-01-22', 'M', 72, 372, 0),
(1429, 'Anaëlle', 'Matthessen', '1965-01-16', 'F', 24, 372, 0),
(1430, 'Néhémie', 'Lotterington', '1969-05-13', 'F', 120, 477, 0),
(1431, 'Kuí', 'Dwire', '1954-09-02', 'F', 137, 361, 0),
(1432, 'Vérane', 'Cobden', '2001-05-07', 'F', 126, 95, 0),
(1433, 'Stévina', 'Peret', '1959-12-24', 'F', 46, 552, 0),
(1434, 'Mélodie', 'Biernacki', '1975-11-17', 'F', 23, 365, 0),
(1435, 'Tú', 'Jagg', '1977-10-12', 'M', 90, 529, 0),
(1436, 'Aurélie', 'Cullagh', '1997-08-29', NULL, 143, 323, 0),
(1437, 'Aurélie', 'Hutcheon', '1979-06-13', NULL, 86, 194, 0),
(1438, 'Nélie', 'Pinkney', '1971-01-12', 'M', 47, 108, 0),
(1439, 'Publicité', 'Balcock', '1994-02-26', 'F', 50, 753, 0),
(1440, 'Crééz', 'Stiles', '1953-03-19', 'F', 78, 111, 0),
(1441, 'Esbjörn', 'Falconar', '1995-06-28', 'F', 72, 403, 0),
(1442, 'Lorène', 'Collins', '1990-09-17', 'M', 139, 509, 0),
(1443, 'Rébecca', 'Naisey', '1959-11-27', NULL, 33, 519, 0),
(1444, 'Yénora', 'Connell', NULL, 'F', 120, 435, 0),
(1445, 'Marie-thérèse', 'Waldrum', '1959-04-23', 'F', 42, 107, 0),
(1446, 'Desirée', 'McIlrath', NULL, 'M', 89, 22, 0),
(1447, 'Pål', 'Maeer', '2000-02-25', 'F', 90, 219, 0),
(1448, 'Marie-hélène', 'Clowes', '1971-02-07', 'M', 80, 89, 0),
(1449, 'Gisèle', 'Urquhart', NULL, 'M', 63, 578, 0),
(1450, 'Wá', 'Gubbin', '1954-06-11', 'F', 82, 555, 0),
(1451, 'Pål', 'Trayes', '1996-02-28', 'F', 137, 655, 0),
(1452, 'Léa', 'Kilfether', '1966-02-13', 'M', 81, 148, 0),
(1453, 'Liè', 'Jenner', '1994-01-11', 'F', 97, 702, 0),
(1454, 'Cinéma', 'Avrahamy', '1993-01-19', 'F', 126, 496, 0),
(1455, 'Célia', 'Iacomelli', '1982-04-08', 'M', 50, 702, 0),
(1456, 'Mégane', 'Bolesworth', '1955-08-20', 'F', 38, 541, 0),
(1457, 'Inès', 'Tison', '1951-07-30', 'M', 74, 365, 0),
(1458, 'Maïlis', 'Moodycliffe', '1953-08-04', 'F', 134, 93, 0),
(1459, 'Gisèle', 'Bush', '1956-05-31', 'F', 105, 50, 0),
(1460, 'Gaëlle', 'McGloughlin', '1978-06-20', 'M', 2, 292, 0),
(1461, 'Adélaïde', 'Shernock', '1977-05-16', 'F', 93, 513, 0),
(1462, 'Adèle', 'Hanaford', '1968-07-09', 'F', 41, 606, 0),
(1463, 'Lèi', 'Weafer', '1980-12-13', 'F', 109, NULL, 0),
(1464, 'Görel', 'Randleson', NULL, 'M', 82, 570, 0),
(1465, 'Kù', 'Joderli', '1997-05-20', NULL, 99, 733, 0),
(1466, 'Néhémie', 'Cloney', '1993-10-14', 'F', 99, 8, 0),
(1467, 'Chloé', 'Bignal', '1963-01-13', 'M', 79, 339, 0),
(1468, 'Kévina', 'Porte', '1999-07-29', 'F', 103, 119, 0),
(1469, 'Yénora', 'Follacaro', '1984-10-02', 'M', 50, 441, 0),
(1470, 'Örjan', 'Emerine', '1965-10-04', 'F', 143, 10, 0),
(1471, 'Marie-ève', 'Ingraham', '1961-02-04', 'F', 25, 115, 0),
(1472, 'Bérénice', 'Curson', '1952-07-30', 'M', 71, 102, 0),
(1473, 'Gaïa', 'Arkle', '1974-10-17', 'F', 72, 783, 0),
(1474, 'Marie-josée', 'Pickersail', '1984-03-16', 'M', 85, 235, 0),
(1475, 'Mén', 'Domegan', NULL, 'M', 47, 428, 0),
(1476, 'Félicie', 'Wheaton', '1953-10-27', 'F', 56, 767, 0),
(1477, 'Lài', 'Tilly', '1990-04-23', 'M', 128, 142, 0),
(1478, 'Åke', 'Hofton', '2005-12-23', 'M', 129, 351, 0),
(1479, 'Bécassine', 'Andor', '1984-04-20', 'F', 85, 692, 0),
(1480, 'Bénédicte', 'Anstey', '2002-05-21', 'M', 67, 632, 0),
(1481, 'Börje', 'Duligall', '1979-06-07', 'F', 42, 769, 0),
(1482, 'Mélia', 'Tight', '1961-06-16', 'F', 104, 35, 0),
(1483, 'Alizée', 'Moline', '1998-05-02', 'M', 23, NULL, 0),
(1484, 'Stéphanie', 'Magovern', '2000-11-14', 'M', 67, 361, 0),
(1485, 'Örjan', 'Alty', '1983-09-14', 'F', 82, 614, 0),
(1486, 'Hélène', 'Reeds', '1985-09-21', 'M', 30, 570, 0),
(1487, 'Salomé', 'O\'Loghlen', '1997-08-25', 'F', 114, 392, 0),
(1488, 'Séréna', 'Morris', '1966-02-04', 'F', 151, 574, 0),
(1489, 'Annotés', 'Jedraszek', '1988-11-07', 'F', 85, 277, 0),
(1490, 'Maïly', 'Jerman', '1951-12-02', 'F', 98, 633, 0),
(1491, 'Mélanie', 'Howchin', '1953-12-16', 'F', 40, 344, 0),
(1492, 'Miléna', 'Tagg', '1983-12-10', 'M', 105, 787, 0),
(1493, 'Réjane', 'Snelle', '1976-03-27', 'F', 19, 125, 0),
(1494, 'Kuí', 'Duthie', '1998-09-28', 'F', 83, 451, 0),
(1495, 'Océanne', 'Chatten', '1965-05-20', 'F', 7, 117, 0),
(1496, 'Cinéma', 'Fobidge', '1964-02-03', 'M', NULL, 439, 0),
(1497, 'Adèle', 'Lombardo', '1985-08-05', 'F', 85, 446, 0),
(1498, 'Håkan', 'Silverman', '1989-05-31', 'M', 81, 323, 0),
(1499, 'Hélène', 'Rebillard', '2006-01-22', 'M', 92, 481, 0),
(1500, 'Méline', 'Smalles', '1983-03-20', 'F', 113, 41, 0),
(1501, 'Maïly', 'Paur', '1991-04-18', 'F', 134, 638, 0),
(1502, 'Ruò', 'Wynrehame', '1976-03-07', 'F', 96, NULL, 1),
(1503, 'Aí', 'Crinidge', '1959-09-12', 'M', 21, 377, 0),
(1504, 'Camélia', 'Edelheit', '1995-05-09', 'F', 151, 340, 0),
(1505, 'Annotés', 'Menci', '1993-09-15', 'F', 103, 113, 0),
(1506, 'Michèle', 'Graben', '1967-06-10', 'M', 5, 522, 0),
(1507, 'Bénédicte', 'Treece', '1978-05-25', 'M', 77, 612, 0),
(1508, 'Maëlle', 'Gynne', '1969-07-05', 'M', 51, 490, 0),
(1509, 'Camélia', 'Redwall', '1982-06-28', 'F', 26, 164, 0),
(1510, 'Marie-noël', 'Adrain', '1987-02-24', NULL, 152, 507, 0),
(1511, 'Yénora', 'Hachard', '2004-02-19', 'F', 19, 492, 0),
(1512, 'Laurène', 'Bicheno', '1974-05-13', 'M', 105, NULL, 0),
(1513, 'Annotée', 'Muldowney', '1957-10-28', 'M', 101, 383, 0),
(1514, 'Björn', 'Scrimgeour', '1988-04-16', 'F', 84, 93, 0),
(1515, 'Eléonore', 'Grzelczyk', '1952-06-05', 'M', 49, 705, 0),
(1516, 'Léana', 'Mettetal', '1958-11-02', 'F', NULL, 556, 0),
(1517, 'Méghane', 'Greenshields', '2003-02-14', 'F', 21, 682, 0),
(1518, 'Estée', 'Rableau', '1970-05-25', 'M', NULL, 421, 0),
(1519, 'Alizée', 'Hindhaugh', '1981-12-23', 'F', 36, 222, 0),
(1520, 'Océane', 'Meldon', '1974-05-10', 'M', 65, 130, 0),
(1521, 'Céline', 'Seyers', '1999-12-15', 'F', 21, 44, 0),
(1522, 'Adèle', 'Montfort', '2005-03-03', 'M', 113, 28, 0),
(1523, 'Nadège', 'Darington', '1951-10-19', 'M', 142, 186, 0),
(1524, 'Crééz', 'Root', '1979-12-19', 'F', 15, 287, 0),
(1525, 'Andrée', 'Sanches', '1977-12-01', NULL, 152, 189, 0),
(1526, 'André', 'Dachs', '1970-03-29', 'M', 78, 266, 0),
(1527, 'Loïc', 'Notley', '1973-02-21', 'F', 58, 281, 0),
(1528, 'Lài', 'Dolligon', '1982-11-09', 'M', 48, 15, 0),
(1529, 'Méline', 'Kenwrick', '1970-06-04', 'M', 64, NULL, 0),
(1530, 'Gisèle', 'Rabbitt', '1984-03-17', 'F', 69, 416, 0),
(1531, 'Lauréna', 'Challenor', '1975-02-05', 'F', 139, 543, 0),
(1532, 'Mélina', 'Scothern', '1955-08-17', 'M', 95, 205, 0),
(1533, 'Clémence', 'Gopsell', '1968-07-30', 'M', 101, NULL, 0),
(1534, 'Marie-ève', 'Lewington', '1975-09-23', 'M', 123, 191, 0),
(1535, 'Magdalène', 'Gorring', '1955-05-23', 'F', 56, 745, 0),
(1536, 'Dafnée', 'Adamik', '1961-07-04', 'M', 7, 527, 0),
(1537, 'Véronique', 'Cominotti', '2001-05-19', 'F', 94, 441, 0),
(1538, 'Marylène', 'Giovannini', '1980-03-24', 'M', 90, 311, 0),
(1539, 'Thérèse', 'Rahlof', '1968-08-11', 'F', 44, 179, 0),
(1540, 'Zoé', 'Hattigan', '1992-08-09', 'M', 32, 28, 0),
(1541, 'Maéna', 'Hordell', NULL, 'F', 59, NULL, 0),
(1542, 'Amélie', 'Scudder', '1995-11-14', 'M', 124, 442, 0),
(1543, 'Marie-françoise', 'Vise', '1983-01-17', 'M', 50, 255, 0),
(1544, 'Faîtes', 'Grastye', '2002-10-20', 'F', 78, 288, 0),
(1545, 'Clémence', 'Dunthorne', '1963-06-29', 'M', 47, NULL, 1),
(1546, 'Pélagie', 'Befroy', '2001-11-03', 'F', 118, 381, 0),
(1547, 'Eliès', 'Harral', '1991-04-21', 'F', 96, 479, 0),
(1548, 'Yáo', 'Kissick', '1989-01-26', 'F', 49, 472, 0),
(1549, 'Clélia', 'Pearcy', '1992-06-03', 'F', 45, 487, 0),
(1550, 'Maëline', 'Medgwick', '1976-11-08', 'F', 103, 711, 0),
(1551, 'Håkan', 'Blodgetts', NULL, 'M', 100, 122, 0),
(1552, 'Léandre', 'Mort', '1988-10-30', 'M', 119, 144, 0),
(1553, 'Mélia', 'Soppit', '1988-10-09', 'F', 92, 263, 0),
(1554, 'Réservés', 'Breinlein', '1968-06-14', 'F', 118, 371, 0),
(1555, 'Crééz', 'Garnham', '1977-06-05', 'M', 39, 614, 0),
(1556, 'Åslög', 'Moxon', '1963-12-13', 'F', 117, 702, 0),
(1557, 'Dà', 'Sams', '1961-12-06', 'F', 34, 609, 0),
(1558, 'Yóu', 'Webber', '1993-08-02', 'F', 60, 408, 0),
(1559, 'Aí', 'Fantonetti', '1952-06-05', 'M', 33, 200, 0),
(1560, 'Daphnée', 'Cutteridge', '1979-10-20', NULL, 92, 714, 0),
(1561, 'Åsa', 'Champney', '1966-03-22', 'M', 88, 413, 0),
(1562, 'Gwenaëlle', 'Dakhno', NULL, 'M', 105, 238, 0),
(1563, 'Françoise', 'Groven', '1984-01-04', 'M', 26, 254, 0),
(1564, 'Andréanne', 'Cinavas', '2004-11-25', 'F', 35, 492, 0),
(1565, 'Uò', 'Durtnal', NULL, 'F', 122, 796, 0),
(1566, 'Stévina', 'Thewys', '1980-12-26', 'M', 90, 315, 0),
(1567, 'Géraldine', 'Boland', '2002-03-22', 'F', 144, 14, 0),
(1568, 'Eléa', 'Portman', '1977-08-17', 'M', 124, 745, 0),
(1569, 'Néhémie', 'Stripp', NULL, 'M', 150, 299, 0),
(1570, 'Göran', 'Mityashev', '1973-07-28', 'F', 17, 701, 0),
(1571, 'Stévina', 'Minchin', '1966-02-07', 'F', 70, 424, 0),
(1572, 'Pò', 'Pimmocke', '1953-06-08', 'F', 94, 491, 0),
(1573, 'Ráo', 'Okell', NULL, 'M', 37, 719, 0),
(1574, 'Dù', 'Prantoni', '1965-09-06', 'F', 118, 514, 0),
(1575, 'Maïwenn', 'Vivians', NULL, 'M', 104, 391, 0),
(1576, 'Cléopatre', 'Pentin', '1977-12-31', 'F', 123, 188, 0),
(1577, 'Lyséa', 'Filchakov', '2004-10-10', 'M', NULL, 555, 0),
(1578, 'Annotés', 'Purviss', '1975-05-30', 'M', 79, 84, 0),
(1579, 'Annotés', 'Burkert', NULL, 'F', 41, 463, 0),
(1580, 'Zoé', 'Matuszak', '1967-10-30', 'M', 65, 770, 0),
(1581, 'Åslög', 'Descroix', '1950-11-26', 'F', 129, 8, 0),
(1582, 'Léonore', 'Schubart', '1958-05-30', 'F', 151, 585, 0),
(1583, 'Mén', 'Sandeson', '1975-08-13', 'M', 70, 638, 0),
(1584, 'Mylène', 'Witherden', '1976-06-23', 'F', 124, 406, 0),
(1585, 'Nadège', 'De Bruijn', '2000-07-21', 'M', 145, 731, 0),
(1586, 'Simplifiés', 'Wilde', '1980-08-24', 'F', 4, 90, 0),
(1587, 'Angèle', 'Winckle', '1999-02-19', 'F', 107, 449, 0),
(1588, 'Marie-françoise', 'Maevela', '1988-07-03', 'F', NULL, 643, 0),
(1589, 'Miléna', 'McCard', '1983-01-20', 'F', 50, 487, 0),
(1590, 'Océane', 'Willingam', '1963-03-11', 'M', 40, 528, 0),
(1591, 'Séréna', 'Vallender', '1954-05-28', 'M', 77, 313, 0),
(1592, 'Yáo', 'Samme', '1959-01-27', 'F', 100, 90, 0),
(1593, 'Angélique', 'Longford', '1952-09-05', 'M', 119, 66, 0),
(1594, 'Danièle', 'Somerset', '1976-08-08', NULL, 133, 169, 0),
(1595, 'Gaïa', 'Tams', '1987-10-22', 'F', 2, 9, 0),
(1596, 'Måns', 'Easterby', '1963-11-20', 'M', 110, 275, 0),
(1597, 'Annotée', 'Batman', '1974-02-20', 'M', 57, 407, 0),
(1598, 'Aurélie', 'Dyas', '1982-08-08', 'M', 152, 218, 0),
(1599, 'Lóng', 'Piscot', '1969-10-11', 'F', 75, 640, 0),
(1600, 'Noëlla', 'Tzuker', NULL, 'F', 94, 537, 0),
(1601, 'Félicie', 'MacMurray', '1978-10-26', 'M', 79, 649, 0),
(1602, 'Athéna', 'Barhims', '1968-02-26', 'F', 2, 631, 0),
(1603, 'Erwéi', 'Whiten', '1981-04-15', 'M', 75, 2, 0),
(1604, 'Naëlle', 'Bilbie', '1974-07-14', 'M', 138, 727, 0),
(1605, 'Géraldine', 'Mochan', NULL, 'F', 115, 97, 0),
(1606, 'Eugénie', 'Juett', '1976-07-15', 'F', 26, 785, 0),
(1607, 'Åslög', 'Etherington', '1985-02-09', 'M', 14, 69, 0),
(1608, 'Marie-hélène', 'McKmurrie', '1997-11-09', 'M', NULL, NULL, 0),
(1609, 'Marie-josée', 'Skeermor', '1973-02-21', 'F', 72, 467, 0),
(1610, 'Thérèse', 'Keattch', '1972-03-21', 'F', 113, 121, 0),
(1611, 'Andréanne', 'Beebee', '1966-12-07', 'F', 148, 97, 0),
(1612, 'Dorothée', 'Horsewood', '1995-09-18', NULL, 33, 774, 0),
(1613, 'Irène', 'Hulke', '1959-08-01', 'M', 64, 186, 0),
(1614, 'Camélia', 'Ainscow', '1973-12-26', 'F', 126, 726, 0),
(1615, 'Maïlys', 'McIlhatton', '1976-04-05', 'F', 39, 544, 0),
(1616, 'Méghane', 'Quiddington', '1973-04-04', 'M', 69, 139, 0),
(1617, 'Aí', 'Hinchcliffe', NULL, 'F', 70, 538, 0),
(1618, 'Audréanne', 'Senner', '1950-02-17', 'M', 40, 222, 0),
(1619, 'Noémie', 'Plaunch', '1962-04-09', 'F', 84, 150, 0),
(1620, 'Yú', 'Chritchley', '1950-03-20', 'F', 30, 126, 0),
(1621, 'Cloé', 'Michal', '1967-06-19', 'M', 8, 554, 0),
(1622, 'Angélique', 'Carrier', '1967-11-29', 'M', 107, 529, 0),
(1623, 'Miléna', 'Waldron', '1966-06-06', 'M', NULL, 130, 0),
(1624, 'Maïlys', 'Adnam', '1985-08-25', 'F', 107, 267, 0),
(1625, 'Publicité', 'Swiffin', '1952-11-22', 'F', 77, 152, 0),
(1626, 'Agnès', 'Collymore', '1980-11-10', 'M', 142, 485, 0),
(1627, 'Camélia', 'Stanes', '1952-11-07', 'M', 66, 754, 0),
(1628, 'Maïlys', 'Willerstone', '1992-11-09', 'M', 110, 609, 0),
(1629, 'Maïly', 'Crone', '1957-05-19', 'F', 3, 701, 0),
(1630, 'Maëlys', 'Heggs', '1989-09-12', NULL, NULL, 275, 0),
(1631, 'Méline', 'Barnbrook', '1952-03-28', NULL, 134, 583, 0),
(1632, 'Fèi', 'Kroll', '1975-01-06', 'M', 107, 568, 0),
(1633, 'Åke', 'Doyley', NULL, 'M', 44, 551, 0),
(1634, 'Almérinda', 'Book', '1999-12-19', 'F', 55, 10, 0),
(1635, 'Léonore', 'Giorgini', '1950-08-28', 'F', 30, 603, 0),
(1636, 'Réservés', 'Weightman', '1973-08-30', 'F', 53, 459, 0),
(1637, 'Estève', 'Seeger', '1995-07-31', 'M', 96, 563, 0),
(1638, 'Mélia', 'Bonnor', '1979-11-14', 'F', 81, 247, 0),
(1639, 'Michèle', 'Kenwyn', '1989-06-07', 'M', 131, 50, 0),
(1640, 'Eugénie', 'Davitt', '1997-08-16', 'M', 28, 484, 0),
(1641, 'Nélie', 'Dearan', '1963-07-18', 'F', 8, NULL, 0),
(1642, 'Aí', 'Greer', '2005-04-18', 'M', 85, 138, 0),
(1643, 'Estève', 'Pisculli', '1954-01-01', 'M', 43, 500, 0),
(1644, 'Géraldine', 'Jepps', '1979-06-13', 'F', 22, 580, 0),
(1645, 'Lucrèce', 'Bodycombe', '1957-08-25', 'M', 40, 335, 0),
(1646, 'Nuó', 'Abelov', '1996-01-17', 'F', 153, 604, 0),
(1647, 'Lauréna', 'Whittock', '1979-07-05', 'F', 127, 47, 0),
(1648, 'Åslög', 'Tubbs', '1955-07-30', 'F', 132, 719, 0),
(1649, 'Célia', 'Riley', '1961-08-19', 'F', 31, 615, 0),
(1650, 'Eloïse', 'Ferrelli', '1972-12-20', 'F', 25, NULL, 0),
(1651, 'Maëline', 'Kingzett', '2002-09-30', 'F', 43, 413, 0),
(1652, 'Bérangère', 'Spire', '1989-08-12', 'F', 113, 643, 0),
(1653, 'Dù', 'O\' Donohoe', '1963-06-15', 'M', 127, 331, 0),
(1654, 'Cécilia', 'Paladini', '1996-04-22', 'M', 32, 263, 0),
(1655, 'Stévina', 'Eronie', '2001-10-07', 'F', 90, 35, 0),
(1656, 'Céline', 'Hammelberg', '1997-08-07', 'M', 24, 462, 0),
(1657, 'Ruì', 'Bridson', '1990-08-12', 'F', 115, 552, 0),
(1658, 'Clémentine', 'Paris', NULL, 'M', 107, 122, 0),
(1659, 'Lauréna', 'Roskeilly', '1986-11-22', 'M', NULL, 208, 0),
(1660, 'Kù', 'Grogono', '1983-10-09', 'F', 78, 613, 0),
(1661, 'Lèi', 'Antoshin', NULL, 'M', 10, 7, 0),
(1662, 'Léana', 'Norwell', '1988-04-07', 'M', 79, 613, 0),
(1663, 'Geneviève', 'Ricca', '1957-10-31', 'M', 99, 295, 0),
(1664, 'Lèi', 'Mewett', '1956-04-07', 'F', 79, 676, 0),
(1665, 'Börje', 'Hibbart', '1992-04-29', 'M', 19, 33, 0),
(1666, 'Laïla', 'Sabathe', '1983-05-24', 'F', 118, 552, 0),
(1667, 'Andréa', 'Avrahm', '1982-06-11', 'M', 138, 712, 0),
(1668, 'Cécile', 'Goldhill', '1977-12-07', 'F', 27, 47, 0),
(1669, 'Lauréna', 'Livzey', NULL, 'M', 137, 117, 0),
(1670, 'Bérangère', 'Striker', '1956-03-07', 'F', 70, 606, 0),
(1671, 'Eloïse', 'Butler', '1991-01-12', NULL, 31, 425, 0),
(1672, 'Faîtes', 'Guidera', '1987-10-12', 'F', 121, 236, 0),
(1673, 'Maëly', 'Slowey', '1977-12-17', 'F', NULL, 138, 0),
(1674, 'Yóu', 'Whitrod', '1974-02-21', 'M', 85, 426, 0),
(1675, 'Mélissandre', 'Scotchmer', '1984-03-13', 'F', 138, 430, 0),
(1676, 'Eléonore', 'De Giovanni', '1980-09-22', 'F', 132, 352, 0),
(1677, 'Edmée', 'Crebo', NULL, 'F', 64, 552, 0),
(1678, 'Mà', 'Redwood', '1967-05-28', 'M', 11, 243, 0),
(1679, 'Marie-thérèse', 'Bell', '1968-11-06', 'F', 128, 760, 0),
(1680, 'Dù', 'Mosby', '1970-10-28', 'M', 61, 63, 0),
(1681, 'Annotée', 'Eyles', '2000-12-08', 'M', 28, 732, 0),
(1682, 'Gaëlle', 'Khidr', '1956-10-12', 'F', 7, 18, 0),
(1683, 'Maïlis', 'Falck', '1961-08-06', 'F', 84, 405, 0),
(1684, 'Irène', 'Robelet', '1965-03-16', 'F', 118, 653, 0),
(1685, 'Kù', 'Egalton', '1960-12-02', NULL, 85, 360, 0),
(1686, 'Cécile', 'Seamons', '1951-11-26', 'F', NULL, 281, 0),
(1687, 'Gösta', 'McBain', '1950-11-02', 'F', 41, 221, 0),
(1688, 'Eléa', 'Aumerle', '1968-01-27', 'F', 53, 355, 0),
(1689, 'André', 'Fossord', '2001-08-11', 'F', 52, 282, 0),
(1690, 'Illustrée', 'Ross', '1957-11-08', 'F', 39, 785, 0),
(1691, 'Vérane', 'Ceillier', '1969-09-05', 'M', 10, NULL, 0),
(1692, 'Bérengère', 'Harmer', '1995-06-23', 'M', 68, 746, 0),
(1693, 'Mélys', 'Killwick', '1962-11-01', 'F', 27, 719, 0),
(1694, 'Clélia', 'Allum', '1961-11-01', 'M', 147, 93, 0),
(1695, 'Crééz', 'Goose', '1976-10-11', 'F', 108, 19, 0),
(1696, 'Renée', 'Maypowder', '1995-11-14', 'M', 59, 520, 0),
(1697, 'Stévina', 'Sciacovelli', '1973-06-15', 'F', 21, 582, 0),
(1698, 'Méthode', 'Braghini', '1987-06-29', 'M', 93, 271, 0),
(1699, 'Clémentine', 'Flanders', '1964-12-25', 'M', 103, 439, 0),
(1700, 'Maëline', 'Yonge', '1999-07-02', 'M', 65, 140, 0),
(1701, 'Kallisté', 'Fellow', '2004-02-17', 'M', 5, 98, 0),
(1702, 'Åke', 'Richmond', '1993-03-26', 'M', 8, 443, 0),
(1703, 'Anaé', 'Constantine', '1955-02-04', 'F', 50, 425, 0),
(1704, 'Aloïs', 'Annes', '1987-01-31', 'M', 124, 355, 0),
(1705, 'Salomé', 'Redferne', '1983-05-26', 'M', 59, 644, 0),
(1706, 'Vérane', 'Petrescu', '1990-03-18', 'M', 43, 460, 0),
(1707, 'Eugénie', 'Tregaskis', '1979-01-04', 'F', 92, 580, 0),
(1708, 'Maëlla', 'Orrum', '1965-03-16', 'M', 46, 213, 0),
(1709, 'Rébecca', 'Mulrenan', NULL, 'M', 37, 683, 0),
(1710, 'Eliès', 'Berntsson', '1950-02-18', 'F', 89, 145, 0),
(1711, 'Mélinda', 'Doudney', '1972-03-09', 'M', 147, 242, 0),
(1712, 'Léana', 'Briddock', '1952-12-18', 'M', 67, 360, 0),
(1713, 'Miléna', 'Dodswell', '1972-11-13', 'F', 63, 378, 0),
(1714, 'Léana', 'Olivier', '1987-05-08', 'M', 24, 709, 0),
(1715, 'Méline', 'Le Franc', '1957-12-25', 'M', 9, 301, 0),
(1716, 'Méng', 'Lince', '1955-11-07', 'M', 79, 780, 0),
(1717, 'Anaé', 'Tinwell', '1966-01-05', 'M', 60, 732, 0),
(1718, 'Östen', 'Wickes', '1985-03-13', 'M', 85, 409, 0),
(1719, 'Desirée', 'Jambrozek', '1977-05-02', 'F', NULL, 128, 0),
(1720, 'Zoé', 'Caygill', '1976-05-18', 'F', 80, 599, 0),
(1721, 'Annotés', 'Crucetti', '1972-07-06', 'M', 115, 509, 0),
(1722, 'Audréanne', 'Muge', '1950-11-01', 'F', 104, 160, 0),
(1723, 'Ráo', 'Gibard', '1980-12-03', 'M', 72, 578, 0),
(1724, 'Kallisté', 'Calveley', '2001-10-24', 'F', 6, 133, 0),
(1725, 'Anaé', 'Prator', '1981-03-24', 'F', 108, 142, 0),
(1726, 'Eléonore', 'Hatchell', NULL, 'M', 39, 261, 0),
(1727, 'Andréa', 'Beecraft', '2002-10-24', 'M', 61, 653, 0),
(1728, 'Esbjörn', 'MacAndrew', '1973-12-02', 'M', 96, 448, 0),
(1729, 'Mahélie', 'Scriver', '1975-09-10', 'F', 83, 587, 0),
(1730, 'Vérane', 'Cartwright', '1952-04-23', 'F', 77, 102, 0),
(1731, 'Méghane', 'Kaye', '2004-05-08', 'M', 60, 433, 0),
(1732, 'Adèle', 'Mulvey', '2002-05-01', 'F', 141, 2, 0),
(1733, 'Bérengère', 'Normanton', '1969-10-30', 'F', 31, 437, 0),
(1734, 'Inès', 'Ackwood', '1958-04-05', 'M', 53, 189, 0),
(1735, 'Josée', 'Villaron', '1953-05-18', 'F', 134, 137, 0),
(1736, 'Mégane', 'Stinson', '1994-11-26', 'F', 151, 539, 0),
(1737, 'Clémentine', 'Sherwill', '1961-10-27', 'M', 49, 411, 0),
(1738, 'Naéva', 'Aronoff', '1953-02-18', 'F', 64, 160, 0),
(1739, 'Marie-hélène', 'Hobell', '1992-06-21', 'M', 101, 442, 0),
(1740, 'Mylène', 'Parrott', '1961-06-13', 'M', 45, 441, 0),
(1741, 'Médiamass', 'Laurentino', '1962-12-20', 'M', 141, 189, 0);
INSERT INTO `employees` (`id`, `first_name`, `last_name`, `birthdate`, `sex`, `city_fk`, `company_fk`, `is_deleted`) VALUES
(1742, 'Régine', 'Coppin', '1996-11-20', 'M', 29, 635, 0),
(1743, 'Yè', 'O\'Dee', '2000-12-08', 'F', 106, 106, 0),
(1744, 'Françoise', 'Bordessa', '1999-03-20', 'F', 59, 227, 0),
(1745, 'Eugénie', 'Clearie', '1997-08-23', 'F', 96, 438, 0),
(1746, 'Andréa', 'Myott', '1959-11-06', 'M', 110, 111, 0),
(1747, 'Pål', 'Petrie', '1958-01-20', 'M', 108, 330, 0),
(1748, 'Aloïs', 'Catcheside', NULL, 'M', 142, 763, 0),
(1749, 'Táng', 'Faunch', '1952-11-29', 'F', 91, 731, 0),
(1750, 'Chloé', 'Dumper', NULL, 'F', 123, 511, 0),
(1751, 'Andrée', 'Hatzar', '1959-01-24', 'M', 93, 670, 0),
(1752, 'Marie-noël', 'Forestel', NULL, 'M', 122, 635, 0),
(1753, 'Lyséa', 'Reven', '1980-07-29', 'M', 81, 601, 0),
(1754, 'Esbjörn', 'Rosenfelt', NULL, 'F', 96, 63, 0),
(1755, 'Rébecca', 'Klimschak', '2002-03-11', 'M', 86, 217, 0),
(1756, 'Béatrice', 'Pateman', '1996-03-12', 'M', 72, 449, 0),
(1757, 'Fèi', 'Ruos', '1958-12-02', NULL, 88, 121, 0),
(1758, 'Bérangère', 'Blunn', '1967-08-30', 'F', 64, 353, 0),
(1759, 'Athéna', 'Buckenhill', '2005-03-11', 'M', 6, 309, 0),
(1760, 'Mén', 'Oddie', '2004-11-27', 'F', 122, 117, 0),
(1761, 'Dù', 'Ezzle', '1971-07-09', 'F', 117, 208, 0),
(1762, 'Stévina', 'Rennles', '1957-10-20', 'F', 26, 799, 0),
(1763, 'Desirée', 'Vosper', '1983-08-21', 'M', 119, 305, 0),
(1764, 'Clémence', 'Runge', '2001-02-20', 'M', 28, NULL, 0),
(1765, 'Märta', 'Fradgley', '1970-08-25', 'M', 11, 53, 0),
(1766, 'Magdalène', 'Gawke', '1992-12-27', 'F', 38, 129, 0),
(1767, 'Fèi', 'Enoksson', '1976-03-24', 'M', 144, 793, 0),
(1768, 'Eliès', 'Gingle', '1971-07-02', 'M', 102, 659, 0),
(1769, 'Adèle', 'Cuddehy', '1996-04-11', 'F', 117, 757, 0),
(1770, 'Örjan', 'todor', '1990-03-08', 'M', 127, 411, 0),
(1771, 'Gaïa', 'Pinckney', '1956-05-04', 'M', 5, 244, 0),
(1772, 'Danièle', 'Stear', '1956-09-09', 'M', 129, 757, 0),
(1773, 'Hélène', 'Easum', '1985-07-26', 'F', 93, 60, 0),
(1774, 'Léana', 'Gaylard', '1960-02-21', 'M', 60, 329, 0),
(1775, 'Judicaël', 'Hughesdon', '1971-08-14', 'F', 146, 631, 0),
(1776, 'Marylène', 'Bedingfield', '1995-10-13', 'M', 18, NULL, 0),
(1777, 'Célia', 'Ragot', '1972-04-16', 'F', 131, 584, 0),
(1778, 'Sélène', 'Kubelka', '1951-10-26', 'M', NULL, 715, 0),
(1779, 'Michèle', 'Alcock', '2005-05-17', 'F', 135, 14, 0),
(1780, 'Mylène', 'Towndrow', '2001-05-19', NULL, NULL, 192, 0),
(1781, 'Josée', 'Chalice', '2004-05-26', 'F', 11, 476, 0),
(1782, 'Frédérique', 'Clere', '1996-11-21', 'M', 33, 256, 0),
(1783, 'Gaïa', 'Rosindill', '1968-06-02', 'M', 120, 409, 0),
(1784, 'Inès', 'Gahan', '1993-07-26', 'M', 50, 798, 0),
(1785, 'Danièle', 'Pietesch', '1956-01-08', 'F', 143, 503, 0),
(1786, 'Marie-ève', 'Derrell', '1997-07-07', 'F', 84, 404, 0),
(1787, 'Lucrèce', 'Gaddesby', '1994-11-10', 'F', 102, 688, 0),
(1788, 'Miléna', 'Chumley', '1977-10-07', 'F', 115, 531, 0),
(1789, 'Loïc', 'Eastes', '1963-11-23', 'M', 96, 214, 0),
(1790, 'Maëlann', 'Gosz', '1972-09-24', NULL, 153, 783, 0),
(1791, 'Bécassine', 'Tofts', '1957-10-12', 'M', 67, 629, 0),
(1792, 'Hélèna', 'Doel', NULL, 'M', 78, NULL, 0),
(1793, 'Séréna', 'Pendock', '1965-01-23', 'F', 21, 602, 0),
(1794, 'Lèi', 'Thonger', '1952-11-06', 'F', 97, 507, 0),
(1795, 'Andréanne', 'MacCard', '1989-08-31', 'F', 65, 431, 0),
(1796, 'Lén', 'Dillicate', '2003-07-08', 'M', 8, 303, 0),
(1797, 'Adélaïde', 'Cowthart', '1976-08-25', 'F', NULL, 62, 0),
(1798, 'Mélanie', 'Orniz', '1992-06-01', 'M', 115, 534, 0),
(1799, 'Rébecca', 'Giff', NULL, 'F', 86, 78, 0),
(1800, 'Personnalisée', 'Loud', '1979-12-19', 'F', 48, 557, 0),
(1801, 'Mélissandre', 'Stockall', '1954-01-23', 'F', 57, 381, 0),
(1802, 'Publicité', 'Bodley', '2001-10-24', 'F', 63, 178, 0),
(1803, 'Örjan', 'Pietrasik', NULL, 'M', 30, 580, 0),
(1804, 'Mà', 'McKeowon', '1987-10-20', 'M', 16, NULL, 0),
(1805, 'Loïc', 'Lazarus', '1968-10-01', 'M', 142, 219, 0),
(1806, 'Méryl', 'Cordeau', '1997-01-09', 'M', 68, 519, 0),
(1807, 'Yénora', 'Schubert', '2005-11-21', 'F', 109, 690, 0),
(1808, 'Réjane', 'Keays', '1958-09-16', 'M', 71, 533, 0),
(1809, 'Danièle', 'Menzies', NULL, 'M', 55, 164, 0),
(1810, 'Maëlle', 'Esmead', '1997-04-23', 'M', 9, 203, 0),
(1811, 'Görel', 'Lindro', '1957-06-28', 'M', 4, 633, 0),
(1812, 'Marie-josée', 'Cartlidge', '2002-04-20', 'M', 31, 738, 0),
(1813, 'Mélys', 'Shanks', '1969-08-14', 'M', 63, 206, 0),
(1814, 'Magdalène', 'Skep', '1959-07-06', 'F', 109, 393, 0),
(1815, 'Gérald', 'Simonsson', '1998-04-14', 'F', 109, 760, 0),
(1816, 'Noëlla', 'Barney', '1955-01-29', 'F', 148, 566, 0),
(1817, 'Naéva', 'Theis', '1989-10-15', 'F', 44, 349, 0),
(1818, 'Marylène', 'Telega', '2004-03-13', 'F', 77, 494, 0),
(1819, 'Marie-françoise', 'Wilmut', '1984-07-10', 'M', 42, 487, 0),
(1820, 'Irène', 'Steeples', '1993-01-02', 'M', 38, 474, 0),
(1821, 'Maéna', 'Kirley', '1981-02-01', 'M', 19, 190, 0),
(1822, 'Lyséa', 'Jacobs', '1973-09-08', 'M', 146, 33, 0),
(1823, 'Styrbjörn', 'Biddell', '1961-02-17', NULL, NULL, 517, 0),
(1824, 'Josée', 'Condit', '1957-09-02', 'F', 12, 444, 0),
(1825, 'Lóng', 'Baxstar', '1977-02-16', 'F', 69, 446, 0),
(1826, 'André', 'Skegg', '1952-11-12', 'M', 71, 464, 0),
(1827, 'Marie-ève', 'Minard', '1979-11-13', 'F', 75, 731, 0),
(1828, 'Clémence', 'Kilban', '1994-10-21', 'F', NULL, 495, 0),
(1829, 'Chloé', 'McGrady', '1962-06-04', 'M', NULL, 97, 0),
(1830, 'Mégane', 'Edwards', '1952-06-07', NULL, 9, 292, 0),
(1831, 'Sélène', 'Fossey', '2003-02-22', 'F', 37, 726, 0),
(1832, 'Céline', 'Robinette', '1999-10-12', 'M', 123, 604, 0),
(1833, 'Célia', 'Andreaccio', NULL, 'M', 52, 495, 0),
(1834, 'Thérèse', 'Jordi', '1952-03-26', 'M', 59, 311, 0),
(1835, 'Ruì', 'Mulcock', '1968-05-11', 'M', 82, 757, 0),
(1836, 'Desirée', 'Claque', '1950-04-24', 'M', 130, NULL, 0),
(1837, 'Dafnée', 'Rosengarten', '1968-10-27', 'F', 54, 652, 0),
(1838, 'Réjane', 'Forkan', '2004-12-04', 'F', 42, 559, 0),
(1839, 'Hélèna', 'Matyugin', '1969-12-13', 'F', 125, 372, 0),
(1840, 'Gösta', 'Brosoli', '1977-02-12', 'F', 91, 277, 0),
(1841, 'Ruì', 'Smithen', '1954-08-30', 'F', 11, 738, 0),
(1842, 'Uò', 'Castello', '1998-08-07', 'M', 66, 106, 0),
(1843, 'Léone', 'Trimmill', '2000-04-23', 'M', 94, 311, 0),
(1844, 'Lucrèce', 'Sailor', NULL, 'F', 32, 489, 0),
(1845, 'Méng', 'Sayers', '1992-07-11', 'F', 17, 25, 0),
(1846, 'Faîtes', 'Lante', NULL, 'F', 85, 410, 0),
(1847, 'Pénélope', 'Frill', '1975-01-17', 'M', 108, 178, 0),
(1848, 'Agnès', 'Beldan', '1970-07-28', 'F', 91, 624, 0),
(1849, 'Kuí', 'Willmott', '1985-06-06', NULL, 153, 497, 0),
(1850, 'Mårten', 'MacParland', '1976-10-22', 'M', 147, 93, 0),
(1851, 'Valérie', 'Bardwell', '1951-09-22', 'M', 147, 652, 0),
(1852, 'Tán', 'Springer', '1981-01-31', 'F', NULL, 120, 0),
(1853, 'Camélia', 'Peerman', '1977-12-27', 'M', 138, 533, 0),
(1854, 'Méng', 'Madgwick', '1979-02-17', 'M', 92, 478, 0),
(1855, 'Estée', 'Presman', '1986-06-18', 'M', 77, 409, 0),
(1856, 'Andréa', 'Chater', '2005-07-03', 'M', 145, 662, 0),
(1857, 'Mélodie', 'Coopland', '1982-12-03', 'M', 67, 67, 0),
(1858, 'Salomé', 'Beadman', '1989-05-20', 'F', NULL, 265, 0),
(1859, 'Görel', 'Belliveau', '2003-10-29', 'F', 77, NULL, 0),
(1860, 'Dà', 'Cridlin', '1996-04-29', 'M', 54, 677, 0),
(1861, 'Eugénie', 'Oxbe', '1991-06-09', 'F', 48, 323, 0),
(1862, 'Andréanne', 'Ashbe', '1978-10-09', 'F', 98, 420, 0),
(1863, 'Åslög', 'Poulton', '1967-07-13', 'F', 47, 257, 0),
(1864, 'Kù', 'Garwood', '1985-10-19', 'F', 8, 593, 0),
(1865, 'Kuí', 'Dallyn', '1952-11-24', 'F', 60, 38, 0),
(1866, 'Nadège', 'Spurdon', '1958-07-04', 'M', 111, 343, 0),
(1867, 'Salomé', 'Salter', '2003-12-21', 'M', NULL, 126, 0),
(1868, 'Léandre', 'Renhard', '1999-07-13', 'M', 140, 302, 0),
(1869, 'Dà', 'Catcherside', '1991-05-14', 'M', 123, 787, 0),
(1870, 'Ruò', 'Bidgood', NULL, 'M', 7, 89, 0),
(1871, 'Méghane', 'Congrave', '2001-03-19', 'M', 5, 282, 0),
(1872, 'Bérangère', 'Graveney', '1970-03-23', 'M', 60, 151, 0),
(1873, 'Zhì', 'Rowles', '1991-10-23', 'M', 1, 469, 0),
(1874, 'Naéva', 'Maunder', '1957-03-26', 'F', 122, 588, 0),
(1875, 'Aimée', 'Staning', '1981-08-12', 'M', 31, 500, 0),
(1876, 'Athéna', 'Elies', '1999-10-07', 'F', 102, 1, 0),
(1877, 'Adèle', 'Ninnotti', '1985-11-22', 'M', 34, 735, 0),
(1878, 'Léana', 'Stangroom', '1975-03-26', 'F', 42, 474, 0),
(1879, 'Wá', 'Vonasek', '1990-12-16', 'M', 47, 713, 0),
(1880, 'Marlène', 'Rarity', '1977-02-21', 'M', 102, 208, 0),
(1881, 'Agnès', 'Maasze', '1956-03-02', 'F', 44, 193, 0),
(1882, 'Laurélie', 'Boggish', '1992-12-14', 'M', 62, 616, 0),
(1883, 'Marlène', 'Mabson', '1955-06-29', 'F', 6, 181, 0),
(1884, 'Maï', 'Colebourn', NULL, 'F', NULL, 549, 0),
(1885, 'Dorothée', 'Beggi', '1990-01-23', 'M', 148, 378, 0),
(1886, 'Mén', 'Surtees', '1974-12-30', 'M', 10, 291, 0),
(1887, 'Béatrice', 'Ironmonger', '1990-11-17', 'F', 117, 222, 0),
(1888, 'Aloïs', 'Newstead', '1983-08-09', 'M', 138, 290, 0),
(1889, 'Marie-ève', 'Eisikovitsh', '1995-02-17', 'M', 131, 772, 0),
(1890, 'Gisèle', 'Merioth', '1992-07-21', 'F', 37, 403, 0),
(1891, 'Rébecca', 'Jentle', '1979-04-22', 'F', 142, 615, 0),
(1892, 'Léonie', 'Goodinge', '1981-04-01', 'F', 56, 593, 0),
(1893, 'Lucrèce', 'Vasyagin', '1978-10-31', NULL, 3, 747, 0),
(1894, 'Frédérique', 'Chevers', '2004-08-09', 'M', 15, 765, 0),
(1895, 'Cléopatre', 'Liddell', '2005-01-10', 'M', 139, 672, 0),
(1896, 'Zoé', 'Truman', '1971-08-05', 'M', 127, 148, 0),
(1897, 'Dorothée', 'Becarra', '1965-09-10', 'M', 42, 31, 0),
(1898, 'Yú', 'Castletine', NULL, NULL, 138, NULL, 1),
(1899, 'Océane', 'Kolinsky', '1990-10-15', 'M', NULL, 249, 0),
(1900, 'Laïla', 'Potes', '1969-05-02', 'M', 85, 234, 0),
(1901, 'Yú', 'Eckh', '2006-03-14', 'M', 150, 284, 0),
(1902, 'Yáo', 'Doggart', '1950-04-21', 'M', NULL, 766, 0),
(1903, 'Maëlyss', 'Doumer', NULL, 'F', 134, 544, 0),
(1904, 'Maéna', 'Stirrip', '1989-08-30', 'F', 124, 655, 0),
(1905, 'Mélinda', 'Stannard', '1967-07-29', 'M', 132, 581, 0),
(1906, 'Vérane', 'Boorer', '1971-04-18', 'M', 76, 731, 0),
(1907, 'Táng', 'Kulicke', '1975-12-01', 'F', 13, 535, 0),
(1908, 'Cléopatre', 'Yakunchikov', '2005-04-21', 'F', 4, 739, 0),
(1909, 'Danièle', 'Plenty', '1966-03-31', 'M', 139, 592, 0),
(1910, 'Laïla', 'Spykins', '1984-02-11', 'F', 56, 620, 0),
(1911, 'Zoé', 'Towl', '1961-04-26', 'M', 139, 627, 0),
(1912, 'Cloé', 'Lupson', '1991-12-19', 'F', 46, 82, 0),
(1913, 'Sélène', 'Kix', '1962-01-18', 'M', NULL, 340, 0),
(1914, 'Gérald', 'Sirett', '1979-04-29', 'F', 27, 455, 0),
(1915, 'Dafnée', 'Vesque', '1985-06-25', 'F', 101, 448, 0),
(1916, 'Maëlys', 'Moylane', '1954-07-28', 'F', 35, 792, 0),
(1917, 'Pénélope', 'Papaccio', '1962-05-04', 'M', 42, 515, 0),
(1918, 'Mattia', 'Baistow', '1970-01-01', 'M', 131, NULL, 0),
(1919, 'Åke', 'Vasyutichev', '1970-06-06', 'M', 43, 192, 0),
(1920, 'Märta', 'Weekes', '1969-06-11', 'M', 51, 283, 0),
(1921, 'Séverine', 'Isard', '2004-03-19', 'M', 33, 309, 0),
(1922, 'Estée', 'Ledekker', NULL, 'M', 28, 774, 0),
(1923, 'Camélia', 'Tilly', '1982-10-05', 'M', 95, 466, 0),
(1924, 'Intéressant', 'D\'Orsay', '1998-02-21', 'M', 69, 487, 0),
(1925, 'Danièle', 'Parham', '1967-07-17', 'F', 118, 777, 0),
(1926, 'Léandre', 'Rothman', '1960-12-08', 'F', 39, 335, 0),
(1927, 'Loïc', 'Colleck', '1998-06-18', 'F', 75, NULL, 0),
(1928, 'Frédérique', 'Haylor', '1958-11-20', 'M', 14, 53, 0),
(1929, 'Adèle', 'Reddington', '1982-12-27', 'F', 71, 701, 0),
(1930, 'Lucrèce', 'Dible', '1972-01-18', 'M', 16, 131, 0),
(1931, 'Clélia', 'Lemanu', '1994-03-11', 'M', 13, 257, 0),
(1932, 'Anaïs', 'Bricham', '1975-06-27', 'M', 129, 457, 0),
(1933, 'Rachèle', 'Olenichev', '1989-01-29', 'F', 82, 780, 0),
(1934, 'Crééz', 'Keysall', '1965-03-19', 'M', 59, 578, 0),
(1935, 'Yóu', 'Cecere', '1981-05-03', 'F', 55, 718, 0),
(1936, 'Fèi', 'O\'Fallowne', '2002-05-14', 'M', 146, 145, 0),
(1937, 'Léone', 'Prickett', '1978-11-17', 'M', 72, 770, 0),
(1938, 'Yénora', 'Greenier', '1964-04-23', 'F', 3, 678, 0),
(1939, 'Nélie', 'Tremmel', '1970-02-06', 'F', 15, 179, 0),
(1940, 'Vérane', 'Decaze', '1990-08-04', 'M', 28, 188, 0),
(1941, 'Gisèle', 'Novotna', '1960-11-26', 'M', 58, 657, 0),
(1942, 'Méthode', 'Inseal', '1961-08-03', 'M', 83, 341, 0),
(1943, 'Camélia', 'Seabridge', '1990-06-16', 'F', 12, 506, 0),
(1944, 'Mélys', 'Gull', NULL, 'F', 21, 734, 0),
(1945, 'Torbjörn', 'Hadland', '1996-09-28', 'M', 114, 174, 0),
(1946, 'Maëlle', 'Walklate', '1980-06-04', 'F', 96, 126, 0),
(1947, 'Gaëlle', 'Stout', '1965-06-30', 'F', 113, 132, 0),
(1948, 'Cloé', 'Postlewhite', '1959-11-14', 'M', 48, 502, 0),
(1949, 'Åslög', 'Halligan', '1977-08-06', 'M', NULL, NULL, 0),
(1950, 'Clélia', 'Sine', '1957-06-01', 'M', 62, 284, 0),
(1951, 'Françoise', 'Holligan', '2000-01-14', 'M', 79, 778, 0),
(1952, 'Eugénie', 'Zuann', '2002-06-24', 'F', NULL, 743, 0),
(1953, 'Thérèse', 'Terrill', '1969-08-15', 'M', 37, 686, 0),
(1954, 'Bérénice', 'Patty', '1951-03-13', 'F', 128, 327, 0),
(1955, 'Camélia', 'Daelman', '1970-08-13', 'M', 106, 419, 0),
(1956, 'Thérèsa', 'Petegree', '1978-04-25', 'F', 146, 758, 0),
(1957, 'Crééz', 'Harsent', '1973-09-30', 'M', 119, 575, 0),
(1958, 'Léandre', 'Jarmaine', '1952-11-29', 'F', 29, 581, 0),
(1959, 'Léana', 'Raiment', '2006-03-23', 'M', NULL, 442, 0),
(1960, 'Maïlis', 'Wollacott', '1969-11-30', 'F', NULL, 54, 0),
(1961, 'Cléopatre', 'Griffe', '1977-06-08', 'F', 101, 528, 0),
(1962, 'Marylène', 'Mercik', '1976-12-24', 'M', 142, 718, 0),
(1963, 'Simplifiés', 'Proudley', '1975-04-13', 'M', 138, 800, 0),
(1964, 'Andréanne', 'Prendergrass', NULL, 'M', 45, 487, 0),
(1965, 'Michèle', 'Conkling', '1982-01-19', 'M', 37, 568, 0),
(1966, 'Méng', 'Gilderoy', '1963-04-23', 'F', 29, 497, 0),
(1967, 'Mà', 'Skeat', '2004-10-01', 'F', 152, 637, 0),
(1968, 'Marie-ève', 'Hofer', NULL, 'F', 119, 148, 0),
(1969, 'Léana', 'Lisett', '1993-05-21', 'F', NULL, NULL, 0),
(1970, 'Torbjörn', 'McGillivray', '2002-02-22', 'M', 125, 351, 0),
(1971, 'Faîtes', 'Vedenyakin', '1986-10-15', 'F', 152, NULL, 0),
(1972, 'Frédérique', 'Showalter', '1982-03-31', 'M', 29, NULL, 1),
(1973, 'Médiamass', 'Kuzma', '2005-05-04', 'F', 38, 799, 0),
(1974, 'Hélène', 'Womack', '1984-02-03', 'F', 12, 519, 0),
(1975, 'Naéva', 'Licciardiello', '1969-06-24', 'M', 27, 348, 0),
(1976, 'Yú', 'Belshaw', '1978-01-30', 'F', 139, 711, 0),
(1977, 'Intéressant', 'Islip', '1979-06-06', 'M', 151, 13, 0),
(1978, 'Pò', 'Simmonds', '1988-05-17', 'F', 25, 668, 0),
(1979, 'Bérénice', 'Narramor', '1952-07-25', 'M', 44, 466, 0),
(1980, 'Aimée', 'Mc Gorley', '1978-11-09', 'F', 65, 685, 0),
(1981, 'Cécilia', 'O\'Howbane', '1979-08-19', 'F', 4, 119, 0),
(1982, 'Geneviève', 'Martina', '1996-09-20', 'M', 143, 609, 0),
(1983, 'Andréa', 'Martlew', '2003-06-28', 'M', 30, 288, 0),
(1984, 'Néhémie', 'Lafee', '1973-06-29', 'F', 18, 400, 0),
(1985, 'Léone', 'Coxen', '1968-10-03', 'M', 120, 710, 0),
(1986, 'Ruò', 'Ruseworth', '1973-07-07', 'M', 115, 404, 0),
(1987, 'Táng', 'Rylatt', '1979-01-03', 'M', 153, 128, 0),
(1988, 'Gwenaëlle', 'Mac', '1994-11-19', 'F', 95, 722, 0),
(1989, 'Åslög', 'Petrasek', '2001-05-10', 'M', 39, 8, 0),
(1990, 'Maëlys', 'Clayal', '1986-07-26', 'M', 57, 304, 0),
(1991, 'Méryl', 'Bleyman', '1958-11-17', 'M', 110, 226, 0),
(1992, 'Maïlis', 'Stuke', '1990-05-21', 'M', 23, 647, 0),
(1993, 'Loïca', 'Potteridge', '2005-11-14', 'F', 50, 302, 0),
(1994, 'Gaëlle', 'Do', '1954-12-03', 'F', 93, 566, 0),
(1995, 'Rébecca', 'Brimacombe', '1982-03-04', 'M', 88, NULL, 0),
(1996, 'Méghane', 'Massenhove', '1955-10-19', 'F', 14, 500, 0),
(1997, 'Séverine', 'Schober', '2002-10-28', 'F', 3, 195, 0),
(1998, 'Frédérique', 'Ilyin', '1967-06-02', 'M', 143, 32, 0),
(1999, 'Médiamass', 'Aggiss', '1995-02-15', 'F', 33, NULL, 1),
(2000, 'Dù', 'Nono', '1997-10-10', 'M', 30, 171, 0),
(2001, 'Léonore', 'Sobtka', '1970-02-14', 'M', 11, 536, 0),
(2002, 'Estève', 'Jane', '1963-05-04', 'M', 68, 681, 0),
(2003, 'Maïlis', 'Thorington', '1992-08-09', 'F', 29, 413, 0),
(2004, 'Tú', 'Dymoke', '2004-09-10', 'M', 43, 597, 0),
(2005, 'Pélagie', 'McIlwrath', '1950-07-15', 'F', 120, 246, 0),
(2006, 'Léa', 'Zanni', '1984-11-10', 'M', 52, 449, 0),
(2007, 'Erwéi', 'Abercromby', NULL, 'M', 34, 323, 0),
(2008, 'Aloïs', 'Gyer', '1980-04-09', 'F', 134, 409, 0),
(2009, 'Eléa', 'Reynolds', '1984-09-14', 'M', 48, 428, 0),
(2010, 'Clélia', 'Hamilton', '1966-12-12', 'M', 28, 153, 0),
(2011, 'Pénélope', 'Wittering', '1950-06-30', 'M', 83, 38, 0),
(2012, 'Ruò', 'Meneux', '1964-02-15', 'F', 43, 416, 0),
(2013, 'Méline', 'McLanaghan', '1992-01-11', 'M', 40, 512, 0),
(2014, 'Hélèna', 'Dewar', '1978-07-24', 'F', 58, 212, 0),
(2015, 'Marie-hélène', 'Hasard', '1975-08-22', 'M', 143, 666, 0),
(2016, 'Laurélie', 'Simanek', '1968-08-24', 'M', 36, 165, 0),
(2017, 'Chloé', 'Cund', NULL, 'F', 12, 547, 0),
(2018, 'Loïs', 'Jewiss', '2002-08-16', 'M', 123, 765, 0),
(2019, 'Chloé', 'Oxnam', '1955-04-07', 'M', 130, 699, 0),
(2020, 'Mélinda', 'Foxon', '2003-08-12', 'M', 152, 112, 0),
(2021, 'Maëline', 'Placide', '1989-06-26', 'M', 59, 399, 0),
(2022, 'Eléonore', 'Balsillie', '1957-06-04', 'M', 56, 502, 0),
(2023, 'Cléa', 'Kilborn', '2005-12-16', 'M', 124, 793, 0),
(2024, 'Örjan', 'Burhouse', '1975-09-25', 'M', 131, 770, 0),
(2025, 'Médiamass', 'Streater', '1975-01-05', 'F', 75, 783, 0),
(2026, 'Eloïse', 'Nowakowski', '1982-01-17', 'M', 71, 452, 0),
(2027, 'Nuó', 'Brahmer', '1965-02-08', 'M', 150, 654, 0),
(2028, 'Bérénice', 'Jorez', '2000-03-17', 'M', 104, 89, 0),
(2029, 'Vénus', 'Blankenship', '1965-02-08', 'M', 134, 514, 0),
(2030, 'Märta', 'Borsi', '1993-06-18', 'F', 52, 493, 0),
(2031, 'Camélia', 'Bruton', '1985-08-19', 'F', 37, 780, 0),
(2032, 'Méng', 'Curedell', '1994-02-12', NULL, 132, 649, 0),
(2033, 'Noémie', 'Guilleton', '1971-05-09', 'M', 30, 531, 0),
(2034, 'Marie-hélène', 'Genese', NULL, 'F', 152, 159, 0),
(2035, 'Björn', 'Badger', '1962-06-10', 'M', 22, 272, 0),
(2036, 'Eugénie', 'Odger', '1953-09-02', 'F', 82, 501, 0),
(2037, 'Lyséa', 'Giorgio', '1984-09-13', 'F', 12, 488, 0),
(2038, 'Simplifiés', 'Faithfull', '1957-11-24', 'F', 46, 599, 0),
(2039, 'Méryl', 'Ricardou', '1997-08-05', 'F', 32, 463, 0),
(2040, 'Mahélie', 'Martino', NULL, 'F', 19, 159, 0),
(2041, 'Méryl', 'Clixby', '1962-07-22', 'M', 74, 75, 0),
(2042, 'Mélia', 'Mebes', NULL, 'F', 116, 327, 0),
(2043, 'Jú', 'Blatchford', '1956-07-13', 'M', 144, 68, 0),
(2044, 'Åsa', 'Giampietro', '1957-11-16', 'F', 82, 238, 0),
(2045, 'Eliès', 'Lince', '1979-02-11', 'M', 96, 471, 0),
(2046, 'Laurélie', 'Cicetti', '2006-03-28', 'F', 8, 233, 0),
(2047, 'Mylène', 'Morling', NULL, 'M', 73, 337, 0),
(2048, 'Annotés', 'Snaden', '1984-08-31', 'F', 70, 755, 0),
(2049, 'Séréna', 'MacKenney', '1973-03-15', 'M', 113, 518, 0),
(2050, 'Cunégonde', 'Antrack', '1989-06-05', 'F', 77, 105, 0),
(2051, 'Marie-noël', 'Scothron', '1960-01-10', 'F', 99, 749, 0),
(2052, 'Erwéi', 'Lusk', '1997-11-30', NULL, 91, 336, 0),
(2053, 'Edmée', 'Bothams', '2000-02-25', 'F', NULL, 550, 0),
(2054, 'Gérald', 'Issard', '1979-08-24', 'M', 106, 518, 0),
(2055, 'Agnès', 'Ellams', '1958-10-27', 'F', 33, 56, 0),
(2056, 'Lauréna', 'Gorini', '1995-05-20', 'M', 39, 669, 0),
(2057, 'Maëly', 'Sarfass', '1992-02-27', 'F', 152, 445, 0),
(2058, 'Adèle', 'Delap', '1960-07-09', 'M', 127, 390, 0),
(2059, 'Göran', 'Finneran', '1952-03-24', 'F', 113, 12, 0),
(2060, 'Françoise', 'Pohling', '1976-01-17', 'M', 79, 266, 0),
(2061, 'Björn', 'Harbottle', '1974-10-13', 'F', 6, 336, 0),
(2062, 'Annotés', 'von Hagt', '1964-07-15', 'F', 110, 631, 0),
(2063, 'Miléna', 'Prowse', '1952-08-12', 'F', 131, 134, 0),
(2064, 'Cunégonde', 'Somerfield', '1997-06-21', 'M', 73, 179, 0),
(2065, 'Gisèle', 'Ducarel', '1991-05-15', 'F', NULL, 633, 0),
(2066, 'Régine', 'Sollom', '1989-06-01', 'M', 95, 386, 0),
(2067, 'Frédérique', 'Cahey', '1975-07-11', 'M', 63, 435, 0),
(2068, 'Gaétane', 'Cockrell', '1990-01-13', 'F', 102, 222, 0),
(2069, 'Almérinda', 'Solon', '1951-04-09', 'M', 43, 366, 0),
(2070, 'Kù', 'Craine', '1984-05-31', 'M', 39, NULL, 0),
(2071, 'Faîtes', 'Walkowski', '1951-12-24', 'M', 132, NULL, 0),
(2072, 'Lén', 'Rochford', '1989-09-29', 'F', 34, 120, 0),
(2073, 'Pò', 'Lysaght', '1992-02-03', 'F', 13, 439, 0),
(2074, 'Publicité', 'Tibalt', '1994-01-31', 'M', 4, 68, 0),
(2075, 'Åsa', 'Scarbarrow', '1952-10-01', 'F', 147, 377, 0),
(2076, 'Bérénice', 'Tomankiewicz', '2003-08-13', 'M', 27, 715, 0),
(2077, 'Céline', 'Duly', '1987-02-14', 'F', 19, 14, 0),
(2078, 'Maëlla', 'Borrows', NULL, 'F', 140, 356, 0),
(2079, 'Åke', 'Chedgey', '2004-08-07', 'F', 143, 36, 0),
(2080, 'Kù', 'Coverlyn', '1954-04-18', 'F', 42, 525, 0),
(2081, 'Kuí', 'Scahill', '1957-06-22', 'F', 105, 326, 0),
(2082, 'Yóu', 'Gliddon', '1974-12-19', 'F', 82, 268, 0),
(2083, 'Örjan', 'Kleinzweig', '1958-03-18', 'F', 118, 228, 0),
(2084, 'Andréa', 'Napolitano', '1971-03-27', 'F', 96, 401, 0),
(2085, 'Eléonore', 'Ales0', '1981-11-24', 'M', 146, 170, 0),
(2086, 'Lauréna', 'Youd', '1987-07-07', 'M', 132, 446, 0),
(2087, 'Ophélie', 'Patria', '1962-11-25', 'M', 119, 552, 0),
(2088, 'Amélie', 'Grzelczyk', '2004-12-22', 'F', 54, 8, 0),
(2089, 'Stéphanie', 'Christoffersen', '1995-04-22', 'M', 44, 52, 0),
(2090, 'Françoise', 'Rablen', '1968-11-19', 'F', 60, 666, 0),
(2091, 'Aurélie', 'Morten', '1950-09-09', NULL, 80, 373, 0),
(2092, 'Mégane', 'Meads', '1992-02-05', 'M', 146, 233, 0),
(2093, 'Célia', 'Hulles', '1997-01-18', 'M', 129, 531, 0),
(2094, 'Ophélie', 'Biaggetti', '1963-11-18', 'F', 89, 650, 0),
(2095, 'Yénora', 'Dudman', '1983-04-08', 'M', NULL, 609, 0),
(2096, 'Gérald', 'Tomkys', '2005-05-12', 'F', 133, 379, 0),
(2097, 'Néhémie', 'Leber', '1979-10-28', 'M', 20, 500, 0),
(2098, 'Agnès', 'Burndred', '1953-10-06', 'M', 65, 763, 0),
(2099, 'Mà', 'Fidal', '1973-01-19', 'F', 102, 462, 0),
(2100, 'Irène', 'Philpin', '2006-04-01', 'M', NULL, 214, 0),
(2101, 'Alizée', 'Fairhurst', '1992-09-12', 'M', 125, 433, 0),
(2102, 'Léana', 'Maestro', '1989-06-04', 'M', 13, 40, 0),
(2103, 'Desirée', 'Kalisch', '2001-01-07', 'M', 28, 69, 0),
(2104, 'Ruì', 'Ethersey', '1980-08-12', 'F', 16, 539, 0),
(2105, 'Dorothée', 'Blackie', '1965-11-27', 'F', 3, 44, 0),
(2106, 'Nélie', 'Ranner', '2002-09-13', 'F', 59, 413, 0),
(2107, 'Méng', 'Dunkinson', '1984-12-31', 'F', 135, 230, 0),
(2108, 'Josée', 'Leman', '2004-04-03', 'M', 98, 644, 0),
(2109, 'Åsa', 'Lissandre', '1951-09-28', 'F', 146, 778, 0),
(2110, 'Régine', 'Cash', '2003-08-21', 'M', 98, 295, 0),
(2111, 'Pål', 'Lossman', '1965-11-29', 'F', 42, 272, 0),
(2112, 'Eliès', 'Ruegg', '1967-06-18', 'M', 114, 473, 0),
(2113, 'Hélène', 'Auston', '1963-05-25', 'F', 32, 437, 0),
(2114, 'Gisèle', 'Brilon', '1991-02-28', 'F', 44, 378, 0),
(2115, 'Mén', 'Radin', '1969-01-12', 'F', 119, 712, 0),
(2116, 'Mélina', 'Brounfield', '1975-07-31', 'F', 2, 159, 0),
(2117, 'Publicité', 'Avesque', '1998-10-23', 'M', 148, 53, 0),
(2118, 'Cécilia', 'Trowbridge', '1988-03-17', 'F', 55, 35, 0),
(2119, 'Maëline', 'Tabbernor', '1960-10-22', 'M', 46, 501, 0),
(2120, 'Maëlle', 'Treby', '1955-01-07', 'M', 35, 179, 0),
(2121, 'Cléa', 'Kensington', '1998-05-19', 'M', 13, 359, 0),
(2122, 'Léa', 'Petters', '1968-05-07', 'M', 78, 748, 0),
(2123, 'Illustrée', 'Terrington', '1958-09-25', 'F', 21, 215, 0),
(2124, 'Almérinda', 'Tubble', NULL, 'M', 56, 538, 0),
(2125, 'Céline', 'Hatter', '1963-03-04', 'M', 62, 699, 0),
(2126, 'Annotée', 'Barge', '2004-10-24', 'M', 143, 800, 0),
(2127, 'Annotés', 'Dallander', '1993-02-03', 'M', 102, 681, 0),
(2128, 'Solène', 'Clements', '1988-08-03', 'M', 119, NULL, 0),
(2129, 'Publicité', 'Estcourt', '1969-05-27', 'M', 50, 575, 0),
(2130, 'Mylène', 'Heeran', '1989-02-20', NULL, 39, 686, 0),
(2131, 'Salomé', 'Allmen', '1959-03-04', 'M', 3, 38, 0),
(2132, 'Angélique', 'Castellani', '2005-07-25', 'F', 98, 726, 0),
(2133, 'Garçon', 'Chesser', NULL, 'F', 87, 626, 0),
(2134, 'Laïla', 'Turneaux', '1967-12-06', 'M', 69, 30, 0),
(2135, 'Fèi', 'Jemmison', '1965-02-23', 'F', 151, 230, 0),
(2136, 'Yè', 'Slatter', '1965-07-10', 'F', 138, 294, 0),
(2137, 'Célestine', 'Kemp', '1975-07-10', 'M', 139, 721, 0),
(2138, 'Judicaël', 'Downer', '1978-09-10', 'F', 136, 600, 0),
(2139, 'Sélène', 'Dayton', '1981-10-02', 'F', 136, 743, 0),
(2140, 'Publicité', 'Headington', '1972-12-12', 'M', 72, 447, 0),
(2141, 'Yáo', 'Levis', '2002-08-25', 'F', 2, 516, 0),
(2142, 'Laurène', 'Gillison', '1975-12-19', 'M', 76, 614, 0),
(2143, 'Frédérique', 'Radolf', '1961-12-13', 'M', 71, 331, 0),
(2144, 'Maïly', 'Galliford', '1975-04-05', 'M', 8, 485, 0),
(2145, 'Bérengère', 'Rutledge', '1984-12-15', 'F', 88, 714, 0),
(2146, 'Simplifiés', 'Wickersley', '1969-05-30', NULL, 93, NULL, 0),
(2147, 'Yóu', 'Skarin', '1984-10-10', 'F', 6, 106, 0),
(2148, 'Almérinda', 'Bicksteth', '1954-04-19', 'M', 79, 296, 0),
(2149, 'Réservés', 'Gayne', '1975-11-22', 'F', 105, NULL, 0),
(2150, 'Clélia', 'Champniss', '1968-02-14', NULL, 12, 258, 0),
(2151, 'Amélie', 'Viggars', '1978-06-05', 'M', 64, 559, 0),
(2152, 'Bénédicte', 'Ruddle', '1992-04-10', 'F', 127, 326, 0),
(2153, 'Publicité', 'Kalkofer', '1962-01-15', 'F', 17, 449, 0),
(2154, 'Erwéi', 'Ferrers', NULL, 'M', 129, 377, 0),
(2155, 'Måns', 'Fardo', '1952-07-01', 'M', 150, 274, 0),
(2156, 'Pål', 'Folland', '1975-03-17', 'M', 57, 469, 0),
(2157, 'Noëlla', 'Yewen', '1960-08-23', 'F', NULL, 450, 0),
(2158, 'Edmée', 'Hale', '1971-07-05', 'M', 107, 482, 0),
(2159, 'Örjan', 'Mazzia', '1982-06-10', 'M', 90, 159, 0),
(2160, 'Zhì', 'Duffet', '1969-01-16', 'M', 96, 75, 0),
(2161, 'Måns', 'Skoof', '1955-06-14', 'F', 130, 47, 0),
(2162, 'Lyséa', 'Luckey', '1994-06-30', NULL, 131, NULL, 0),
(2163, 'Annotée', 'Beadles', '1974-09-17', 'M', 70, 597, 0),
(2164, 'Irène', 'Bestwall', '1999-03-29', 'F', 30, 188, 0),
(2165, 'Cloé', 'Longbottom', '1955-09-23', 'M', 135, 434, 0),
(2166, 'Mà', 'Heskins', '1965-05-16', 'F', 28, 652, 0),
(2167, 'Aí', 'Minci', '1975-03-21', 'F', 68, 240, 0),
(2168, 'Mà', 'Daintrey', '1982-09-16', 'M', 30, 323, 0),
(2169, 'Estée', 'Fawson', '1987-05-28', 'M', 5, 380, 0),
(2170, 'Noëlla', 'Brodnecke', '1973-04-05', 'F', 14, 490, 0),
(2171, 'Edmée', 'Camoys', '1953-10-11', 'M', 73, 567, 0),
(2172, 'Stévina', 'Sterricker', NULL, 'M', 90, 669, 0),
(2173, 'Yénora', 'Crombleholme', '1959-09-29', 'F', 47, 579, 0),
(2174, 'Ophélie', 'Newburn', NULL, 'F', 47, 714, 0),
(2175, 'Kuí', 'Alam', '2000-10-08', 'M', 108, 612, 0),
(2176, 'Anaé', 'Gredden', '2002-11-08', 'F', 135, 766, 0),
(2177, 'Clémence', 'Pottiphar', '1966-04-19', 'M', 129, 56, 0),
(2178, 'Annotés', 'Felstead', '1997-09-08', 'M', 65, NULL, 1),
(2179, 'Pò', 'Maas', '1992-07-29', 'M', 86, 328, 0),
(2180, 'Marlène', 'Tregale', '1994-12-24', 'M', 107, 340, 0),
(2181, 'Céline', 'Balshaw', '1985-06-25', 'M', 24, 297, 0),
(2182, 'Camélia', 'Jaume', '1981-01-11', 'F', 150, 286, 0),
(2183, 'Yóu', 'Suett', '1976-03-24', 'F', 131, 227, 0),
(2184, 'Andréanne', 'Winterburn', '1972-11-08', 'M', 78, 25, 0),
(2185, 'Ruò', 'Huntingford', '1987-10-19', 'M', 5, 684, 0),
(2186, 'Océanne', 'Woolbrook', NULL, 'F', 96, 523, 0),
(2187, 'Björn', 'Edge', '1977-11-16', 'M', 16, 406, 0),
(2188, 'Léane', 'Grunwald', '1967-07-20', 'M', 24, 785, 0),
(2189, 'Zhì', 'Fullom', '1959-03-25', 'F', 81, 573, 0),
(2190, 'Mén', 'Brose', '1979-06-06', 'M', 43, 662, 0),
(2191, 'Dù', 'Shyres', '1966-08-23', 'F', 63, 721, 0),
(2192, 'Marie-josée', 'Alenov', '1958-07-22', 'M', 58, 669, 0),
(2193, 'Vénus', 'Matyashev', '1960-05-27', 'F', 16, 155, 0),
(2194, 'Vénus', 'Dohmann', '1982-10-17', 'F', 141, 127, 0),
(2195, 'Maëlle', 'Banane', '1984-04-20', 'F', 136, 2, 0),
(2196, 'Bénédicte', 'McDougall', '1986-07-23', 'M', 46, 685, 0),
(2197, 'Angèle', 'Sirmond', '1970-12-11', 'F', 75, 528, 0),
(2198, 'Lyséa', 'Scholard', NULL, 'M', 117, 448, 0),
(2199, 'Lèi', 'Jephcott', '1953-11-25', 'M', 54, 608, 0),
(2200, 'Intéressant', 'McEvoy', '1997-06-30', 'M', 55, 176, 0),
(2201, 'Joséphine', 'Wiburn', '1978-09-24', 'M', 90, 508, 0),
(2202, 'Pò', 'Siss', '1951-03-13', 'F', 111, 151, 0),
(2203, 'Séverine', 'Gallemore', '1974-02-20', 'M', 150, 55, 0),
(2204, 'Félicie', 'Lavallie', '1985-12-22', NULL, 49, 41, 0),
(2205, 'Maïlys', 'Powe', '1983-06-19', 'M', 26, 236, 0),
(2206, 'Tán', 'Nicholl', '1990-01-08', 'M', 78, 8, 0),
(2207, 'Nadège', 'Skipsea', '1977-07-04', 'F', 64, 250, 0),
(2208, 'Géraldine', 'Scotchmor', '1951-05-24', 'F', 73, 774, 0),
(2209, 'Océanne', 'Bickerdike', '1962-01-11', 'M', 133, NULL, 0),
(2210, 'Styrbjörn', 'Fillan', '1976-10-25', 'M', 34, 93, 0),
(2211, 'Aimée', 'Ritch', '1988-07-22', 'M', 25, 364, 0),
(2212, 'Eugénie', 'Broggelli', '1985-03-26', 'M', 115, 661, 0),
(2213, 'Lài', 'Pervew', '1991-08-07', 'F', 132, 627, 0),
(2214, 'Inès', 'Krysztofowicz', '1952-05-21', 'F', 115, 437, 0),
(2215, 'Personnalisée', 'Wakes', '1966-10-06', 'M', 102, 118, 0),
(2216, 'Danièle', 'Ellwell', '1974-08-16', 'M', 28, 642, 0),
(2217, 'Anaëlle', 'Hackford', '1980-04-23', 'F', 111, 139, 0),
(2218, 'Maï', 'Rooms', '2000-02-06', 'M', 65, 138, 0),
(2219, 'Maëlys', 'Sumpton', '1981-12-11', 'F', 62, 295, 0),
(2220, 'Clémence', 'de Cullip', '1962-08-27', 'M', 38, 383, 0),
(2221, 'Mélys', 'Kerrane', '1976-10-22', 'M', 84, 761, 0),
(2222, 'Zhì', 'Tawse', '1952-06-13', 'F', 150, 670, 0),
(2223, 'Chloé', 'Kike', NULL, 'M', 143, 358, 0),
(2224, 'Rachèle', 'Stuart', '1970-03-08', 'M', 108, 47, 0),
(2225, 'André', 'Pocke', '1954-10-30', 'M', 31, 437, 0),
(2226, 'Stévina', 'Archbutt', '1981-11-05', 'F', 126, NULL, 0),
(2227, 'Régine', 'Abells', '1966-12-19', NULL, 52, 246, 0),
(2228, 'Maï', 'Litster', '1999-10-22', 'F', 90, 276, 0),
(2229, 'Océane', 'Bulbeck', '1963-10-27', 'M', 73, 60, 0),
(2230, 'Camélia', 'Sedge', '1982-11-15', 'M', NULL, 204, 0),
(2231, 'Dà', 'Stollenberg', '2001-01-22', 'M', 119, 701, 0),
(2232, 'Clélia', 'Engall', '1978-11-27', 'M', 55, 49, 0),
(2233, 'Marie-josée', 'Rzehorz', '1951-04-24', 'F', 95, 312, 0),
(2234, 'Marie-ève', 'McDougal', '1954-11-23', 'M', 130, 272, 0),
(2235, 'Åsa', 'Abdee', '1999-01-27', 'F', 132, 217, 0),
(2236, 'Cloé', 'MacCleod', '1983-03-10', 'M', 143, 668, 0),
(2237, 'Mà', 'Sprules', '1962-12-26', 'M', 153, 403, 0),
(2238, 'Tán', 'Morant', '1999-10-10', 'M', 135, 147, 0),
(2239, 'Loïs', 'Tipperton', '1966-09-20', 'M', 49, 83, 0),
(2240, 'Maëlann', 'Barwis', '1973-05-03', 'M', 14, 164, 0),
(2241, 'Clémentine', 'Cockson', '2000-04-21', 'F', NULL, 790, 0),
(2242, 'Lài', 'Morlon', '1992-11-27', 'M', 23, 104, 0),
(2243, 'Yóu', 'Hustler', '1968-01-04', 'M', 58, 625, 0),
(2244, 'Zoé', 'Pocock', '1988-09-26', 'M', 35, 336, 0),
(2245, 'Cléa', 'Kordovani', '1961-04-26', 'M', 67, NULL, 0),
(2246, 'Laïla', 'Klement', '1987-09-25', 'F', 142, 504, 0),
(2247, 'Inès', 'Altimas', '1971-11-13', 'M', 106, 350, 0),
(2248, 'Ophélie', 'Firebrace', NULL, 'F', 27, 598, 0),
(2249, 'Dorothée', 'des Remedios', '1980-12-28', 'F', 57, 117, 0),
(2250, 'Mélodie', 'Choudhury', '1969-09-29', 'F', 18, 180, 0),
(2251, 'Annotée', 'Atwill', '1979-07-11', 'F', 124, 586, 0),
(2252, 'Gaëlle', 'Dunstall', '2003-06-16', 'M', 77, 741, 0),
(2253, 'Pò', 'Milkeham', '1970-07-28', 'F', 36, 679, 0),
(2254, 'Uò', 'Bracher', '1962-10-01', 'F', 16, 284, 0),
(2255, 'Adélie', 'Boagey', NULL, 'M', 63, 199, 0),
(2256, 'Dorothée', 'Whyteman', '1976-03-22', 'M', 62, 672, 0),
(2257, 'Yóu', 'Maryin', '1995-09-11', 'M', 148, 217, 0),
(2258, 'Pò', 'Dunrige', '1953-05-21', 'M', 14, 316, 0),
(2259, 'Noëlla', 'Stubbes', NULL, 'M', 91, 787, 0),
(2260, 'Kévina', 'Woofendell', '1965-08-17', 'M', 18, 252, 0),
(2261, 'Méryl', 'Boniface', '1966-03-12', 'M', 55, 679, 0),
(2262, 'Håkan', 'Bearn', '1967-11-21', 'F', 112, 213, 0),
(2263, 'Ophélie', 'Calderwood', '1981-05-16', 'F', 147, 226, 0),
(2264, 'Personnalisée', 'Klich', '2000-03-21', 'M', 16, 730, 0),
(2265, 'Lèi', 'Fairlie', '1976-01-20', 'F', 41, 295, 0),
(2266, 'Publicité', 'Dearan', '2001-09-01', 'M', 114, 355, 0),
(2267, 'Réservés', 'Freeland', '1970-10-19', 'F', 125, 788, 0),
(2268, 'Yè', 'Hobson', '1966-09-03', 'M', 27, 231, 0),
(2269, 'Cécilia', 'Farris', '1974-07-14', 'M', 27, 151, 0),
(2270, 'Maëlle', 'Newlands', NULL, 'F', 153, 40, 0),
(2271, 'Illustrée', 'Helsby', '1998-11-24', 'M', 65, 419, 0),
(2272, 'Océane', 'Bane', '1965-05-08', 'M', 94, NULL, 0),
(2273, 'Félicie', 'Davidovitz', '1992-04-12', 'F', 149, 19, 0),
(2274, 'Maëlla', 'Peniello', '2004-02-04', 'M', 82, 478, 0),
(2275, 'Fèi', 'Szymaniak', '1990-06-11', 'F', 1, 647, 0),
(2276, 'Fèi', 'Pioli', '1965-08-17', 'M', 43, 619, 0),
(2277, 'Cunégonde', 'Cotsford', '1970-05-13', 'M', 23, 364, 0),
(2278, 'Garçon', 'Maxworthy', '1972-10-20', 'F', 121, 611, 0),
(2279, 'Simplifiés', 'Rountree', '1953-11-11', 'M', 55, 204, 0),
(2280, 'Séverine', 'Alejandre', '2005-07-08', 'F', 148, 40, 0),
(2281, 'Liè', 'Forber', '1964-10-15', 'M', 15, 152, 0),
(2282, 'Loïs', 'Serraillier', '1993-11-02', 'F', 28, 529, 0),
(2283, 'Måns', 'Frankema', '1990-07-22', 'F', 90, 160, 0),
(2284, 'Célia', 'Amorts', '2003-02-08', NULL, 8, 605, 0),
(2285, 'Björn', 'Egentan', '1970-06-16', NULL, 43, 123, 0),
(2286, 'Alizée', 'Cheales', '1990-03-11', 'F', 22, 681, 0),
(2287, 'Magdalène', 'Prall', '1951-06-20', 'M', 132, 604, 0),
(2288, 'Crééz', 'Hazzard', '1986-11-09', 'F', 50, 616, 0),
(2289, 'Frédérique', 'Raoul', '1985-07-14', 'F', 71, 246, 0),
(2290, 'Ráo', 'Slayford', '1998-05-18', 'M', 87, 473, 0),
(2291, 'Cécilia', 'Huxham', '1994-09-19', 'M', 97, 176, 0),
(2292, 'Marie-ève', 'Gatteridge', '1953-03-30', 'M', 74, 152, 0),
(2293, 'Mà', 'Pretsel', '1967-01-11', 'M', 81, 691, 0),
(2294, 'Miléna', 'Fernley', '1984-02-22', 'M', 111, 27, 0),
(2295, 'Adélaïde', 'Stryde', '1971-11-28', 'M', NULL, 251, 0),
(2296, 'Josée', 'Rayworth', '1964-04-27', NULL, NULL, 115, 0),
(2297, 'Uò', 'Bumphrey', '2000-01-17', 'F', 122, 73, 0),
(2298, 'Kallisté', 'Meiner', '2003-12-27', 'M', 94, 292, 0),
(2299, 'Océane', 'Drewery', '1964-11-18', 'M', 51, 490, 0),
(2300, 'Zoé', 'Yurocjkin', '1961-07-27', 'M', 121, 432, 0),
(2301, 'Mélys', 'Raggett', '2006-02-09', 'M', 42, 118, 0),
(2302, 'Mahélie', 'Dabinett', '1968-10-14', 'F', 30, 540, 0),
(2303, 'Angélique', 'Radage', '1973-10-08', 'M', 110, 271, 0),
(2304, 'Lèi', 'Wartnaby', '1971-03-24', 'M', 40, 800, 0),
(2305, 'Maïlys', 'Romagnosi', '1982-02-25', 'M', 65, 156, 0),
(2306, 'Erwéi', 'Hempel', '1995-01-13', 'F', 84, 304, 0),
(2307, 'Uò', 'Nuss', '1997-07-18', 'F', 108, 651, 0),
(2308, 'Märta', 'Sowle', '1972-02-06', 'M', 85, 750, 0),
(2309, 'Léone', 'Javes', '2000-04-19', 'F', 138, 52, 0),
(2310, 'Marylène', 'Morfett', '1950-10-17', 'M', 4, 237, 0),
(2311, 'Geneviève', 'Turle', '2004-09-02', 'M', 150, 727, 0),
(2312, 'Rébecca', 'Ramelot', '1995-06-20', 'F', 16, 784, 0),
(2313, 'Esbjörn', 'Mumby', NULL, 'M', 152, NULL, 0),
(2314, 'Åsa', 'Domotor', '1978-10-10', 'M', 36, 543, 0),
(2315, 'Tán', 'Murison', '1982-02-03', 'M', 6, 723, 0),
(2316, 'Lài', 'Gheeorghie', '2000-01-21', 'M', 71, 561, 0),
(2317, 'Cinéma', 'Frensche', '1980-10-16', 'F', 126, 602, 0),
(2318, 'Zhì', 'Spurden', '1956-02-25', 'M', 63, 1, 0),
(2319, 'Táng', 'Fermor', '1955-05-23', 'F', 103, NULL, 0),
(2320, 'Stéphanie', 'O\'Geaney', '1960-07-18', 'M', 46, 16, 0),
(2321, 'Néhémie', 'Saunt', '1963-05-15', 'M', 57, 156, 0),
(2322, 'Léandre', 'Klemenz', '1964-03-08', 'F', 90, 424, 0),
(2323, 'Sòng', 'Hurling', '1972-04-12', 'M', 79, 16, 0),
(2324, 'Irène', 'Towriss', '1980-01-15', 'F', 38, 445, 0),
(2325, 'Erwéi', 'Espinho', '1975-03-12', 'M', 137, 39, 0),
(2326, 'Magdalène', 'Cossons', '1990-07-05', 'M', 8, 672, 0),
(2327, 'Marie-josée', 'Thominga', '1951-01-09', 'M', 89, 54, 0),
(2328, 'Daphnée', 'Igoe', '1980-07-29', 'M', 90, 667, 0),
(2329, 'Marlène', 'Zellmer', '1998-06-04', 'F', 77, 503, 0),
(2330, 'Dà', 'Kiebes', '1953-09-06', 'M', 11, 336, 0),
(2331, 'Naëlle', 'de Glanville', '1998-03-05', NULL, 64, 286, 0),
(2332, 'Almérinda', 'Wythill', '1968-05-06', 'M', 105, 148, 0),
(2333, 'Maïlys', 'Siaspinski', '1962-03-06', 'F', 110, 24, 0),
(2334, 'Réjane', 'McWhirter', '2003-09-28', 'M', 83, 140, 0),
(2335, 'Danièle', 'Tomblin', '2005-12-13', 'M', 16, 292, 0),
(2336, 'Céline', 'Gimert', '1999-11-13', 'M', 105, 672, 0),
(2337, 'Célestine', 'Torbett', '1959-01-20', 'F', 152, 609, 0),
(2338, 'Léandre', 'Grason', '1987-01-19', 'M', 33, 781, 0),
(2339, 'Geneviève', 'Northway', '1966-02-01', 'M', 72, 105, 0),
(2340, 'Andrée', 'Macartney', '1963-01-11', 'F', 119, 775, 0),
(2341, 'Nadège', 'Hamflett', '1975-01-26', 'F', 6, 87, 0),
(2342, 'Andréa', 'Baudon', '1983-11-24', 'M', 120, 74, 0),
(2343, 'Yè', 'Meijer', '1964-02-14', 'M', 26, 296, 0),
(2344, 'Mårten', 'Polak', '1997-12-15', 'F', NULL, 597, 0),
(2345, 'Åsa', 'Mc Comb', '1953-08-01', 'M', 106, 429, 0),
(2346, 'Loïs', 'Lindsay', '1953-09-14', 'F', 81, 476, 0),
(2347, 'Anaïs', 'Lehmann', '2005-10-31', 'M', NULL, 728, 0),
(2348, 'Zhì', 'Kinsella', '1958-09-22', 'M', 40, 499, 0),
(2349, 'Östen', 'Stansby', '1983-09-25', 'F', 89, 639, 0),
(2350, 'Régine', 'Bencher', '1969-09-13', 'F', 61, 775, 0),
(2351, 'Gaétane', 'Schrader', '1958-02-21', 'F', 69, NULL, 0),
(2352, 'Görel', 'Brannan', '1953-03-18', 'F', 40, 452, 0),
(2353, 'Wá', 'Blaszczynski', '1963-07-28', 'F', 70, 582, 0),
(2354, 'Crééz', 'Nannizzi', '1951-04-23', 'M', 152, 698, 0),
(2355, 'Garçon', 'Forty', '1979-10-31', 'M', 103, 46, 0),
(2356, 'Publicité', 'Michallat', '1991-03-18', 'F', 100, 603, 0),
(2357, 'Fèi', 'Jacobs', '1973-04-19', 'F', 88, 13, 0),
(2358, 'Adélaïde', 'O\'Loinn', '1988-11-12', 'F', 127, 455, 0),
(2359, 'Marlène', 'Noddles', NULL, 'M', 15, 631, 0),
(2360, 'Mégane', 'Croshaw', '1972-11-10', 'F', 52, 587, 0),
(2361, 'Mélinda', 'Rodrigo', '2004-10-31', 'F', 28, 11, 0),
(2362, 'Stévina', 'Forson', '1999-07-05', 'M', 92, 480, 0),
(2363, 'Françoise', 'Linkleter', '1984-07-11', 'M', 86, 152, 0),
(2364, 'Gisèle', 'Gillbey', '1984-07-24', 'F', 6, 517, 0),
(2365, 'Audréanne', 'Swigger', '1984-10-18', 'M', 71, 614, 0),
(2366, 'Kévina', 'Ranscomb', '1980-06-15', 'M', 143, 287, 0),
(2367, 'Edmée', 'Hoys', '2005-07-19', 'F', NULL, 286, 0),
(2368, 'Simplifiés', 'Pettwood', '1990-10-22', 'M', 38, 338, 0),
(2369, 'Lyséa', 'MacGinley', '1965-08-01', 'M', 127, 551, 0),
(2370, 'Östen', 'Sidebotton', '1984-01-13', 'M', 25, 312, 0),
(2371, 'Naéva', 'Reyes', '2000-02-28', 'M', 129, 698, 0),
(2372, 'Dù', 'Dowdeswell', '1977-12-19', 'F', 89, 568, 0),
(2373, 'Inès', 'Baudains', '2004-10-12', 'F', 85, 675, 0),
(2374, 'André', 'Isenor', '1973-07-11', 'M', 30, 218, 0),
(2375, 'Célia', 'Snaddon', '1985-03-24', 'M', 3, 428, 0),
(2376, 'Daphnée', 'Shreenan', '1984-05-13', 'F', 104, 93, 0),
(2377, 'Kévina', 'Byer', '1992-03-24', 'M', NULL, 328, 0),
(2378, 'Solène', 'Barrie', '1953-08-31', 'F', 29, 706, 0),
(2379, 'Adélie', 'Hartop', '2004-08-19', 'F', 120, 112, 0),
(2380, 'Marie-françoise', 'Eilhersen', '1975-06-27', 'M', NULL, 100, 0),
(2381, 'Andréa', 'Inworth', '1999-12-07', 'M', 91, 39, 0),
(2382, 'Mylène', 'McNaught', '1994-07-01', 'F', 19, 654, 0),
(2383, 'Simplifiés', 'Hayne', '1991-12-19', 'F', NULL, 462, 0),
(2384, 'Örjan', 'Biswell', NULL, 'F', 85, 376, 0),
(2385, 'Joséphine', 'Orfeur', '1976-08-23', 'M', 138, 101, 0),
(2386, 'Méng', 'Degli Antoni', '1995-12-20', 'M', 8, 454, 0),
(2387, 'Marylène', 'Fortnon', NULL, 'M', 132, 450, 0),
(2388, 'Mélinda', 'Venturoli', '1963-06-07', 'M', 15, 646, 0),
(2389, 'Simplifiés', 'Crosher', '1992-10-12', 'F', NULL, 720, 0),
(2390, 'Anaïs', 'Dorcey', '1950-11-28', 'F', 75, 96, 0),
(2391, 'Océane', 'Decruse', NULL, 'M', NULL, 162, 0),
(2392, 'Intéressant', 'Quickenden', '1965-07-07', 'M', 52, 382, 0),
(2393, 'Cléa', 'Snuggs', '1975-11-23', 'M', 25, 449, 0),
(2394, 'Örjan', 'Quinn', '1982-09-15', 'F', 112, 763, 0),
(2395, 'Táng', 'Ogdahl', '1991-07-10', 'M', 26, 295, 0),
(2396, 'Alizée', 'Schleswig-Holstein', '1961-11-28', 'F', 63, 614, 0),
(2397, 'Judicaël', 'MacCorley', '1970-02-27', 'F', 80, 310, 0),
(2398, 'Loïc', 'Maher', NULL, 'M', 79, 486, 0),
(2399, 'Faîtes', 'Linning', '1956-05-22', NULL, 115, 404, 0),
(2400, 'Méthode', 'Heppner', '1989-02-15', 'F', 70, 514, 0),
(2401, 'Börje', 'Vidyapin', '1976-05-20', 'F', 83, 603, 0),
(2402, 'Léonore', 'Lacer', '1962-03-03', 'M', 95, 251, 0),
(2403, 'Daphnée', 'Alleway', '1962-10-14', 'M', 96, 360, 0),
(2404, 'Uò', 'Irnis', '1950-06-20', 'F', 125, 687, 0),
(2405, 'Mà', 'Mullord', '1998-02-19', 'M', 131, 22, 0),
(2406, 'Börje', 'Likely', '1976-08-02', 'M', 58, 197, 0),
(2407, 'Mén', 'Parsons', '1971-05-03', 'F', 23, 522, 0),
(2408, 'Méng', 'Jaquiss', '1960-10-04', 'F', 46, 779, 0),
(2409, 'Camélia', 'Wiffen', '1959-11-11', NULL, 63, 35, 0),
(2410, 'Liè', 'Folker', '1981-10-17', 'M', 61, 233, 0),
(2411, 'Valérie', 'Ugoletti', '2002-07-28', 'F', 148, 360, 0),
(2412, 'Annotée', 'Ewebank', '1983-03-06', 'M', 17, 541, 0),
(2413, 'Séréna', 'Skey', '1950-03-02', 'M', 109, 319, 0),
(2414, 'Tú', 'Targett', '1957-04-26', 'M', 1, 456, 0),
(2415, 'Mén', 'Leys', '1951-10-02', 'F', 151, 521, 0),
(2416, 'Yáo', 'Grime', '1952-09-12', 'M', 28, 375, 0),
(2417, 'Loïc', 'Parke', '1990-08-23', 'M', 47, 95, 0),
(2418, 'Naéva', 'Bedrosian', NULL, 'F', 153, 634, 0),
(2419, 'Pò', 'Symcoxe', '1967-05-11', 'M', 63, 189, 0),
(2420, 'Ruì', 'Antognozzii', '1979-05-07', 'F', 67, 453, 0),
(2421, 'Mélys', 'Woolmore', '1996-11-13', 'F', 21, 21, 0),
(2422, 'Anaël', 'January', '1959-01-18', 'M', 111, 652, 0),
(2423, 'Joséphine', 'MacCurley', '1995-04-12', 'M', 30, 270, 0),
(2424, 'Marie-ève', 'Borwick', '1995-11-25', 'M', 115, 753, 0),
(2425, 'Cécile', 'Auston', '1954-01-26', 'F', 78, 776, 0),
(2426, 'Illustrée', 'Huske', '1957-05-15', 'M', 59, 685, 0),
(2427, 'Véronique', 'Kulicke', '1951-12-05', 'F', 38, 338, 0),
(2428, 'Bérénice', 'Haveline', '1954-05-04', 'M', 69, 706, 0),
(2429, 'Valérie', 'Rhymes', NULL, 'M', 119, 364, 0),
(2430, 'Françoise', 'Trye', '1995-06-21', 'M', 94, 670, 0),
(2431, 'Lóng', 'Chislett', '1970-05-23', 'F', NULL, 332, 0),
(2432, 'Estève', 'Johnsee', '1957-03-18', 'F', 2, 629, 0),
(2433, 'Åsa', 'Winsiowiecki', '1989-01-01', 'F', 138, 690, 0),
(2434, 'Cloé', 'Tabbernor', NULL, 'F', 10, 714, 0),
(2435, 'Loïs', 'Larcombe', '2002-11-10', 'M', 129, 56, 0),
(2436, 'Björn', 'Reynalds', '1961-11-01', 'M', 57, NULL, 1),
(2437, 'Laurène', 'Pyrke', '1956-02-22', 'M', 33, 137, 0),
(2438, 'Lèi', 'Burle', '1972-03-21', 'M', 78, 536, 0),
(2439, 'Anaël', 'Keyser', '1955-04-22', 'F', 52, 470, 0),
(2440, 'Yú', 'McHan', '1973-10-17', 'M', 97, 117, 0),
(2441, 'Magdalène', 'Gambles', '1962-03-28', 'M', NULL, 509, 0),
(2442, 'Aloïs', 'Caroli', '1998-07-16', 'F', 141, 376, 0),
(2443, 'Nadège', 'Hovey', '1991-03-03', 'M', 34, 262, 0),
(2444, 'Léone', 'Giacomo', '1974-03-08', 'F', 28, 255, 0),
(2445, 'Agnès', 'Eisak', '1995-01-15', 'M', 105, 599, 0),
(2446, 'Marie-thérèse', 'Wands', '1999-06-29', 'F', 83, 11, 0),
(2447, 'Loïs', 'Coaten', '1999-05-29', 'M', 62, 149, 0),
(2448, 'Médiamass', 'Physic', '1980-04-04', 'F', 20, 681, 0),
(2449, 'Léonie', 'Chagg', '1952-08-19', 'M', 40, 416, 0),
(2450, 'Mélinda', 'Jellyman', '1983-09-05', 'F', 81, 219, 0),
(2451, 'Sòng', 'Veevers', '1990-12-10', 'M', 19, 567, 0),
(2452, 'Annotée', 'Husher', '1997-07-30', 'M', 34, 606, 0),
(2453, 'Gaétane', 'Vigers', '1978-07-19', 'F', 59, 488, 0),
(2454, 'Intéressant', 'Scotchmoor', '1962-12-17', 'F', 8, 68, 0),
(2455, 'Estève', 'Riatt', '1957-01-13', 'M', 115, 186, 0),
(2456, 'Lài', 'Bee', '2003-11-30', 'F', 100, 222, 0),
(2457, 'Séverine', 'Vandenhoff', '2003-09-08', 'F', 29, 734, 0),
(2458, 'Aurélie', 'Forrestor', '1976-05-23', 'M', 136, 744, 0),
(2459, 'Marie-thérèse', 'Solly', '1956-06-03', 'M', 92, 692, 0),
(2460, 'Maëlle', 'Coutthart', '1977-04-26', 'F', 64, NULL, 0),
(2461, 'Illustrée', 'Fairbridge', '2005-11-27', 'M', 146, NULL, 0),
(2462, 'Mélanie', 'Ryall', '1982-07-11', 'F', 18, 759, 0),
(2463, 'Méng', 'Sayles', NULL, 'F', 91, 661, 0),
(2464, 'Eugénie', 'Batcheldor', '2004-07-07', 'M', 139, 761, 0),
(2465, 'Mélia', 'Carthy', '1998-12-15', 'F', 15, 158, 0),
(2466, 'Méline', 'Napolione', '1952-10-29', 'F', 95, 373, 0),
(2467, 'Miléna', 'Levermore', '1955-02-01', 'F', 128, 639, 0),
(2468, 'Åsa', 'Keyser', '1992-07-09', 'M', 86, 161, 0),
(2469, 'Angélique', 'Bonde', '1952-03-04', 'M', 9, 127, 0),
(2470, 'Esbjörn', 'Tomaszkiewicz', '1983-02-02', 'F', 62, 742, 0),
(2471, 'Liè', 'Bottell', '1976-08-21', 'M', 130, 488, 0),
(2472, 'Naëlle', 'Bramhall', '2002-06-13', 'F', 9, 486, 0),
(2473, 'Ophélie', 'Cowpland', '1987-06-07', 'M', 57, 111, 0),
(2474, 'Zhì', 'Driver', '1971-09-27', 'M', 99, 372, 0),
(2475, 'Marlène', 'Lurriman', '1978-06-29', 'F', 110, 146, 0),
(2476, 'Tán', 'Creane', '1997-08-20', 'M', NULL, 675, 0),
(2477, 'Aí', 'Hartshorn', '1989-08-20', 'M', 123, 442, 0),
(2478, 'Maïté', 'Rennie', '1993-01-27', 'F', 2, 508, 0),
(2479, 'Yóu', 'Brockelsby', '1983-02-01', 'F', 114, 478, 0),
(2480, 'Publicité', 'Tsar', '2000-09-06', 'F', 50, 737, 0),
(2481, 'Réservés', 'De Brett', '1998-12-05', 'F', 137, 563, 0),
(2482, 'Néhémie', 'Pasquale', '1989-07-23', 'F', 62, 461, 0),
(2483, 'Mélanie', 'Greenier', '1964-09-11', 'M', 5, 254, 0),
(2484, 'Ruì', 'Dudding', '1970-05-05', 'M', 60, 583, 0),
(2485, 'Bérangère', 'Albro', '1965-07-19', 'M', 126, 373, 0),
(2486, 'Loïca', 'Fernyhough', NULL, 'F', 22, 581, 0),
(2487, 'Méline', 'Daddow', '1992-08-11', 'M', 136, 480, 0),
(2488, 'Joséphine', 'Thorns', '1996-03-26', 'M', 145, 474, 0),
(2489, 'Yénora', 'Shambrooke', '1954-11-19', 'M', NULL, 660, 0),
(2490, 'Gaétane', 'Romeuf', NULL, 'F', 126, 572, 0),
(2491, 'Anaëlle', 'Burberow', '1950-03-30', 'M', 140, 659, 0),
(2492, 'Séréna', 'Crinkley', '1956-07-20', 'F', 112, 612, 0),
(2493, 'Annotée', 'Ricson', '1961-05-18', 'F', NULL, 13, 0),
(2494, 'Geneviève', 'Symcox', '1954-08-27', 'F', 72, 300, 0),
(2495, 'Aimée', 'Chesshire', '1972-07-03', 'F', 73, 487, 0),
(2496, 'Táng', 'Zamudio', NULL, 'F', NULL, 164, 0),
(2497, 'Amélie', 'Kellar', '1958-12-31', 'F', 112, 31, 0),
(2498, 'Inès', 'Simson', '1978-07-11', 'M', 5, 599, 0),
(2499, 'Dorothée', 'Bastick', '1988-08-30', NULL, 143, 775, 0),
(2500, 'Séréna', 'Kinworthy', '2002-06-15', 'F', 132, 361, 0),
(2501, 'Gaétane', 'Bare', '1960-06-23', NULL, NULL, 693, 0),
(2502, 'Intéressant', 'Croson', '1951-03-19', 'M', 141, 612, 0),
(2503, 'Ophélie', 'Iffe', NULL, 'F', 70, 48, 0),
(2504, 'Maïwenn', 'Parnall', '1979-05-28', 'M', 16, 279, 0),
(2505, 'Néhémie', 'Ewells', '1986-01-09', NULL, 23, 335, 0),
(2506, 'Desirée', 'Hanks', '1975-07-18', 'F', 38, 611, 0),
(2507, 'Anaïs', 'Quartley', '1986-04-04', 'F', 112, 345, 0),
(2508, 'Judicaël', 'Putt', '1955-01-31', 'M', 10, 290, 0),
(2509, 'Mélinda', 'Salaman', '1979-06-12', NULL, 27, 352, 0),
(2510, 'André', 'Hurche', '1998-07-07', 'M', NULL, 252, 0),
(2511, 'Stévina', 'Dowker', '1995-04-30', 'M', 78, 602, 0),
(2512, 'Maëline', 'Taggart', '1976-06-26', 'F', 152, 288, 0),
(2513, 'Angélique', 'Clitherow', '2001-10-24', 'F', 106, 269, 0),
(2514, 'Aimée', 'Ferrino', '1974-07-15', 'M', 12, 124, 0),
(2515, 'Clémentine', 'Haldane', '1990-12-21', 'F', 35, 226, 0),
(2516, 'Eloïse', 'Morgan', '1998-10-14', 'M', 152, 483, 0),
(2517, 'Laurélie', 'Jorat', '1960-12-07', 'M', 141, 295, 0),
(2518, 'Andréa', 'Skocroft', '1974-05-09', 'M', 103, 204, 0),
(2519, 'Cléopatre', 'Ferrar', '1994-04-07', 'F', 114, 276, 0),
(2520, 'Léone', 'Mattisson', '1985-05-06', 'M', 98, 511, 0),
(2521, 'Agnès', 'MacMoyer', '1952-10-10', 'M', 41, 445, 0),
(2522, 'Céline', 'Chinge de Hals', '1956-03-18', 'M', 150, 208, 0),
(2523, 'Vérane', 'Heynen', '1960-07-07', 'M', 108, 186, 0),
(2524, 'Maéna', 'Hadingham', '1968-04-16', 'F', 52, 173, 0),
(2525, 'Jú', 'Richold', '1967-06-10', 'F', 71, 104, 0),
(2526, 'Faîtes', 'Milburn', '1966-05-31', 'M', 38, 456, 0),
(2527, 'Fèi', 'Sumbler', NULL, 'F', 19, 497, 0),
(2528, 'Geneviève', 'Lowne', '1980-07-30', 'M', NULL, 447, 0),
(2529, 'Marlène', 'Kesley', '1995-12-31', 'M', 128, 6, 0),
(2530, 'Marie-ève', 'Branigan', '1986-06-18', 'M', 118, 279, 0),
(2531, 'Anaïs', 'Tibb', '1951-12-28', 'F', 150, 44, 0),
(2532, 'Michèle', 'Skeemer', '1991-08-08', 'F', 84, 175, 0),
(2533, 'Bérangère', 'McGoldrick', '1996-01-23', 'M', 77, 309, 0),
(2534, 'Håkan', 'Barmby', '1963-06-12', 'F', 49, 610, 0),
(2535, 'Lóng', 'Perrot', '1986-01-03', 'F', 37, 778, 0),
(2536, 'Adèle', 'Illyes', '1984-01-14', 'F', 153, 593, 0),
(2537, 'Cécilia', 'Woolcocks', '1964-07-19', 'F', 69, 239, 0),
(2538, 'Marie-hélène', 'Maior', '1996-06-06', 'M', 19, NULL, 0),
(2539, 'Maïly', 'Denecamp', '1971-11-30', 'F', 43, 624, 0),
(2540, 'Lài', 'Hammerstone', '1976-01-19', 'M', 24, 540, 0),
(2541, 'Kallisté', 'Tomczynski', '1973-06-16', NULL, 147, 158, 0),
(2542, 'Intéressant', 'Barstow', '1965-01-16', 'M', 115, 665, 0),
(2543, 'Nadège', 'Sweett', '1975-12-04', 'M', NULL, 777, 0),
(2544, 'Léana', 'Dellenbrook', '1979-06-26', 'F', 56, 630, 0),
(2545, 'Gérald', 'Allmann', '1978-05-04', 'F', NULL, 371, 0),
(2546, 'Marie-josée', 'Hagley', '2003-11-03', 'M', 100, 299, 0),
(2547, 'Méng', 'Gauler', '1992-02-23', 'F', 50, 653, 0),
(2548, 'Maïly', 'Cleveley', '1971-07-18', 'F', 125, 356, 0),
(2549, 'Aí', 'Hugett', '1996-12-09', 'M', 46, 518, 0),
(2550, 'Séréna', 'Shortin', '2003-02-05', 'F', 1, 589, 0),
(2551, 'Uò', 'Fitkin', '1972-01-17', 'F', 144, 184, 0),
(2552, 'Bécassine', 'Hanes', '1991-05-11', 'M', 61, 123, 0),
(2553, 'Dafnée', 'Sinnie', '2003-10-31', 'F', 44, 644, 0),
(2554, 'Dorothée', 'Louthe', '1985-11-14', 'M', 29, 770, 0),
(2555, 'Mélys', 'Simison', '1966-09-18', 'M', NULL, 780, 0),
(2556, 'Océane', 'Kubu', '2003-03-16', 'F', 4, 406, 0),
(2557, 'Annotés', 'Getch', '1966-06-08', 'F', 80, 264, 0),
(2558, 'Salomé', 'Tinwell', '1971-04-30', 'M', 133, 524, 0),
(2559, 'Bérangère', 'Kerin', '1985-11-23', 'M', NULL, 553, 0),
(2560, 'Erwéi', 'Pegler', '2001-12-08', 'M', 73, 198, 0),
(2561, 'Marylène', 'Sweeny', '1994-05-20', 'M', 33, 542, 0),
(2562, 'Valérie', 'Kurdani', '1983-05-04', 'F', 152, 425, 0),
(2563, 'Gisèle', 'Trathan', '1996-09-17', 'F', 97, 656, 0),
(2564, 'Marie-hélène', 'Gallardo', '1984-03-16', 'F', 68, 493, 0),
(2565, 'Loïca', 'Jeffcoate', '1971-12-13', 'F', 28, 581, 0),
(2566, 'Åsa', 'Papaccio', '1956-09-15', 'F', NULL, 70, 0),
(2567, 'Valérie', 'Stockney', '1956-12-11', 'F', 102, 652, 0),
(2568, 'Angèle', 'Porker', NULL, 'M', 84, 438, 0),
(2569, 'Mahélie', 'Jago', '1962-09-24', 'F', 76, 663, 0),
(2570, 'Lyséa', 'Ricciardelli', '1959-12-31', 'M', NULL, 668, 0),
(2571, 'Josée', 'Bicker', '1982-05-20', 'M', 90, 91, 0),
(2572, 'Maëly', 'Geri', '1964-01-16', 'M', 117, 556, 0),
(2573, 'Yè', 'Colpus', '1952-12-29', 'F', 89, 95, 0),
(2574, 'Yóu', 'Emmins', '1978-05-31', 'M', 140, 254, 0),
(2575, 'Maïly', 'Dax', NULL, 'M', NULL, 473, 0),
(2576, 'Réjane', 'Loy', '1981-10-24', 'M', 72, 315, 0),
(2577, 'Marie-thérèse', 'Trittam', NULL, 'F', 127, 473, 0),
(2578, 'Anaé', 'Burdett', '1987-11-13', 'F', 75, 678, 0),
(2579, 'Dafnée', 'Leates', '1974-04-10', 'F', 114, 755, 0),
(2580, 'Lauréna', 'Kienl', '1996-03-22', 'M', 141, 191, 0),
(2581, 'Ophélie', 'Joberne', '1989-08-10', 'F', 19, 211, 0),
(2582, 'Lén', 'Lintall', '1979-12-25', 'M', 137, 511, 0),
(2583, 'Salomé', 'Blinder', '1951-07-25', 'F', 140, 95, 0),
(2584, 'Béatrice', 'Crudgington', '1978-11-23', 'M', 130, 321, 0),
(2585, 'Inès', 'Myrtle', '1984-04-04', 'M', 100, 253, 0),
(2586, 'Andréa', 'Basili', '1979-07-24', 'M', 79, 43, 0),
(2587, 'Cécile', 'Gayforth', '1970-09-10', 'M', 52, 439, 0),
(2588, 'Nélie', 'Fawthorpe', '1972-06-12', 'F', 123, 145, 0),
(2589, 'Ruò', 'Gunning', '1989-05-07', 'F', 11, 625, 0),
(2590, 'Andréanne', 'Wroath', '1996-02-20', 'M', 96, 777, 0),
(2591, 'Maéna', 'Stienham', '2003-11-03', 'F', 5, 42, 0),
(2592, 'Gwenaëlle', 'Luck', '1987-09-06', 'M', 76, 500, 0),
(2593, 'Gösta', 'Helmke', '1972-04-13', 'F', 86, 424, 0),
(2594, 'Chloé', 'Brownett', '1962-07-15', 'M', 113, 243, 0),
(2595, 'Angélique', 'Westman', '1986-06-28', 'M', 129, 346, 0),
(2596, 'Hélène', 'Illwell', '1994-05-24', 'F', 81, 797, 0),
(2597, 'Solène', 'Nuemann', '1997-01-03', 'F', 60, 40, 0),
(2598, 'Pénélope', 'Amori', '1953-11-01', 'M', 14, 760, 0),
(2599, 'Yóu', 'Nugent', '1990-12-10', 'F', 97, 50, 0),
(2600, 'Dafnée', 'Bulger', '1999-10-09', 'F', 8, 264, 0),
(2601, 'Amélie', 'Farmiloe', '1982-04-04', 'F', 35, 532, 0),
(2602, 'Mélys', 'Sturge', '1971-12-25', 'M', 86, 693, 0),
(2603, 'Kallisté', 'O\'Boyle', '2003-10-14', 'F', 108, 380, 0);
INSERT INTO `employees` (`id`, `first_name`, `last_name`, `birthdate`, `sex`, `city_fk`, `company_fk`, `is_deleted`) VALUES
(2604, 'Styrbjörn', 'Pyott', '1999-03-22', 'M', 58, 453, 0),
(2605, 'Dù', 'Majury', '1956-07-30', 'M', 33, 102, 0),
(2606, 'Noémie', 'MacFadzean', '1975-04-15', 'F', 67, 707, 0),
(2607, 'Göran', 'Frede', '1968-10-31', 'M', 45, 494, 0),
(2608, 'Kévina', 'Siflet', '1962-10-26', 'F', 112, 124, 0),
(2609, 'Cléa', 'Kift', '1953-01-12', 'M', 103, 556, 0),
(2610, 'Kallisté', 'Armatidge', '1976-06-17', 'F', 143, 442, 0),
(2611, 'Léane', 'Wilmott', '1964-05-01', 'M', 55, 391, 0),
(2612, 'Publicité', 'Crumpe', '2005-02-11', 'M', 13, NULL, 0),
(2613, 'Andréa', 'Scargill', '1989-03-21', 'F', 35, 706, 0),
(2614, 'Annotés', 'Thundercliffe', '1985-05-04', 'F', 143, 448, 0),
(2615, 'Océanne', 'Draycott', '1973-03-15', 'M', 70, 58, 0),
(2616, 'Garçon', 'Kohnen', '1987-03-31', 'F', 147, 238, 0),
(2617, 'Noémie', 'Canty', '1961-05-21', 'F', NULL, 637, 0),
(2618, 'Tú', 'Mahomet', '1971-05-27', 'M', 128, 83, 0),
(2619, 'Mahélie', 'Toderbrugge', '2000-05-21', 'M', 86, 24, 0),
(2620, 'Pénélope', 'Haydney', NULL, 'M', 90, 559, 0),
(2621, 'Uò', 'Harrad', '1997-11-03', 'F', 65, 83, 0),
(2622, 'Björn', 'Breeds', '1953-07-17', 'M', NULL, 222, 0),
(2623, 'Bérénice', 'Brandi', '1967-03-12', 'F', 108, 778, 0),
(2624, 'Méline', 'Pearsall', '1977-12-01', 'M', 16, 734, 0),
(2625, 'Séréna', 'Fidell', '1962-09-20', 'F', 127, 377, 0),
(2626, 'Maëline', 'Hyndman', NULL, 'F', 5, 426, 0),
(2627, 'Inès', 'Michin', '1986-04-19', 'M', 23, 532, 0),
(2628, 'Eléonore', 'Mcasparan', '1987-10-29', 'M', 144, 197, 0),
(2629, 'Yú', 'Sheran', '1957-08-05', 'F', 44, 730, 0),
(2630, 'Lài', 'Cheverton', '1990-08-05', 'F', 56, 358, 0),
(2631, 'Mahélie', 'Dillon', '1986-09-12', 'F', 68, 171, 0),
(2632, 'Styrbjörn', 'Siemantel', '1964-12-17', 'F', 140, 50, 0),
(2633, 'Stéphanie', 'Cowpland', '1954-05-24', NULL, 49, 75, 0),
(2634, 'Geneviève', 'Cheeke', '1952-07-11', 'M', 56, 438, 0),
(2635, 'Erwéi', 'Clara', '1974-09-05', 'F', 138, 227, 0),
(2636, 'Réservés', 'Blakeborough', '1961-01-03', 'M', 26, 765, 0),
(2637, 'Bérengère', 'Olivella', '1976-04-14', 'F', 134, 742, 0),
(2638, 'Eugénie', 'Highwood', '1988-05-29', 'F', 103, 639, 0),
(2639, 'Audréanne', 'Rosenblatt', '1953-12-12', 'F', 141, 503, 0),
(2640, 'Léane', 'Schwerin', NULL, 'M', 111, 584, 0),
(2641, 'Solène', 'Elnaugh', '1974-02-27', 'M', 9, 274, 0),
(2642, 'Mylène', 'Elton', '1957-11-16', 'F', 17, NULL, 0),
(2643, 'Bérénice', 'Sidwick', NULL, 'F', 107, 651, 0),
(2644, 'Adèle', 'Kirkebye', NULL, 'M', 138, 35, 0),
(2645, 'Mélanie', 'MacKeever', '1994-06-16', 'M', 42, 524, 0),
(2646, 'Dà', 'Steely', '2003-07-22', 'M', 63, 269, 0),
(2647, 'Maïwenn', 'Elvin', '1964-09-19', 'M', 45, 132, 0),
(2648, 'Annotée', 'Seddon', '1952-11-27', 'F', 122, 77, 0),
(2649, 'Gérald', 'Lynett', '1963-05-23', 'M', 123, 356, 0),
(2650, 'Sòng', 'Cristoferi', '1960-02-29', 'M', 139, 349, 0),
(2651, 'Marie-thérèse', 'Braidman', '1984-10-17', 'M', 27, 178, 0),
(2652, 'Hélèna', 'Fortun', '1962-08-24', 'F', 70, 281, 0),
(2653, 'Stévina', 'Critchard', '1976-08-31', 'M', 1, 328, 0),
(2654, 'Pål', 'Grimsell', '1953-03-05', 'M', 97, 715, 0),
(2655, 'Simplifiés', 'Arnatt', '1980-09-06', 'M', 28, 201, 0),
(2656, 'Gösta', 'Haughton', '1972-10-24', 'M', 30, 630, 0),
(2657, 'Daphnée', 'Vaugham', NULL, 'M', 56, 221, 0),
(2658, 'Åke', 'Belchamp', '1998-08-07', 'F', 126, 515, 0),
(2659, 'Joséphine', 'Medhurst', '1956-01-27', 'M', 18, 491, 0),
(2660, 'Anaïs', 'Iban', NULL, 'F', 46, 610, 0),
(2661, 'Göran', 'Spacie', '1978-07-04', 'M', 109, 499, 0),
(2662, 'Lorène', 'Bentson', '1999-07-01', 'F', 6, 388, 0),
(2663, 'Gwenaëlle', 'Preshous', '1971-09-24', 'M', 34, 329, 0),
(2664, 'Yénora', 'Dargan', '1975-07-28', 'M', 151, 437, 0),
(2665, 'Gaëlle', 'Crocken', '1971-05-14', 'F', 17, 286, 0),
(2666, 'Célestine', 'Towndrow', '1994-10-25', 'F', 68, 196, 0),
(2667, 'Eléonore', 'MacAscaidh', '1951-08-03', 'F', 132, 390, 0),
(2668, 'Personnalisée', 'Emson', '1999-09-06', 'F', NULL, 171, 0),
(2669, 'Renée', 'Trevithick', '1963-07-28', 'F', 77, 18, 0),
(2670, 'Anaé', 'Abriani', '1985-09-26', NULL, 98, 631, 0),
(2671, 'Torbjörn', 'Illem', '1962-09-18', 'M', 31, 347, 0),
(2672, 'Publicité', 'Voisey', '1970-10-25', 'F', 132, 426, 0),
(2673, 'Annotée', 'Lamp', '1977-01-16', 'M', 41, 376, 0),
(2674, 'Måns', 'Roels', NULL, 'M', 78, 43, 0),
(2675, 'Valérie', 'Ruck', '2000-10-15', 'F', 29, 416, 0),
(2676, 'Edmée', 'Agdahl', '1970-12-20', 'M', 64, NULL, 0),
(2677, 'Michèle', 'Haps', '1991-09-28', 'F', 82, 469, 0),
(2678, 'Cloé', 'Betser', '1959-03-29', 'M', 36, 233, 0),
(2679, 'Åsa', 'Axell', '1996-06-03', 'M', 93, 545, 0),
(2680, 'Maëlys', 'Hollows', '1982-01-12', 'F', 41, 170, 0),
(2681, 'Pélagie', 'Manass', '1977-01-05', 'F', 30, 470, 0),
(2682, 'Edmée', 'Raggett', '1955-04-06', 'M', 105, 719, 0),
(2683, 'Maïté', 'Kenwyn', '1992-12-29', 'M', 116, 705, 0),
(2684, 'Pò', 'Augustin', '1960-01-23', 'M', 147, 510, 0),
(2685, 'Björn', 'Mc Cahey', '1968-10-30', 'F', 139, 720, 0),
(2686, 'Laurélie', 'Thorne', '1976-04-24', 'M', 70, 81, 0),
(2687, 'Adélie', 'Gribbin', '1988-03-04', NULL, NULL, 347, 0),
(2688, 'Maëly', 'Dougary', '1969-04-17', 'M', 130, 490, 0),
(2689, 'Örjan', 'Tipping', '1958-01-03', 'M', 126, 743, 0),
(2690, 'Börje', 'Dono', '1987-10-18', 'F', NULL, 1, 0),
(2691, 'Publicité', 'O\'Devey', NULL, 'M', 42, 651, 0),
(2692, 'Agnès', 'Nares', '1992-05-01', 'M', 36, 656, 0),
(2693, 'Desirée', 'Jirka', '1975-02-11', 'M', 135, 202, 0),
(2694, 'Léandre', 'Foord', NULL, 'F', 147, 554, 0),
(2695, 'Mélodie', 'Heathcott', NULL, 'M', 70, 430, 0),
(2696, 'Thérèse', 'Dickerline', '1977-06-06', 'M', 29, 317, 0),
(2697, 'Mà', 'Graybeal', '1959-05-31', 'F', 115, 278, 0),
(2698, 'Clémentine', 'Cheeld', '1998-12-01', 'M', 142, 284, 0),
(2699, 'Maï', 'Menichillo', '1988-07-31', 'F', 57, 763, 0),
(2700, 'Nélie', 'McGucken', '1991-05-31', 'F', 33, 620, 0),
(2701, 'Wá', 'Piddock', '1973-09-06', NULL, 129, 784, 0),
(2702, 'Göran', 'Deakan', '1953-05-14', 'M', 93, 1, 0),
(2703, 'Mélia', 'Chellam', '1991-07-31', 'M', 67, 319, 0),
(2704, 'Annotée', 'Bittany', '1954-07-19', 'F', 22, 730, 0),
(2705, 'Maïlys', 'Whaley', '1952-11-14', 'M', 138, 319, 0),
(2706, 'Kuí', 'Cabell', '1950-02-21', 'F', 63, 768, 0),
(2707, 'Laïla', 'Cicchinelli', NULL, 'F', 148, 758, 0),
(2708, 'Pénélope', 'Floodgate', '1975-03-01', 'M', 63, 474, 0),
(2709, 'Aí', 'Search', '1961-03-26', 'F', 58, 440, 0),
(2710, 'Stéphanie', 'Gonnard', '2005-02-25', 'F', 65, 471, 0),
(2711, 'Maëlys', 'Osgar', '1972-01-23', 'F', 18, 308, 0),
(2712, 'Håkan', 'Semor', NULL, 'F', 147, 307, 0),
(2713, 'Dafnée', 'Beamish', '1997-09-25', 'F', 36, 705, 0),
(2714, 'Håkan', 'Kiendl', NULL, 'F', 143, 706, 0),
(2715, 'Aloïs', 'Stronack', '1992-01-01', 'M', 107, 351, 0),
(2716, 'Pò', 'Trangmar', '1959-07-14', 'F', 93, 360, 0),
(2717, 'Chloé', 'Wandtke', '2003-04-12', 'M', 15, 752, 0),
(2718, 'Sélène', 'Balling', '1955-03-24', 'F', 33, 392, 0),
(2719, 'Médiamass', 'Chasteau', '1962-12-11', 'M', NULL, 50, 0),
(2720, 'Maïté', 'Matovic', '1973-12-13', 'M', 109, 17, 0),
(2721, 'Léone', 'Uzelli', '1968-05-12', 'M', 96, 316, 0),
(2722, 'Gérald', 'Manicom', '1991-10-01', 'M', 17, 235, 0),
(2723, 'Laurélie', 'O\'Hollegan', '1977-10-16', 'M', 51, 162, 0),
(2724, 'André', 'Tapley', '1992-05-24', 'M', 135, 766, 0),
(2725, 'Sòng', 'Bernardoux', '1974-07-27', 'F', 88, 97, 0),
(2726, 'Lauréna', 'Blaze', '1987-11-26', NULL, 138, 359, 0),
(2727, 'Gwenaëlle', 'Ormistone', '1960-07-22', 'F', 3, 606, 0),
(2728, 'Joséphine', 'Dollen', '1982-06-27', 'M', 30, 496, 0),
(2729, 'Maïté', 'Arnaudot', '1993-12-31', 'F', 136, 105, 0),
(2730, 'Bérénice', 'Parcells', '1975-11-14', 'M', 69, 457, 0),
(2731, 'Lyséa', 'Eakle', '1962-10-31', 'F', 144, 271, 0),
(2732, 'Géraldine', 'Crommett', NULL, 'F', 16, 794, 0),
(2733, 'Gérald', 'Fennick', '2001-07-18', 'M', 29, 514, 0),
(2734, 'Publicité', 'Dupree', '1951-12-24', NULL, 63, 270, 0),
(2735, 'Naéva', 'Aldhous', '1976-10-30', 'F', 139, 81, 0),
(2736, 'Maïté', 'Ciccotti', '1983-07-02', 'F', 102, 532, 0),
(2737, 'Judicaël', 'Keuning', '1994-05-25', 'M', 19, 490, 0),
(2738, 'Marie-hélène', 'Renard', '1987-05-22', 'F', 17, 700, 0),
(2739, 'Léandre', 'Westraw', NULL, 'F', 10, 280, 0),
(2740, 'Stévina', 'Galfour', '1962-07-25', 'M', 69, 328, 0),
(2741, 'Yè', 'Erni', '1975-03-08', NULL, 67, 650, 0),
(2742, 'Esbjörn', 'Wastling', '1986-05-28', 'F', 134, 520, 0),
(2743, 'Zhì', 'Cone', NULL, 'F', 86, 57, 0),
(2744, 'Bérengère', 'Menel', '1996-06-12', 'M', 40, NULL, 0),
(2745, 'Anaël', 'Forman', '1963-04-19', 'F', 58, 225, 0),
(2746, 'Edmée', 'Heffernan', '1990-08-14', 'M', 99, 654, 0),
(2747, 'Irène', 'O\' Mullane', '1955-04-21', 'M', 115, 389, 0),
(2748, 'Gérald', 'Gallagher', '1956-09-06', 'F', 14, 356, 0),
(2749, 'Réjane', 'Lovell', '1982-04-16', 'M', 27, 383, 0),
(2750, 'Anaël', 'Megroff', '1994-07-07', 'M', 131, 22, 0),
(2751, 'Irène', 'Grigorini', '2005-05-11', 'F', 18, 48, 0),
(2752, 'Eléa', 'Purches', '1953-08-09', 'F', 75, 244, 0),
(2753, 'Maïlis', 'Martensen', '1960-06-10', 'F', 123, 751, 0),
(2754, 'Pò', 'Madison', '1996-09-09', 'F', 14, 754, 0),
(2755, 'Marylène', 'Vizor', '1962-10-10', 'F', 28, NULL, 0),
(2756, 'Vérane', 'Wedderburn', '1960-10-03', 'F', 126, 66, 0),
(2757, 'Marie-josée', 'Vergine', NULL, 'F', 20, NULL, 0),
(2758, 'Marie-françoise', 'Guidone', '1967-11-27', 'M', 73, 723, 0),
(2759, 'Aloïs', 'Hedon', '2006-02-16', 'M', 118, 643, 0),
(2760, 'Méghane', 'Pauluzzi', '1973-05-24', 'F', 94, 366, 0),
(2761, 'Gérald', 'Macieiczyk', '1967-01-18', 'M', 95, 253, 0),
(2762, 'Séverine', 'Berryann', '1973-08-16', 'F', 23, 703, 0),
(2763, 'Célia', 'Dugald', '1967-05-26', 'M', 66, 603, 0),
(2764, 'Dorothée', 'MacPadene', '2000-05-01', 'M', 91, 159, 0),
(2765, 'Dorothée', 'Aldersey', '1953-10-18', 'M', 146, 695, 0),
(2766, 'Cloé', 'Usher', '1968-12-15', 'F', 78, 14, 0),
(2767, 'Garçon', 'Karim', '1993-12-11', 'F', 74, 713, 0),
(2768, 'Daphnée', 'Ipplett', '1960-01-22', 'F', 41, 108, 0),
(2769, 'Crééz', 'Comini', '1969-02-05', 'F', 111, 405, 0),
(2770, 'Táng', 'Dinis', '1991-10-09', 'F', 80, 251, 0),
(2771, 'Géraldine', 'MacElroy', '1953-03-05', 'F', 115, 541, 0),
(2772, 'Adélie', 'Preuvost', '2004-01-26', 'M', 61, 700, 0),
(2773, 'Géraldine', 'Rigeby', '1988-08-24', 'M', 148, 366, 0),
(2774, 'Cléopatre', 'Vautre', '1955-01-16', 'M', 113, 312, 0),
(2775, 'Uò', 'Loftie', '1975-04-14', 'F', 21, 489, 0),
(2776, 'Publicité', 'MacCathay', '1999-09-23', NULL, 102, 272, 0),
(2777, 'Méline', 'Stairmand', '1976-06-20', 'M', 101, 676, 0),
(2778, 'Céline', 'Sturridge', '1987-10-15', NULL, NULL, 657, 0),
(2779, 'Cécile', 'Castenda', '1982-03-22', 'F', 90, 252, 0),
(2780, 'Mén', 'Balazs', '2006-01-15', 'M', 56, 158, 0),
(2781, 'Cléa', 'Mendoza', '1991-07-05', 'M', 9, 45, 0),
(2782, 'Méghane', 'Antonoyev', '1972-03-17', 'F', 151, 434, 0),
(2783, 'Véronique', 'Doe', '1979-04-16', 'F', NULL, 163, 0),
(2784, 'Mén', 'Snare', '2005-11-07', 'M', 36, 440, 0),
(2785, 'Danièle', 'Chagg', '1965-08-08', 'M', 73, 731, 0),
(2786, 'Jú', 'Grigolashvill', '2000-01-06', 'M', 91, 681, 0),
(2787, 'Lén', 'Hirsthouse', '1957-11-08', 'M', 130, 195, 0),
(2788, 'Gwenaëlle', 'Drane', '1997-07-15', 'F', 85, 174, 0),
(2789, 'Lóng', 'Caze', NULL, 'F', 76, 11, 0),
(2790, 'Anaïs', 'Effaunt', '1962-05-07', 'M', 91, 389, 0),
(2791, 'Françoise', 'Baribal', '1985-04-09', 'M', 106, 55, 0),
(2792, 'Maïwenn', 'Songist', '1971-10-14', 'M', 63, 64, 0),
(2793, 'Wá', 'Wollers', '2005-06-04', 'M', 99, 192, 0),
(2794, 'Kuí', 'Parkeson', '1966-02-25', 'M', 20, 23, 0),
(2795, 'Marylène', 'Holston', '1983-06-13', NULL, 96, 452, 0),
(2796, 'Andréa', 'Oneil', '1991-07-10', 'M', 139, 192, 0),
(2797, 'Gaétane', 'Coopper', '1972-04-04', 'M', 116, 185, 0),
(2798, 'Loïs', 'Persicke', '1968-12-31', 'F', 33, 559, 0),
(2799, 'Táng', 'Prop', '1970-06-10', 'M', 67, 38, 0),
(2800, 'Lài', 'Pynner', '1989-12-23', 'M', 21, 269, 0),
(2801, 'Agnès', 'Whitwam', '2001-03-08', 'M', 122, 770, 0),
(2802, 'Maïlis', 'Rottery', '1951-09-23', 'F', 9, 714, 0),
(2803, 'Cléopatre', 'Winstone', '1987-10-12', 'M', 99, 775, 0),
(2804, 'Yáo', 'Styan', '2004-08-07', 'F', 98, 84, 0),
(2805, 'Måns', 'Matthewson', '1952-07-17', 'M', 32, 541, 0),
(2806, 'Solène', 'Rew', '1988-01-17', 'M', 64, 93, 0),
(2807, 'Sélène', 'Hebbs', '2001-03-27', 'M', NULL, 728, 0),
(2808, 'Alizée', 'Rapkins', '1965-03-14', 'M', 42, 540, 0),
(2809, 'Marie-hélène', 'Weatherhogg', '1969-10-02', 'M', 27, 437, 0),
(2810, 'Märta', 'Leftwich', '1963-06-04', 'M', 90, 604, 0),
(2811, 'Méthode', 'Buxsey', '1965-11-24', 'F', 95, 337, 0),
(2812, 'Andréa', 'Rosekilly', '1999-02-03', 'M', 69, 316, 0),
(2813, 'Solène', 'Paffot', NULL, 'M', 18, 257, 0),
(2814, 'Maïté', 'Potteridge', '1970-08-24', 'F', 114, 414, 0),
(2815, 'Cécile', 'Alleyne', '1951-12-25', 'M', 151, 752, 0),
(2816, 'Vérane', 'Keveren', '1976-11-24', NULL, 81, 542, 0),
(2817, 'Mylène', 'Coomer', '1993-01-30', 'F', 38, 155, 0),
(2818, 'Mélia', 'Quarton', '1956-05-05', 'M', 95, 237, 0),
(2819, 'Kévina', 'Mcall', '1971-02-13', 'F', NULL, 114, 0),
(2820, 'Mahélie', 'Krishtopaittis', '1991-03-01', 'F', 51, 74, 0),
(2821, 'Mélina', 'MacPherson', '1991-08-03', 'F', 110, 22, 0),
(2822, 'Marie-françoise', 'Nulty', '1968-08-25', 'M', 26, 475, 0),
(2823, 'Stéphanie', 'Keig', '1995-05-23', 'M', 1, 200, 0),
(2824, 'Néhémie', 'O\'Spillane', NULL, NULL, 26, 598, 0),
(2825, 'Méng', 'Andryushin', '1999-01-07', 'M', 9, 543, 0),
(2826, 'Ráo', 'Awton', '2005-07-12', 'M', 128, 430, 0),
(2827, 'Kévina', 'Grinyakin', '1960-11-08', 'F', 94, 89, 0),
(2828, 'Maïwenn', 'Doggrell', '2000-11-25', 'M', 67, 589, 0),
(2829, 'Styrbjörn', 'Burman', '2001-12-27', 'F', 94, 400, 0),
(2830, 'Mårten', 'Triplet', '1953-11-01', 'M', 109, 508, 0),
(2831, 'Sòng', 'Forrest', '1965-11-03', NULL, 115, 446, 0),
(2832, 'Illustrée', 'Guwer', '1971-06-29', 'F', 143, 263, 0),
(2833, 'Maïlys', 'Macguire', NULL, 'M', 13, 132, 0),
(2834, 'Almérinda', 'Shotboulte', NULL, 'M', 48, 669, 0),
(2835, 'Léane', 'Bryer', '1974-04-25', 'F', 21, 659, 0),
(2836, 'Zhì', 'Bulbrook', '2002-05-08', 'F', 64, 601, 0),
(2837, 'Naéva', 'Dummett', '1987-11-05', 'M', 122, 334, 0),
(2838, 'Cinéma', 'Nardoni', '1955-11-29', 'M', 64, 367, 0),
(2839, 'Dafnée', 'Doe', '1953-02-05', 'F', 118, 573, 0),
(2840, 'Börje', 'Jefferys', '1954-04-04', 'F', 110, 165, 0),
(2841, 'Magdalène', 'Rattery', '1974-05-12', 'F', 66, 249, 0),
(2842, 'Maéna', 'Proppers', NULL, 'M', 126, 646, 0),
(2843, 'Angèle', 'Noore', '1991-01-13', 'M', 1, 666, 0),
(2844, 'Régine', 'Barrasse', '1991-02-10', 'F', 24, 186, 0),
(2845, 'Audréanne', 'Ciobotaro', '1998-09-25', 'F', 108, 562, 0),
(2846, 'Maëly', 'Clyma', '1990-08-10', 'M', 121, 659, 0),
(2847, 'Agnès', 'McGahey', '1977-01-05', 'F', 122, 196, 0),
(2848, 'Yú', 'Bramham', '1987-08-22', 'F', 39, 640, 0),
(2849, 'Maïté', 'Slinger', '1959-02-16', 'M', 94, 393, 0),
(2850, 'Mårten', 'Monsey', '1992-12-29', 'M', 56, 504, 0),
(2851, 'Desirée', 'Guppey', '1969-03-18', 'M', 29, 159, 0),
(2852, 'Lèi', 'Anglish', '1984-05-29', 'M', 33, 293, 0),
(2853, 'Kù', 'Diver', '1955-01-03', 'F', NULL, 143, 0),
(2854, 'Göran', 'Gunney', NULL, 'F', 49, 38, 0),
(2855, 'Angélique', 'Hasell', '1999-09-28', 'M', 45, 41, 0),
(2856, 'Mélia', 'Deerr', '1975-07-05', 'F', 22, 88, 0),
(2857, 'Torbjörn', 'Aggio', '1967-02-26', 'M', 153, 626, 0),
(2858, 'Styrbjörn', 'Baistow', '1961-08-29', 'M', 21, 199, 0),
(2859, 'Maëlla', 'Tideswell', '1998-12-23', 'M', 125, 441, 0),
(2860, 'Gwenaëlle', 'Schachter', '1990-09-03', 'F', 132, 329, 0),
(2861, 'Andrée', 'Phlipon', '1954-03-08', 'M', 2, 574, 0),
(2862, 'Laurélie', 'Wolton', '1963-10-14', 'F', 98, 655, 0),
(2863, 'Pénélope', 'Stokell', '1993-10-19', NULL, 135, 761, 0),
(2864, 'Mélys', 'Sex', '1984-04-20', 'F', 44, 714, 0),
(2865, 'Lèi', 'Kilborn', '2001-04-07', 'F', 74, 704, 0),
(2866, 'Styrbjörn', 'Diplock', '1954-11-18', 'M', 76, 140, 0),
(2867, 'Zhì', 'Durdy', '1962-02-27', 'M', 99, 363, 0),
(2868, 'Cléa', 'Wadelin', '1952-09-30', 'F', 83, 86, 0),
(2869, 'Loïs', 'Craigheid', '1977-01-07', 'F', 144, 445, 0),
(2870, 'Maïlis', 'Collocott', '1959-04-14', 'M', 31, 245, 0),
(2871, 'Gaétane', 'Kettlestringe', '1988-07-06', 'F', 145, 756, 0),
(2872, 'Gaétane', 'Mully', NULL, 'F', 114, 313, 0),
(2873, 'Annotée', 'Hassan', '1963-06-28', 'M', 113, 439, 0),
(2874, 'Marie-hélène', 'Siege', '1998-12-12', 'M', 13, 664, 0),
(2875, 'Lèi', 'Yve', '1992-05-07', 'M', 24, 17, 0),
(2876, 'Anaël', 'Masarrat', NULL, 'F', 34, 238, 0),
(2877, 'Amélie', 'Lello', '2005-12-17', 'F', 122, 506, 0),
(2878, 'Börje', 'Allonby', '1958-12-20', 'F', 5, 8, 0),
(2879, 'Åslög', 'Bril', '1997-01-14', 'F', 93, 26, 0),
(2880, 'Miléna', 'Sigward', '1996-07-20', 'F', 55, 598, 0),
(2881, 'Nadège', 'Ostridge', '1976-01-05', 'F', 142, 254, 0),
(2882, 'Camélia', 'Bowller', '1998-02-22', 'M', 79, 519, 0),
(2883, 'Léana', 'Gallienne', '1953-08-21', 'M', 105, 75, 0),
(2884, 'Kévina', 'Thieme', '1959-09-04', 'M', 22, 740, 0),
(2885, 'Kévina', 'Confort', NULL, 'M', 54, NULL, 0),
(2886, 'Zhì', 'Pitkins', '1957-06-08', 'F', 17, 317, 0),
(2887, 'Mélanie', 'Cancott', '1999-06-18', 'F', 59, 380, 0),
(2888, 'Maëline', 'Druhan', '1970-06-22', 'M', 69, 173, 0),
(2889, 'Cunégonde', 'Feldhuhn', '1989-08-10', 'F', 5, 698, 0),
(2890, 'Nuó', 'McCreagh', '1984-11-14', 'M', 67, 369, 0),
(2891, 'Gaëlle', 'Boud', NULL, 'M', 137, 684, 0),
(2892, 'Rébecca', 'Bundy', '2000-10-02', 'M', 34, 211, 0),
(2893, 'Agnès', 'Woolfitt', '2003-04-16', 'M', 50, 298, 0),
(2894, 'Andréa', 'Woofenden', '1956-06-12', 'M', 84, 435, 0),
(2895, 'Laurène', 'Couves', '1969-10-14', 'F', 51, 217, 0),
(2896, 'Loïs', 'Okroy', '1972-07-13', 'F', 88, 530, 0),
(2897, 'Estève', 'Mallard', '1989-12-23', 'M', 102, 51, 0),
(2898, 'Sélène', 'Lazer', '1995-07-22', 'M', 12, 595, 0),
(2899, 'Björn', 'Jiracek', NULL, 'M', 79, 616, 0),
(2900, 'Réservés', 'Maystone', '2005-04-17', 'M', 67, 351, 0),
(2901, 'Mélinda', 'Adamson', '1953-11-06', 'F', 15, 496, 0),
(2902, 'Dù', 'Ackery', NULL, 'F', NULL, 404, 0),
(2903, 'Lauréna', 'Laville', '1968-03-21', 'M', 18, 284, 0),
(2904, 'Örjan', 'Stemp', '2001-07-05', 'M', 21, 275, 0),
(2905, 'Régine', 'Sherwood', '1990-05-06', NULL, 123, 151, 0),
(2906, 'Stévina', 'Jonah', '1978-07-08', 'F', 137, 503, 0),
(2907, 'Erwéi', 'Klainer', '1982-05-27', 'M', 107, 370, 0),
(2908, 'Aí', 'Maberley', '2003-06-29', 'F', 30, 306, 0),
(2909, 'Maëlla', 'Peartree', '1973-08-09', 'M', 86, 568, 0),
(2910, 'Lucrèce', 'Entres', '2006-03-13', 'M', 129, NULL, 0),
(2911, 'Marie-thérèse', 'Manneville', '1998-11-01', 'M', 2, NULL, 0),
(2912, 'Thérèse', 'Daintrey', '1991-12-05', 'M', 21, 347, 0),
(2913, 'Maïwenn', 'Cescot', '1984-09-11', 'F', 15, 493, 0),
(2914, 'Bénédicte', 'Oddey', '1991-06-03', 'F', 53, 347, 0),
(2915, 'Marie-josée', 'Montgomery', '1983-03-22', 'F', 108, 598, 0),
(2916, 'Amélie', 'Awty', '1972-01-31', 'M', 53, 597, 0),
(2917, 'Cinéma', 'Kier', '1990-11-03', 'F', 45, 145, 0),
(2918, 'Mélanie', 'Neenan', '1960-01-02', 'F', 80, 548, 0),
(2919, 'Tán', 'O\'Connel', '1965-10-21', 'M', 23, 329, 0),
(2920, 'Maëlyss', 'Ivashin', '1950-09-16', 'F', 128, 604, 0),
(2921, 'Marlène', 'Godly', '1978-08-02', 'M', 123, 623, 0),
(2922, 'Loïca', 'Enriquez', '1965-08-13', 'M', 142, 12, 0),
(2923, 'Camélia', 'Wedgbrow', '1955-11-30', 'M', 47, 412, 0),
(2924, 'Danièle', 'Skirling', '1951-07-14', 'F', 95, 602, 0),
(2925, 'Almérinda', 'Barlas', '1996-10-21', 'F', 120, 628, 0),
(2926, 'Lài', 'Doppler', '1973-11-19', 'M', 109, 58, 0),
(2927, 'Yáo', 'Tufts', '1978-09-26', 'M', 69, 460, 0),
(2928, 'Jú', 'Youngman', '2002-04-29', 'F', 88, 161, 0),
(2929, 'Torbjörn', 'Pinnegar', '1970-04-16', 'M', 96, 266, 0),
(2930, 'Nadège', 'Turbat', '1991-10-07', 'F', 147, 258, 0),
(2931, 'Frédérique', 'Leonards', '1991-02-08', 'M', 70, 238, 0),
(2932, 'Lorène', 'Roxburch', '1972-10-19', 'M', 148, 739, 0),
(2933, 'Edmée', 'Dobson', '2004-08-10', 'M', 144, 751, 0),
(2934, 'Yú', 'Madsen', '1962-04-22', 'F', 41, 633, 0),
(2935, 'Marie-hélène', 'Gautrey', '1957-01-29', 'M', NULL, 612, 0),
(2936, 'Sòng', 'Tweddell', '2000-10-08', 'F', 25, 31, 0),
(2937, 'Loïs', 'Coppo', '1984-02-27', 'M', 112, 751, 0),
(2938, 'Ruì', 'Waye', '1951-05-04', 'F', 106, 268, 0),
(2939, 'Maëlle', 'Moscon', '1993-06-26', 'M', 135, 342, 0),
(2940, 'Clémence', 'Tooth', '1956-12-15', 'M', 57, 153, 0),
(2941, 'Cunégonde', 'Melin', '1987-10-23', 'F', 45, NULL, 1),
(2942, 'Intéressant', 'Marcone', '1972-03-23', 'F', NULL, 58, 0),
(2943, 'Léone', 'Garlette', '1980-12-22', 'M', 42, 179, 0),
(2944, 'Camélia', 'Goundsy', '1966-03-04', 'F', 117, 124, 0),
(2945, 'Marie-noël', 'Rumford', '1992-02-18', 'M', 136, 39, 0),
(2946, 'Crééz', 'Balleine', '1961-01-09', 'M', 119, 230, 0),
(2947, 'Ophélie', 'O\'Corrin', '1975-08-22', 'F', 124, 527, 0),
(2948, 'Naéva', 'Dowker', '1991-01-25', 'F', 33, 195, 0),
(2949, 'Gérald', 'Neilan', '1973-07-05', 'M', 131, 95, 0),
(2950, 'Béatrice', 'Tuttle', '1957-02-07', 'M', 109, NULL, 1),
(2951, 'Almérinda', 'Eaglen', '1968-10-13', 'F', 59, 704, 0),
(2952, 'Stéphanie', 'Old', NULL, 'F', 127, 695, 0),
(2953, 'Rachèle', 'Tranfield', '1991-09-08', 'M', 120, 353, 0),
(2954, 'Maïlis', 'Minto', '1968-12-07', 'M', 81, 104, 0),
(2955, 'Kuí', 'Gudyer', '1993-05-14', 'F', 28, 303, 0),
(2956, 'Styrbjörn', 'Burnham', '2005-09-14', 'F', 6, 729, 0),
(2957, 'Sélène', 'McRoberts', NULL, 'F', 62, 503, 0),
(2958, 'Joséphine', 'Kealey', '1983-03-04', 'M', 1, 756, 0),
(2959, 'Nuó', 'Jurkiewicz', '1982-02-07', 'F', 115, 767, 0),
(2960, 'Bérengère', 'Jessopp', '1997-05-25', 'M', 6, 632, 0),
(2961, 'Táng', 'Beckinsale', '1952-10-11', 'F', 64, 219, 0),
(2962, 'Marie-noël', 'Philot', '1973-10-04', 'F', 30, 85, 0),
(2963, 'Agnès', 'Buss', '1985-12-21', 'M', 123, 609, 0),
(2964, 'Mén', 'Goodrich', '1994-04-28', 'F', 47, 642, 0),
(2965, 'Vérane', 'Butterfint', '1957-11-22', 'M', 41, 516, 0),
(2966, 'Lóng', 'Dowley', '1976-05-15', 'M', 9, 388, 0),
(2967, 'Thérèse', 'Buxsy', '1982-06-03', 'F', 68, 69, 0),
(2968, 'Clémence', 'Shovelbottom', '1965-11-07', 'M', 3, 630, 0),
(2969, 'Cécilia', 'Greathead', '1985-05-28', 'F', 105, 44, 0),
(2970, 'Léandre', 'Gauld', '1994-10-06', 'F', 136, 649, 0),
(2971, 'Aloïs', 'Tocque', '1959-01-23', 'F', 129, 785, 0),
(2972, 'Naéva', 'Bonafacino', '2002-09-21', 'M', 59, 315, 0),
(2973, 'Miléna', 'Cantor', '1980-03-13', 'M', 108, 537, 0),
(2974, 'Salomé', 'Tilney', '1998-03-27', 'F', 73, 396, 0),
(2975, 'Chloé', 'Dei', '1965-09-06', 'M', 146, 50, 0),
(2976, 'Joséphine', 'Ebbetts', '1966-06-01', 'F', 33, 592, 0),
(2977, 'Vénus', 'Smallridge', '1958-10-12', 'M', 24, 705, 0),
(2978, 'Naëlle', 'Gozzett', '2005-04-25', 'F', 3, 519, 0),
(2979, 'Frédérique', 'Lowther', '1984-02-25', 'M', 128, 745, 0),
(2980, 'Eloïse', 'Lamshead', '2002-07-08', 'M', 52, 551, 0),
(2981, 'Dù', 'Mardall', '2005-02-13', 'F', 95, 637, 0),
(2982, 'Jú', 'Corness', '1959-05-03', 'F', 57, 606, 0),
(2983, 'Angélique', 'Brymham', '1956-11-26', 'M', 31, 672, 0),
(2984, 'Yóu', 'Castella', '1992-10-28', 'F', NULL, 452, 0),
(2985, 'Léane', 'Gallichiccio', NULL, 'M', 12, 558, 0),
(2986, 'Pål', 'Sanchez', '1990-07-21', 'M', 112, 356, 0),
(2987, 'Géraldine', 'McLae', '1992-03-29', 'M', 8, 100, 0),
(2988, 'Eliès', 'Swiers', '1984-02-16', 'M', 6, 737, 0),
(2989, 'Maëlann', 'Vandrill', NULL, 'M', 1, 43, 0),
(2990, 'Béatrice', 'Packwood', '1954-12-30', 'M', 74, 472, 0),
(2991, 'Göran', 'Alsopp', '1958-11-10', 'M', 124, 588, 0),
(2992, 'Mahélie', 'Reinhart', '2006-04-03', NULL, NULL, 578, 0),
(2993, 'Hélène', 'Hoy', NULL, 'F', 22, 112, 0),
(2994, 'Nélie', 'Francklyn', '1952-04-08', 'F', 43, 685, 0),
(2995, 'Maëly', 'Bullivent', '1987-11-16', 'F', 43, 164, 0),
(2996, 'Åslög', 'Kenward', '1962-10-24', 'F', 42, 13, 0),
(2997, 'Yóu', 'Lavallie', '1962-05-18', 'F', 147, 634, 0),
(2998, 'Pélagie', 'Tong', '2002-05-11', 'F', 55, 548, 0),
(2999, 'Maïwenn', 'McGonnell', '1956-03-29', 'M', 141, 764, 0),
(3000, 'Styrbjörn', 'Busch', '1990-01-08', 'F', 64, 433, 0),
(3001, 'Mahélie', 'Veracruysse', '1985-09-06', 'F', 126, 546, 0),
(3002, 'Anaé', 'Noades', '1954-02-18', 'F', 83, 332, 0),
(3003, 'Marylène', 'Killelea', '1991-02-14', 'F', 94, 505, 0),
(3004, 'Gisèle', 'Getty', '2000-07-30', 'M', 79, 744, 0),
(3005, 'Léana', 'Wooles', '1980-07-17', 'F', 114, 310, 0),
(3006, 'Mégane', 'Swynley', '1966-12-30', 'F', 54, 614, 0),
(3007, 'Bérengère', 'Farthing', '1960-10-30', 'F', 101, NULL, 0),
(3008, 'Bénédicte', 'Normaville', '1972-03-07', 'M', 24, 576, 0),
(3009, 'Loïc', 'Shwenn', '1985-02-06', 'F', 39, 754, 0),
(3010, 'Intéressant', 'Brogden', '1956-07-01', 'M', 81, 499, 0),
(3011, 'Kuí', 'Jesteco', '1964-05-12', 'M', 68, 332, 0),
(3012, 'Cinéma', 'Fanning', '2005-04-04', 'M', 21, 451, 0),
(3013, 'Lauréna', 'Frearson', '1962-10-27', 'F', 11, 729, 0),
(3014, 'Frédérique', 'Tiuit', '1957-08-04', 'F', 48, 597, 0),
(3015, 'Estève', 'Conwell', '1960-04-30', 'F', 138, 89, 0),
(3016, 'Dù', 'Von Gladbach', '1957-06-05', NULL, 62, 60, 0),
(3017, 'Irène', 'Golt', '1993-06-08', 'F', 142, 663, 0),
(3018, 'Loïca', 'Silcock', '1953-11-28', 'M', 78, 452, 0),
(3019, 'Aurélie', 'Deaville', '1995-04-11', 'F', 3, 118, 0),
(3020, 'Léana', 'Kadwallider', '2000-10-04', 'F', 80, 520, 0),
(3021, 'Marylène', 'Balducci', '1987-05-27', 'F', 20, 635, 0),
(3022, 'Nuó', 'Riley', '1973-06-11', 'M', 91, 388, 0),
(3023, 'Dafnée', 'Imos', NULL, 'F', 3, 33, 0),
(3024, 'Tán', 'Kuhwald', '1957-06-16', 'F', 149, 434, 0),
(3025, 'Maëlle', 'Sympson', '1966-09-10', 'F', 109, 703, 0),
(3026, 'Mahélie', 'Koch', '1953-11-12', 'M', 48, 724, 0),
(3027, 'Mélanie', 'Balk', '1978-10-12', 'F', 59, 95, 0),
(3028, 'Maëlle', 'Toogood', '1995-11-06', 'F', 35, NULL, 0),
(3029, 'Intéressant', 'Viollet', '1996-10-20', 'F', NULL, 46, 0),
(3030, 'Mélia', 'MacCart', '1961-06-18', 'M', 27, 237, 0),
(3031, 'Gaétane', 'Vanichev', '1996-05-21', 'M', 46, 184, 0),
(3032, 'Mélinda', 'McIlriach', '1979-03-05', 'M', 66, 130, 0),
(3033, 'Esbjörn', 'MacMechan', NULL, 'F', 52, 674, 0),
(3034, 'Maéna', 'Aukland', '1966-12-06', 'F', 109, 728, 0),
(3035, 'Fèi', 'Dassindale', '1974-11-20', 'F', 40, 312, 0),
(3036, 'Valérie', 'Chiene', '1997-07-21', 'F', 140, 627, 0),
(3037, 'Maï', 'Bodimeade', '1987-08-02', 'F', 25, 422, 0),
(3038, 'Estée', 'Pudding', '1969-05-05', 'F', 60, 107, 0),
(3039, 'Inès', 'Danforth', '2002-07-11', 'M', 86, 17, 0),
(3040, 'Maëlann', 'MacKean', '1983-06-18', 'M', 92, 706, 0),
(3041, 'Yénora', 'Kullmann', '1963-07-29', 'F', NULL, 483, 0),
(3042, 'Méline', 'La Padula', '1967-10-05', 'F', 153, 64, 0),
(3043, 'Rachèle', 'Busch', '1995-05-19', 'M', 60, 172, 0),
(3044, 'Andréanne', 'Garnsworthy', '1987-01-04', 'F', 107, 222, 0),
(3045, 'Amélie', 'Delepine', '1976-07-15', 'M', 56, 233, 0),
(3046, 'Océane', 'Milberry', '1969-04-16', 'M', 102, 548, 0),
(3047, 'Véronique', 'Francino', '1969-08-24', 'F', 128, 749, 0),
(3048, 'Dù', 'Bellwood', '1984-05-20', NULL, 121, 392, 0),
(3049, 'Uò', 'Entwistle', '1977-05-19', 'F', 135, 494, 0),
(3050, 'Bénédicte', 'Clac', '1985-09-07', 'M', 2, 653, 0),
(3051, 'Pål', 'Pallas', '1952-05-20', 'M', 114, 185, 0),
(3052, 'Cunégonde', 'Ivatts', '1973-06-14', 'F', 92, 329, 0),
(3053, 'Célia', 'Sewley', '1980-09-24', 'M', 104, 668, 0),
(3054, 'Åslög', 'Paal', '1950-02-20', 'M', 67, 713, 0),
(3055, 'Lèi', 'Josefson', '1958-12-28', 'M', 119, 780, 0),
(3056, 'Aí', 'Drejer', '1992-12-13', 'M', 45, 135, 0),
(3057, 'Mårten', 'Gatchell', '2003-08-29', 'F', 30, 387, 0),
(3058, 'Miléna', 'Blakes', '1992-08-28', 'M', 85, 655, 0),
(3059, 'Aimée', 'Arnaldy', '1998-11-23', 'M', 92, 266, 0),
(3060, 'Mégane', 'Musgrave', '1966-06-06', 'F', 99, 254, 0),
(3061, 'Cléopatre', 'Moriarty', '1975-07-16', 'M', 55, 576, 0),
(3062, 'Torbjörn', 'Sandford', '1983-06-02', 'F', 114, 434, 0),
(3063, 'Marie-josée', 'Bowland', '1999-07-19', 'M', 61, 215, 0),
(3064, 'Almérinda', 'Franies', '1979-04-19', 'F', 139, 745, 0),
(3065, 'Maëlla', 'Sawbridge', '1979-02-27', 'M', 125, 444, 0),
(3066, 'Félicie', 'MacFadden', '1961-07-24', 'M', 65, 8, 0),
(3067, 'Méline', 'Jenik', '1994-05-11', 'M', 34, 315, 0),
(3068, 'Gwenaëlle', 'Bodiam', '1951-11-12', 'M', 74, 229, 0),
(3069, 'Naëlle', 'Ceaser', '1956-12-10', 'M', 26, 233, 0),
(3070, 'Stéphanie', 'Elliss', NULL, 'F', 17, 469, 0),
(3071, 'Lén', 'Greenshields', '2004-02-17', 'F', 123, 565, 0),
(3072, 'Ruò', 'Easterfield', '1960-06-17', 'F', 81, 224, 0),
(3073, 'Inès', 'Giacovelli', '1983-06-28', 'M', 132, 263, 0),
(3074, 'Anaël', 'Grinstead', '1976-03-04', 'M', 127, 752, 0),
(3075, 'Maëlann', 'Muscott', '1990-12-13', 'F', 130, 261, 0),
(3076, 'Noémie', 'Bengtson', '2001-02-04', 'F', 13, 85, 0),
(3077, 'Gösta', 'Iddon', '1973-04-17', 'F', 29, 305, 0),
(3078, 'Publicité', 'Maro', '1962-07-14', 'F', 127, 398, 0),
(3079, 'Chloé', 'Halliday', '1962-05-26', 'M', 62, 610, 0),
(3080, 'Lài', 'Versey', '1984-10-28', 'M', 35, 80, 0),
(3081, 'Sòng', 'Cutbirth', '1999-01-24', 'M', 12, 415, 0),
(3082, 'Pénélope', 'Loughlan', '1959-11-09', 'F', 75, 368, 0),
(3083, 'Mylène', 'Eynald', '1990-08-12', 'M', 98, 143, 0),
(3084, 'Faîtes', 'Rampage', '1958-02-18', 'M', 135, 257, 0),
(3085, 'Tán', 'Rumens', '1990-08-06', 'M', 110, 643, 0),
(3086, 'Clémentine', 'Hethron', '1973-03-01', 'M', 60, 627, 0),
(3087, 'Daphnée', 'Girauld', NULL, 'F', 92, 736, 0),
(3088, 'Inès', 'Pordal', '1982-10-08', 'F', 91, 522, 0),
(3089, 'Adélie', 'Demonge', NULL, 'F', 71, NULL, 1),
(3090, 'Märta', 'Mincher', '1952-07-05', 'F', 94, 308, 0),
(3091, 'Mélinda', 'Thurlow', '1977-11-29', 'M', 75, 491, 0),
(3092, 'Cléa', 'Dominguez', NULL, 'M', 143, 499, 0),
(3093, 'Thérèsa', 'Pitceathly', '1994-07-17', 'M', 67, 726, 0),
(3094, 'Kallisté', 'Cuttler', '1985-05-09', 'M', 109, 517, 0),
(3095, 'Clémentine', 'Blunderfield', '1965-07-09', 'F', 57, 588, 0),
(3096, 'Loïs', 'Sissland', '1984-02-29', 'M', 106, 213, 0),
(3097, 'Pénélope', 'Elan', '1968-04-05', 'M', 14, 303, 0),
(3098, 'Bérénice', 'Houtbie', '2005-08-23', 'M', 102, 254, 0),
(3099, 'Ruò', 'Osbiston', '1978-08-29', 'F', 81, 608, 0),
(3100, 'Personnalisée', 'Valadez', '2001-09-07', 'M', 47, 485, 0),
(3101, 'André', 'Tumioto', '1961-09-01', 'F', 81, 764, 0),
(3102, 'Maïlis', 'Breed', '1989-11-30', 'M', 151, 582, 0),
(3103, 'Mà', 'Renfield', '1975-11-05', 'F', 55, NULL, 0),
(3104, 'Laïla', 'Spellar', '1972-08-15', 'M', 61, 428, 0),
(3105, 'Léandre', 'Prium', '2002-11-24', 'M', 33, 119, 0),
(3106, 'Amélie', 'Lisett', '2005-05-10', 'M', 47, 219, 0),
(3107, 'Ráo', 'Micheau', '1957-01-23', 'F', 100, 773, 0),
(3108, 'Mélodie', 'Maleby', '1983-02-20', 'M', 93, 6, 0),
(3109, 'Andrée', 'Braddick', '1960-11-06', 'F', 66, 652, 0),
(3110, 'Yú', 'Railton', '2005-12-05', 'F', 89, 366, 0),
(3111, 'Réservés', 'Byrth', '2002-12-01', 'M', 116, 223, 0),
(3112, 'Cloé', 'Bratch', '1998-09-09', 'M', 147, 341, 0),
(3113, 'Ruì', 'Tomasicchio', '1972-05-21', 'M', 137, 434, 0),
(3114, 'Noémie', 'Mathey', '2003-04-11', 'M', 42, 544, 0),
(3115, 'Audréanne', 'O\'Shevlan', '1961-11-21', 'M', 31, 608, 0),
(3116, 'Maëly', 'Nazareth', '1989-04-27', 'F', 153, 687, 0),
(3117, 'Illustrée', 'Tovey', '1989-03-08', 'M', 17, 326, 0),
(3118, 'Clémentine', 'Thoumas', '1990-01-12', 'M', 95, 269, 0),
(3119, 'Estée', 'Daniau', '1986-09-05', 'M', 58, 695, 0),
(3120, 'Béatrice', 'Juppe', NULL, 'M', 101, 516, 0),
(3121, 'Stévina', 'Janssens', '1977-02-15', 'M', 26, NULL, 0),
(3122, 'Maëlys', 'Nevin', '1966-10-20', 'M', 70, 117, 0),
(3123, 'Annotée', 'Peacocke', '1967-09-10', 'M', 3, 150, 0),
(3124, 'Måns', 'Daile', '1996-12-15', 'F', 149, 641, 0),
(3125, 'Yénora', 'Bruty', '1973-09-28', 'F', 8, 613, 0),
(3126, 'Uò', 'Parsonson', '1969-09-02', 'M', 144, 364, 0),
(3127, 'Méryl', 'Burder', '1991-10-01', 'F', 84, 787, 0),
(3128, 'Almérinda', 'Allderidge', '2002-12-29', 'F', 150, 697, 0),
(3129, 'Mélanie', 'Tarren', '1955-12-12', 'F', 66, 203, 0),
(3130, 'Simplifiés', 'Newlin', NULL, 'M', 116, 447, 0),
(3131, 'Mylène', 'Richmond', '1954-07-31', 'M', 131, 13, 0),
(3132, 'Liè', 'Foresight', '2005-05-30', 'M', 135, 41, 0),
(3133, 'Liè', 'Pratte', '1963-01-22', 'M', 136, 295, 0),
(3134, 'Mén', 'Woodruffe', '1967-04-10', 'M', 152, 112, 0),
(3135, 'Rachèle', 'Martinho', '1982-07-25', 'M', 83, 752, 0),
(3136, 'Méghane', 'Barlass', '1956-09-17', 'F', 23, 162, 0),
(3137, 'Pélagie', 'Clemes', NULL, 'M', 14, 181, 0),
(3138, 'Daphnée', 'Dowgill', '1992-06-24', 'M', 114, 247, 0),
(3139, 'Lorène', 'Lince', '1959-02-08', 'F', 102, 619, 0),
(3140, 'Pélagie', 'Hearl', '1978-03-22', 'F', 57, 438, 0),
(3141, 'Publicité', 'Bartunek', '1963-04-02', 'M', 147, 522, 0),
(3142, 'Anaé', 'Pisculli', '2001-11-27', 'F', 125, 141, 0),
(3143, 'Adélie', 'Berzen', '1990-11-23', 'F', 37, 746, 0),
(3144, 'Pò', 'O\'Scanlan', '1983-01-04', 'F', 135, 766, 0),
(3145, 'Börje', 'Lowing', '1971-04-20', 'M', 55, 206, 0),
(3146, 'Frédérique', 'Cruttenden', '1962-07-07', 'F', 106, 250, 0),
(3147, 'Annotée', 'Yurocjhin', '1985-09-01', 'M', 85, 571, 0),
(3148, 'Méthode', 'Snooks', '1966-06-13', 'M', 89, 169, 0),
(3149, 'Åke', 'Matousek', '1988-03-17', 'M', 20, 540, 0),
(3150, 'Valérie', 'Carlson', NULL, 'F', 84, 249, 0),
(3151, 'Mélys', 'Simcox', '1970-05-21', 'M', 52, 174, 0),
(3152, 'Noémie', 'Hurtado', NULL, 'F', 56, 118, 0),
(3153, 'Marie-ève', 'Klulisek', '1975-09-21', 'F', 10, 739, 0),
(3154, 'Clélia', 'Danks', '1969-11-10', 'M', 31, 536, 0),
(3155, 'Anaëlle', 'Risborough', '1986-11-16', 'F', 11, 372, 0),
(3156, 'Nuó', 'Monnelly', '1963-09-08', 'F', 112, 383, 0),
(3157, 'Märta', 'Clinnick', '1981-09-30', 'F', 153, 534, 0),
(3158, 'Cécilia', 'Hughesdon', '1966-09-05', 'F', 146, 115, 0),
(3159, 'Kallisté', 'McCahey', '1954-06-18', 'M', 119, 190, 0),
(3160, 'Félicie', 'Reay', '1970-02-12', 'M', 110, 175, 0),
(3161, 'Cinéma', 'Carrick', NULL, 'F', 10, 258, 0),
(3162, 'Mélinda', 'Viveash', '1977-04-24', 'F', 37, 714, 0),
(3163, 'Anaïs', 'Grinyer', '1988-07-28', 'M', 121, 689, 0),
(3164, 'Táng', 'Berzon', '1982-10-19', 'M', 39, 327, 0),
(3165, 'Méghane', 'Dart', '1991-07-21', 'M', 75, 270, 0),
(3166, 'Réservés', 'Bukac', '1953-03-11', 'F', 97, 422, 0),
(3167, 'Liè', 'Duckels', '1999-10-31', 'M', 86, 37, 0),
(3168, 'Garçon', 'Coales', '2003-06-30', 'M', 110, 432, 0),
(3169, 'Séréna', 'Board', NULL, 'F', 79, 29, 0),
(3170, 'Stévina', 'O\'Hartnett', '1994-09-25', 'M', 151, 209, 0),
(3171, 'Loïc', 'Cuttler', '1994-07-14', NULL, 149, 475, 0),
(3172, 'Marlène', 'Essam', '1968-05-01', 'F', 22, 354, 0),
(3173, 'Laïla', 'Minors', '1975-08-02', 'M', 37, 541, 0),
(3174, 'Angèle', 'Wollen', '2005-11-14', 'F', 66, 662, 0),
(3175, 'Hélèna', 'Abotson', '1972-05-13', 'F', 104, 223, 0),
(3176, 'Örjan', 'Fradgley', '1967-05-24', 'M', 102, NULL, 1),
(3177, 'Léone', 'Pettisall', '1950-03-06', 'F', 9, 469, 0),
(3178, 'Annotée', 'Alsina', '1990-04-25', 'M', 116, 580, 0),
(3179, 'Anaïs', 'Tezure', '1991-11-15', 'F', 44, 323, 0),
(3180, 'Mégane', 'O\'Looney', '1974-07-08', 'F', 26, 24, 0),
(3181, 'Intéressant', 'Gotthard.sf', NULL, 'F', 29, 296, 0),
(3182, 'Göran', 'Liddard', '1961-10-04', 'M', 96, 750, 0),
(3183, 'Fèi', 'Culshew', '1981-06-05', 'M', 127, 52, 0),
(3184, 'Loïs', 'Escofier', NULL, 'F', 6, 498, 0),
(3185, 'Réservés', 'Sills', '1981-07-28', 'M', 76, 295, 0),
(3186, 'Annotée', 'Sute', '1981-10-02', 'M', 27, 684, 0),
(3187, 'Léandre', 'Reder', NULL, 'F', 30, 32, 0),
(3188, 'Noémie', 'Vila', '1960-05-03', 'M', 61, 198, 0),
(3189, 'Lén', 'Ahlin', '1979-02-09', 'F', 147, 78, 0),
(3190, 'Angélique', 'Boldra', '2001-06-06', 'F', 71, 144, 0),
(3191, 'Amélie', 'Gilford', NULL, 'M', 125, 510, 0),
(3192, 'Yénora', 'Bousquet', '2001-08-18', 'M', 49, 771, 0),
(3193, 'Yóu', 'Dracksford', '1978-01-04', 'F', 93, 743, 0),
(3194, 'Salomé', 'Sarath', '1996-04-20', 'F', 56, 77, 0),
(3195, 'Naëlle', 'Banishevitz', '1982-09-20', 'F', 52, 193, 0),
(3196, 'Ráo', 'Lyne', '1952-12-28', 'F', 63, 574, 0),
(3197, 'Aí', 'Dalley', '1961-04-03', 'F', 39, 425, 0),
(3198, 'Lèi', 'Senior', '1965-07-15', 'M', 11, 628, 0),
(3199, 'Léana', 'Coltart', '1992-07-07', 'M', 152, 47, 0),
(3200, 'Valérie', 'Leynagh', '1957-10-17', 'F', 133, 451, 0),
(3201, 'Vérane', 'Beadman', '1959-04-10', 'M', 111, 50, 0),
(3202, 'Angèle', 'Girard', '1983-09-03', 'F', 41, 176, 0),
(3203, 'Irène', 'Gladyer', '2006-03-07', 'F', 42, 380, 0),
(3204, 'Aí', 'Lethbury', '1957-10-02', 'F', 58, 439, 0),
(3205, 'Åslög', 'Purry', NULL, 'F', 139, 325, 0),
(3206, 'Garçon', 'MacCrackan', '1964-04-10', 'M', 123, 560, 0),
(3207, 'Pål', 'Keeves', '1989-09-18', 'F', 136, 71, 0),
(3208, 'Jú', 'Stobbes', '1960-10-11', 'M', 46, 622, 0),
(3209, 'Athéna', 'Dolligon', '1959-05-10', 'F', NULL, 703, 0),
(3210, 'Bérengère', 'Chong', '1956-09-25', 'F', 34, 287, 0),
(3211, 'Almérinda', 'Aymeric', NULL, 'F', 100, 38, 0),
(3212, 'Angélique', 'Ford', '1999-05-14', 'M', 132, 248, 0),
(3213, 'Solène', 'Crippell', '2002-11-01', 'M', 28, 193, 0),
(3214, 'Alizée', 'Khidr', '1976-11-25', 'F', 114, 231, 0),
(3215, 'Yáo', 'Tilt', '1998-03-02', 'F', 42, 131, 0),
(3216, 'Örjan', 'Minet', '1991-05-23', 'M', 17, 485, 0),
(3217, 'Néhémie', 'Anthony', '1994-08-08', 'F', 34, 386, 0),
(3218, 'Mylène', 'Mooney', '1962-03-29', 'F', 22, 657, 0),
(3219, 'Maïlys', 'Shirlaw', '2000-06-30', 'F', 142, 649, 0),
(3220, 'Méng', 'Hannaway', NULL, 'F', 65, 230, 0),
(3221, 'Östen', 'Presland', '1978-03-12', 'F', 146, 239, 0),
(3222, 'Gwenaëlle', 'Conyer', NULL, 'F', 137, 147, 0),
(3223, 'Loïc', 'Hustings', '1997-04-16', 'F', 79, 108, 0),
(3224, 'Björn', 'Crabb', '1975-04-09', 'M', 27, 62, 0),
(3225, 'Réservés', 'Heartfield', '1955-02-07', NULL, 98, 474, 0),
(3226, 'Pélagie', 'Precious', '1962-11-19', 'M', 152, 7, 0),
(3227, 'Ráo', 'Toten', '2002-10-23', 'F', 67, 582, 0),
(3228, 'Aimée', 'Bodycomb', '1984-05-03', 'M', 83, 99, 0),
(3229, 'Gwenaëlle', 'Elix', NULL, 'M', 55, 608, 0),
(3230, 'Märta', 'Caulier', '2004-06-11', 'F', 53, 761, 0),
(3231, 'Athéna', 'Ambrosio', '1974-04-12', 'F', 26, 365, 0),
(3232, 'Wá', 'Ridgers', '1960-01-03', 'M', 114, NULL, 0),
(3233, 'Yóu', 'Spoward', '1968-12-08', 'F', 48, 767, 0),
(3234, 'Eléa', 'Youle', '1962-12-10', 'F', 40, 342, 0),
(3235, 'Léone', 'Lefeuvre', '2000-03-25', 'M', 56, 388, 0),
(3236, 'Valérie', 'Tookill', '1961-03-22', 'M', 76, 62, 0),
(3237, 'Angélique', 'Pudsey', '2004-07-17', 'M', 85, 694, 0),
(3238, 'Uò', 'Gallichan', '1998-03-21', 'M', 6, NULL, 0),
(3239, 'Mélinda', 'Denison', '1952-12-14', 'M', 67, 14, 0),
(3240, 'Kuí', 'Coulman', '1987-05-23', 'F', NULL, 585, 0),
(3241, 'Gaétane', 'Mitten', '1984-04-09', 'F', 70, 24, 0),
(3242, 'Åke', 'Ubsdell', '2002-04-06', 'M', 82, 640, 0),
(3243, 'Gaïa', 'Profit', NULL, 'F', 31, 364, 0),
(3244, 'Dà', 'Zanotti', '1960-02-02', 'F', 100, 479, 0),
(3245, 'Néhémie', 'Commander', '2005-05-21', 'M', 19, 357, 0),
(3246, 'Gaïa', 'Legerwood', '1989-10-09', 'F', 66, 623, 0),
(3247, 'Táng', 'Blackman', '2005-03-09', 'F', NULL, 747, 0),
(3248, 'Personnalisée', 'Tabert', '1982-01-25', 'M', 81, 774, 0),
(3249, 'Maïlis', 'Beevors', '2006-03-02', 'M', 59, 592, 0),
(3250, 'Anaïs', 'Farry', '1983-10-05', 'M', 14, 180, 0),
(3251, 'Aloïs', 'Castagneto', NULL, 'F', 125, 60, 0),
(3252, 'Jú', 'Hemphall', '1997-01-16', 'F', 11, 25, 0),
(3253, 'Léandre', 'Humbles', '1974-10-07', 'F', 104, 269, 0),
(3254, 'Mélinda', 'Carding', '1990-07-23', 'M', 120, 380, 0),
(3255, 'Dorothée', 'Gruby', '1998-12-25', 'M', 81, 501, 0),
(3256, 'Dafnée', 'Braybrookes', '1974-08-24', 'M', 103, 749, 0),
(3257, 'Maëlle', 'Buckoke', '1951-01-06', 'M', 112, 21, 0),
(3258, 'Pénélope', 'Witherow', '1993-12-31', 'F', 107, 108, 0),
(3259, 'Thérèse', 'Wilkennson', '2005-11-30', NULL, 3, 546, 0),
(3260, 'Kévina', 'Balharrie', NULL, 'M', 151, 284, 0),
(3261, 'Miléna', 'Hanaby', '1999-11-30', 'M', 90, 562, 0),
(3262, 'Eliès', 'Prebble', '1959-01-28', 'F', 94, 614, 0),
(3263, 'Andrée', 'Fromant', '1954-05-14', 'M', 82, 670, 0),
(3264, 'Kévina', 'Saipy', '1951-06-28', 'M', 86, 310, 0),
(3265, 'Thérèse', 'Valentim', '1953-03-23', 'M', 141, 358, 0),
(3266, 'Marie-thérèse', 'Birckmann', '1964-10-16', 'M', 131, 539, 0),
(3267, 'Mélinda', 'Bolding', '1973-04-04', NULL, 67, 759, 0),
(3268, 'Jú', 'Nettles', NULL, 'M', 48, 780, 0),
(3269, 'Åslög', 'Aguilar', '1985-01-26', 'M', 92, 687, 0),
(3270, 'Maï', 'Greason', '1951-12-29', 'F', 82, 166, 0),
(3271, 'Lauréna', 'Cosham', '1963-12-25', 'M', 140, 103, 0),
(3272, 'Pò', 'Brisbane', '1980-06-17', 'F', 22, 744, 0),
(3273, 'Dà', 'Penton', '1991-11-14', 'M', 31, 412, 0),
(3274, 'Aimée', 'Gregor', '1979-11-23', 'M', 2, 590, 0),
(3275, 'Maëline', 'Rodliff', '1980-10-17', 'M', 20, 197, 0),
(3276, 'Maëlann', 'Tofano', '1955-05-24', 'F', 23, 664, 0),
(3277, 'Cécilia', 'Jochanany', '1957-07-17', NULL, 146, 610, 0),
(3278, 'Léa', 'Lahy', '1950-04-14', 'M', 51, 732, 0),
(3279, 'Mélinda', 'Kalkofen', '1964-05-20', 'M', 127, 100, 0),
(3280, 'Sòng', 'Izod', NULL, 'M', 122, 6, 0),
(3281, 'Åsa', 'Ladds', '1960-10-30', 'F', 1, 560, 0),
(3282, 'Joséphine', 'Boatman', '1955-06-28', 'M', 36, 651, 0),
(3283, 'Angèle', 'Wisdom', '1983-03-04', 'F', 32, NULL, 0),
(3284, 'Noémie', 'Rodwell', '1956-11-25', 'F', 30, 153, 0),
(3285, 'Maïlis', 'Elix', NULL, 'F', 4, 153, 0),
(3286, 'Mégane', 'Scarasbrick', '1967-02-23', 'F', 32, 340, 0),
(3287, 'Célia', 'Gudgion', '1983-04-21', 'F', 151, 393, 0),
(3288, 'Cinéma', 'Jozsa', NULL, 'M', 130, 543, 0),
(3289, 'Mélia', 'Gulc', '1967-10-09', 'F', 132, 589, 0),
(3290, 'Joséphine', 'Muldrew', '1977-04-25', 'M', 147, 654, 0),
(3291, 'Personnalisée', 'Brundale', '1957-08-12', 'F', 41, 183, 0),
(3292, 'Alizée', 'Eborn', '1956-01-29', 'M', 112, 659, 0),
(3293, 'Renée', 'Dyment', '2002-07-15', NULL, 17, 164, 0),
(3294, 'Mélinda', 'MacNally', '2006-01-18', 'M', 8, 158, 0),
(3295, 'Esbjörn', 'Peron', '1972-07-10', 'F', 135, 151, 0),
(3296, 'Dafnée', 'Flannigan', '1950-06-08', 'F', 6, 189, 0),
(3297, 'Andréa', 'Pollington', '1981-02-03', 'F', 60, 532, 0),
(3298, 'Géraldine', 'Sprankling', '1959-02-26', 'F', 114, 465, 0),
(3299, 'Almérinda', 'Dmitrievski', '1988-02-27', 'M', 129, 647, 0),
(3300, 'Fèi', 'Hamner', '1970-03-04', 'M', 151, 730, 0),
(3301, 'Mélinda', 'Leipelt', NULL, 'M', 35, 748, 0),
(3302, 'Vérane', 'Parish', '1997-06-27', 'M', 127, 75, 0),
(3303, 'Naëlle', 'Farnes', '1950-09-01', 'F', 114, 237, 0),
(3304, 'Pò', 'Woolrich', '1990-11-26', 'F', 6, 651, 0),
(3305, 'Örjan', 'Zieme', '1953-10-10', 'F', 79, 720, 0),
(3306, 'Laurélie', 'Learmouth', '1980-01-13', 'F', 29, 84, 0),
(3307, 'Lén', 'Witherington', '1957-08-15', 'M', 82, 221, 0),
(3308, 'Crééz', 'Lavelle', '1952-07-29', 'M', 27, 45, 0),
(3309, 'Pénélope', 'Smoth', '1967-11-24', 'M', 79, 300, 0),
(3310, 'Görel', 'Bourgaize', '1978-06-19', 'M', 80, 52, 0),
(3311, 'Océane', 'Elmer', '1959-06-06', 'M', 72, 530, 0),
(3312, 'Maëlle', 'Runnalls', '1969-10-19', 'F', 81, 2, 0),
(3313, 'Ophélie', 'Blunsom', '1954-08-02', 'M', 71, 46, 0),
(3314, 'Béatrice', 'Caurah', '1996-08-26', 'M', 93, 735, 0),
(3315, 'Göran', 'Valde', '1990-02-27', 'M', 72, 309, 0),
(3316, 'Bécassine', 'Westmacott', '1970-12-20', 'F', 106, 666, 0),
(3317, 'Rachèle', 'Wroth', '1956-04-26', 'F', 148, 84, 0),
(3318, 'Ophélie', 'Weddup', '2002-07-17', 'M', 5, 200, 0),
(3319, 'Björn', 'Smillie', '1970-01-19', 'M', 104, NULL, 0),
(3320, 'Clémence', 'Jouhandeau', '1953-07-01', 'F', 10, 446, 0),
(3321, 'Loïs', 'Aloshkin', '1964-04-07', 'M', 148, 130, 0),
(3322, 'Nélie', 'Filppetti', '1986-10-05', 'M', 131, 373, 0),
(3323, 'Bérengère', 'Coatsworth', '1961-03-08', 'F', 145, 18, 0),
(3324, 'Yú', 'Ilott', '1974-04-09', 'M', 112, NULL, 0),
(3325, 'Kuí', 'Dobney', '1974-08-28', 'M', 53, 421, 0),
(3326, 'Méline', 'Domotor', '1997-05-02', 'M', 7, 81, 0),
(3327, 'Noëlla', 'Parrington', '2001-04-04', 'F', 49, 686, 0),
(3328, 'Ruò', 'Openshaw', '1974-11-05', 'M', 96, 568, 0),
(3329, 'Cloé', 'Truitt', '1990-03-30', 'F', 132, 394, 0),
(3330, 'Garçon', 'Eidelman', '1978-10-14', 'F', 55, 686, 0),
(3331, 'Cécile', 'Fairnington', '2000-11-23', 'F', 120, 112, 0),
(3332, 'Alizée', 'Burwood', NULL, 'F', 48, 738, 0),
(3333, 'Médiamass', 'Le Count', '1977-06-21', 'F', 116, 765, 0),
(3334, 'Maëlle', 'Zanolli', '1962-01-03', 'M', 72, 490, 0),
(3335, 'Michèle', 'Northam', '1995-05-20', 'M', 77, 494, 0),
(3336, 'Mylène', 'Suatt', '2006-02-05', 'M', 7, 505, 0),
(3337, 'Yáo', 'De Simone', '1960-03-03', 'M', 82, 446, 0),
(3338, 'Adélaïde', 'Ferrotti', '1974-06-11', 'F', 61, 417, 0),
(3339, 'Léandre', 'Kaemena', '1958-06-29', 'F', 52, 682, 0),
(3340, 'Réservés', 'Gilardengo', '1975-04-12', 'F', 69, 452, 0),
(3341, 'Loïc', 'Kimbrey', '1965-09-06', 'F', 75, 262, 0),
(3342, 'Estée', 'Hemphrey', '1976-04-04', 'M', 128, 469, 0),
(3343, 'Françoise', 'Whayman', NULL, 'M', 105, 123, 0),
(3344, 'Maëlyss', 'Gilchriest', '1965-03-06', 'F', 114, 780, 0),
(3345, 'Camélia', 'Gadaud', '1980-12-31', 'M', 67, 623, 0),
(3346, 'Vérane', 'Saer', '1959-05-06', 'M', 59, 300, 0),
(3347, 'Uò', 'Moatt', '1960-06-12', 'M', 110, 721, 0),
(3348, 'Valérie', 'Danielczyk', '1983-05-24', 'F', 147, 310, 0),
(3349, 'Måns', 'Cuerdale', '2001-05-31', 'M', 103, 518, 0),
(3350, 'Yóu', 'Bradock', '1990-06-21', 'M', NULL, 573, 0),
(3351, 'Léana', 'Dalyell', '1978-06-30', 'F', 76, 185, 0),
(3352, 'Mégane', 'Pinshon', '1976-04-11', 'M', 128, 504, 0),
(3353, 'Dà', 'Kempe', '1967-12-28', 'M', 86, 522, 0),
(3354, 'Océane', 'Sherrington', NULL, 'F', 62, 483, 0),
(3355, 'Liè', 'Larwood', '2002-09-20', 'M', 117, 314, 0),
(3356, 'Daphnée', 'Rookwell', '2000-08-14', 'M', 3, 336, 0),
(3357, 'Lyséa', 'Skipper', '1989-01-24', 'M', 135, 9, 0),
(3358, 'Maéna', 'Staddart', '1985-10-04', 'M', 33, 425, 0),
(3359, 'Eloïse', 'Philipsson', '1970-07-20', 'F', 81, 777, 0),
(3360, 'Gisèle', 'Gallymore', NULL, 'M', 100, 524, 0),
(3361, 'Eléa', 'Osbaldeston', '1964-08-25', 'M', 114, NULL, 0),
(3362, 'Gaëlle', 'Brahms', '1975-04-08', 'F', 9, 547, 0),
(3363, 'Aurélie', 'Rotchell', '2003-08-28', 'F', 55, 236, 0),
(3364, 'Agnès', 'Schelle', '1973-12-08', 'M', 59, 85, 0),
(3365, 'Océane', 'Oldroyde', '1962-08-24', 'M', 152, 508, 0),
(3366, 'Léonie', 'D\'Aguanno', NULL, 'F', 38, 621, 0),
(3367, 'Dorothée', 'Kures', '1999-03-26', 'M', 133, 278, 0),
(3368, 'Liè', 'Keaves', NULL, 'M', 42, 319, 0),
(3369, 'Anaïs', 'Turneux', '1986-03-23', 'M', 85, 394, 0),
(3370, 'Lyséa', 'Janes', '1963-11-29', 'M', 60, 18, 0),
(3371, 'Ráo', 'Eisig', '1987-04-28', 'M', 8, 163, 0),
(3372, 'Maëlla', 'Quiddington', '1972-11-18', 'M', 120, 514, 0),
(3373, 'Esbjörn', 'Baughen', '1991-02-24', 'M', 61, 1, 0),
(3374, 'Thérèsa', 'Hatherleigh', '1984-03-01', 'M', 133, 542, 0),
(3375, 'Bénédicte', 'Caulfield', '1982-07-30', 'F', 67, 425, 0),
(3376, 'Maëline', 'Allcroft', '1990-08-21', 'F', 48, 586, 0),
(3377, 'Håkan', 'Creaney', '1972-06-30', 'M', 105, 169, 0),
(3378, 'Kallisté', 'Semorad', '1990-12-25', 'F', 148, 138, 0),
(3379, 'Cécile', 'Dabourne', '1982-02-02', 'M', 138, 28, 0),
(3380, 'Illustrée', 'Snowman', '2001-12-24', 'M', 62, 604, 0),
(3381, 'Görel', 'Denson', '1952-06-20', 'F', 125, 414, 0),
(3382, 'Réjane', 'McDirmid', '2001-03-07', 'F', 40, 145, 0),
(3383, 'Marylène', 'Stoate', '2002-10-26', 'F', 23, 577, 0),
(3384, 'Josée', 'Wilmington', '1964-05-02', 'F', 70, 523, 0),
(3385, 'Gwenaëlle', 'Dmitriev', '2005-04-06', 'F', 120, 206, 0),
(3386, 'Michèle', 'Hudspith', '1967-07-21', 'M', NULL, 673, 0),
(3387, 'Anaé', 'Darker', NULL, 'M', 89, 514, 0),
(3388, 'Aimée', 'Alcock', NULL, 'M', 62, 94, 0),
(3389, 'Adélaïde', 'Riguard', NULL, 'M', 45, 226, 0),
(3390, 'Maïlis', 'Skyram', '1980-12-04', 'F', 47, 352, 0),
(3391, 'Daphnée', 'Grinnikov', '1952-03-13', 'F', 33, 326, 0),
(3392, 'Táng', 'Gowlett', '1993-04-02', 'M', 103, 507, 0),
(3393, 'Angélique', 'Ferrettini', '1988-05-31', 'F', 128, 760, 0),
(3394, 'Léane', 'Instone', '1974-12-31', 'M', NULL, 688, 0),
(3395, 'Maëlyss', 'Klamp', '1990-01-09', 'F', 128, 96, 0),
(3396, 'Lorène', 'Skeath', '2003-01-09', 'F', 46, 211, 0),
(3397, 'Marlène', 'Hakes', '1973-08-24', 'M', 108, 622, 0),
(3398, 'Aí', 'Mellings', '1962-06-09', 'F', 1, 209, 0),
(3399, 'Intéressant', 'Tranfield', '1989-05-01', 'M', 105, 573, 0),
(3400, 'Joséphine', 'Garfirth', '1989-02-18', 'M', 147, 665, 0),
(3401, 'Marie-thérèse', 'Halshaw', '1993-05-27', 'M', 55, 379, 0),
(3402, 'Bénédicte', 'Oakton', '1964-01-27', 'F', 12, 275, 0),
(3403, 'Sòng', 'Pickavant', '1984-10-30', 'F', 28, NULL, 0),
(3404, 'Lài', 'Ebertz', '1969-08-21', 'M', 80, 443, 0),
(3405, 'André', 'Keattch', '1988-03-16', 'F', 96, 495, 0),
(3406, 'Yè', 'Gleaves', '1971-02-12', 'M', 128, 363, 0),
(3407, 'Estée', 'Risson', NULL, 'F', 53, 488, 0),
(3408, 'Thérèsa', 'Cottu', '1960-04-07', 'F', 34, 225, 0),
(3409, 'Daphnée', 'Tucknutt', '1980-04-28', 'F', 26, 650, 0),
(3410, 'Tán', 'Innman', '1964-01-02', 'F', 45, 735, 0),
(3411, 'Bénédicte', 'Baruch', '1961-10-14', 'M', 97, 124, 0),
(3412, 'Pò', 'Kenton', '1955-05-26', 'F', 141, 294, 0),
(3413, 'Maïlys', 'Shayes', '1998-11-21', 'M', 148, 604, 0),
(3414, 'Léa', 'Willshire', '1951-11-03', 'F', NULL, 252, 0),
(3415, 'Clélia', 'Forrester', '1964-09-14', 'F', 138, 251, 0),
(3416, 'Nadège', 'Blint', '1982-08-07', 'F', NULL, 256, 0),
(3417, 'Thérèse', 'Robecon', '1974-08-20', 'M', 64, 178, 0),
(3418, 'Amélie', 'Peiser', NULL, 'M', NULL, 318, 0),
(3419, 'Personnalisée', 'Edmed', '1972-02-23', 'F', 76, 234, 0),
(3420, 'Léa', 'Mansell', '1992-05-03', 'F', 139, 702, 0),
(3421, 'Dù', 'Croall', '2003-07-22', 'F', 71, 487, 0),
(3422, 'Noémie', 'Beaten', '1960-10-28', 'M', 91, 211, 0),
(3423, 'Wá', 'Attrill', '1978-06-21', 'F', 111, 476, 0),
(3424, 'Lén', 'De Witt', '1961-08-31', 'M', 121, 733, 0),
(3425, 'Yè', 'Robilart', '1965-06-04', 'M', 142, 169, 0),
(3426, 'Edmée', 'Saipy', '1981-03-29', 'M', 53, 449, 0),
(3427, 'Gisèle', 'Maulkin', '1953-09-02', 'M', 116, 794, 0),
(3428, 'Angélique', 'Haggath', '1955-07-16', 'M', 135, 446, 0),
(3429, 'Néhémie', 'Brouncker', NULL, 'M', NULL, 362, 0),
(3430, 'Léandre', 'Henbury', '1959-10-12', 'M', 60, 555, 0),
(3431, 'Yóu', 'Rumsey', NULL, 'F', 142, 667, 0),
(3432, 'Mylène', 'Odell', '2001-03-08', 'F', 75, 556, 0),
(3433, 'Clémence', 'Harwin', '1969-01-30', 'F', 60, 788, 0),
(3434, 'Lèi', 'Corden', '1976-01-10', 'F', 19, 584, 0),
(3435, 'Åslög', 'Toolan', '1960-12-19', 'M', 98, 582, 0),
(3436, 'Léa', 'Carmel', '1961-02-24', 'F', 44, 494, 0),
(3437, 'Maëly', 'Petasch', '1981-05-29', 'F', 39, 121, 0),
(3438, 'Mélissandre', 'Clappison', '1970-02-21', 'M', 47, 445, 0),
(3439, 'Marie-josée', 'Mellhuish', '2002-08-14', 'F', 139, 616, 0),
(3440, 'Dorothée', 'Esseby', '1967-04-06', 'M', 116, 373, 0),
(3441, 'Aurélie', 'Perin', '1969-12-02', NULL, 73, 369, 0),
(3442, 'Noëlla', 'O\'Hear', '1969-09-02', 'F', 36, 338, 0),
(3443, 'Eléonore', 'Westwater', '2000-06-08', 'M', NULL, 246, 0),
(3444, 'Personnalisée', 'Lane', '1995-10-30', 'M', 39, 612, 0),
(3445, 'Séréna', 'Dovey', '1973-01-13', 'M', 83, 468, 0),
(3446, 'Lyséa', 'Ollerhead', '2001-08-22', 'F', 106, 275, 0),
(3447, 'Lucrèce', 'Schultes', '1998-06-26', 'M', 29, 649, 0),
(3448, 'Régine', 'Goncaves', '1998-10-21', 'F', 151, 336, 0),
(3449, 'Bérengère', 'Rentoll', '1965-12-27', 'M', 101, 713, 0),
(3450, 'Eléa', 'Elderfield', NULL, 'M', 2, 698, 0),
(3451, 'Bénédicte', 'Yushmanov', '1982-11-27', 'F', 136, 737, 0),
(3452, 'Audréanne', 'Fildes', '1969-10-23', 'F', 65, 747, 0),
(3453, 'Andréa', 'Dubbin', '1994-05-05', 'F', 135, 56, 0),
(3454, 'Mårten', 'Galbreth', '1996-10-13', 'F', 60, 452, 0),
(3455, 'Judicaël', 'Tethcote', '1952-11-03', 'F', 111, 49, 0),
(3456, 'Laurélie', 'Marusic', '1970-02-05', 'F', 150, 494, 0),
(3457, 'Annotés', 'Schuchmacher', '1958-08-10', 'F', 28, 222, 0),
(3458, 'Bénédicte', 'Runnalls', '1990-09-29', 'F', 32, 590, 0),
(3459, 'Jú', 'Stowte', '1956-06-07', 'F', NULL, 732, 0),
(3460, 'Béatrice', 'Skelhorn', '1996-02-13', 'M', 109, 375, 0),
(3461, 'Faîtes', 'Stigell', '1962-01-07', 'F', NULL, 785, 0),
(3462, 'Géraldine', 'Kaufman', '1955-09-08', 'M', NULL, 625, 0),
(3463, 'Maï', 'Badger', '1955-01-16', 'M', 50, 380, 0),
(3464, 'Geneviève', 'McGuiney', '1959-10-18', 'M', 57, 171, 0),
(3465, 'Styrbjörn', 'Fincke', '1951-05-27', 'F', 110, 783, 0),
(3466, 'Maëlys', 'Coltart', '1977-01-31', 'M', 87, 710, 0),
(3467, 'Clélia', 'Bruckman', '1982-03-05', NULL, 83, 305, 0);
INSERT INTO `employees` (`id`, `first_name`, `last_name`, `birthdate`, `sex`, `city_fk`, `company_fk`, `is_deleted`) VALUES
(3468, 'Régine', 'Llewelly', '1983-10-12', 'F', 13, 652, 0),
(3469, 'Görel', 'Hadcock', '1963-01-26', 'F', 7, 19, 0),
(3470, 'Pénélope', 'Jeffs', '1976-09-09', 'F', 29, 626, 0),
(3471, 'Laurélie', 'Paradis', '1987-01-16', 'M', 65, 782, 0),
(3472, 'Aí', 'Stang-Gjertsen', '1997-09-19', 'F', 78, 269, 0),
(3473, 'Tú', 'Becke', '1992-10-01', 'F', 31, 255, 0),
(3474, 'Marlène', 'Kroin', '1992-12-05', 'F', 1, 304, 0),
(3475, 'Andrée', 'Forlonge', '1989-02-15', 'M', 55, 421, 0),
(3476, 'Mélodie', 'Rutherfoord', '1958-11-03', 'M', 123, 756, 0),
(3477, 'Mélia', 'Burke', '1986-08-07', 'M', 28, 161, 0),
(3478, 'Marie-josée', 'Wyman', '1961-07-18', 'M', 90, 573, 0),
(3479, 'Anaïs', 'Boyle', '1962-04-27', 'M', 6, 70, 0),
(3480, 'Kallisté', 'Pinkard', '1966-12-21', 'F', 64, 329, 0),
(3481, 'Irène', 'Buckland', NULL, NULL, 20, 39, 0),
(3482, 'Dafnée', 'Stronghill', '1967-08-08', 'F', 143, 591, 0),
(3483, 'Dù', 'Braghini', '1989-11-04', 'M', 77, 212, 0),
(3484, 'Lauréna', 'McQuaker', '1983-09-05', 'M', 91, 688, 0),
(3485, 'Marie-thérèse', 'Lugsdin', '1988-08-06', 'F', 6, 407, 0),
(3486, 'Athéna', 'Tweedell', '1996-09-21', 'F', 75, 180, 0),
(3487, 'Amélie', 'Bloyes', '1962-12-07', 'M', 51, 160, 0),
(3488, 'Solène', 'Soff', '1969-03-21', 'F', 82, 622, 0),
(3489, 'Méthode', 'Ledur', '1956-10-07', 'F', 22, 455, 0),
(3490, 'Nélie', 'Peach', '1960-11-10', 'F', 90, 213, 0),
(3491, 'Geneviève', 'Juggins', '1978-05-28', 'M', 79, 698, 0),
(3492, 'Vénus', 'Deetlof', '1984-02-22', 'F', 82, 656, 0),
(3493, 'Táng', 'Birdis', '1995-03-21', 'M', 14, 638, 0),
(3494, 'Yè', 'Penreth', '1974-11-17', 'M', 31, 182, 0),
(3495, 'Noëlla', 'Handforth', '1978-04-19', 'M', 133, 486, 0),
(3496, 'Naëlle', 'Speerman', '2002-08-10', 'M', 49, 338, 0),
(3497, 'Kù', 'Deetlefs', '1982-01-24', 'M', 102, 485, 0),
(3498, 'Adélaïde', 'Airton', '1987-03-08', 'M', 86, 62, 0),
(3499, 'Dorothée', 'Ayres', '1984-06-17', 'F', 100, 160, 0),
(3500, 'Geneviève', 'Rogier', '1997-07-09', 'M', 94, 290, 0),
(3501, 'Léonore', 'Cobbledick', '1966-12-25', 'M', 26, 607, 0),
(3502, 'Kuí', 'Fredson', '1972-04-11', 'F', 66, 465, 0),
(3503, 'Laïla', 'McKinless', '1981-08-03', 'F', 37, 57, 0),
(3504, 'Ophélie', 'Biner', '1950-03-19', 'M', 32, 107, 0),
(3505, 'Mélys', 'Bidgod', NULL, 'M', 75, 559, 0),
(3506, 'Aimée', 'Aspin', '1961-10-09', 'F', 74, 635, 0),
(3507, 'Liè', 'Scaice', '1961-09-10', 'F', 19, 595, 0),
(3508, 'Josée', 'Phear', '1983-08-26', 'F', 119, 411, 0),
(3509, 'Gwenaëlle', 'Burges', '1956-11-24', 'M', 90, 514, 0),
(3510, 'Almérinda', 'Cowlam', '1958-03-24', 'M', 75, 287, 0),
(3511, 'Estève', 'Gudyer', '1950-08-31', 'M', 42, 243, 0),
(3512, 'Måns', 'Abramchik', '1974-07-23', 'F', 62, 226, 0),
(3513, 'Eléa', 'Frame', '2000-12-31', 'M', 111, 202, 0),
(3514, 'Mélia', 'Petrus', '1994-06-21', 'F', 135, 388, 0),
(3515, 'Zhì', 'Trunchion', '1992-03-22', 'M', 90, 632, 0),
(3516, 'Åslög', 'Siggers', '2005-02-23', 'M', 19, 106, 0),
(3517, 'Andréa', 'Masters', '1962-01-13', 'M', 40, 760, 0),
(3518, 'Clémence', 'Slocom', '2001-02-12', 'F', 144, 635, 0),
(3519, 'Annotée', 'Tapson', '1975-02-12', 'F', 62, 669, 0),
(3520, 'Ráo', 'Lere', '1964-05-14', 'F', 86, 624, 0),
(3521, 'Sélène', 'Wotherspoon', '1979-06-25', NULL, 27, 763, 0),
(3522, 'Cléa', 'Beecroft', '1996-05-22', 'F', 90, 322, 0),
(3523, 'Dafnée', 'Daltrey', '1998-10-12', 'M', 139, 695, 0),
(3524, 'Océane', 'Monni', '1985-06-02', 'M', 98, 321, 0),
(3525, 'Maïlys', 'Hune', '1998-07-24', 'M', 17, 95, 0),
(3526, 'Néhémie', 'Reven', '1950-07-29', 'M', 32, 156, 0),
(3527, 'Naëlle', 'Smiz', '1981-12-19', 'M', 132, 12, 0),
(3528, 'Åsa', 'Emer', '2005-09-14', 'F', 32, 26, 0),
(3529, 'Gaétane', 'Allkins', '1999-04-23', 'F', 118, 519, 0),
(3530, 'Laurélie', 'Braxton', '1971-01-24', 'M', 53, 386, 0),
(3531, 'Lyséa', 'Atthowe', '1964-02-24', 'M', 121, 599, 0),
(3532, 'Léonore', 'Rene', '1982-02-19', 'M', NULL, 662, 0),
(3533, 'Océanne', 'Piatkow', '1962-11-08', 'F', 147, 120, 0),
(3534, 'Maï', 'Measom', '1960-12-22', 'F', 120, 464, 0),
(3535, 'Zoé', 'Busch', '2000-04-27', 'M', 76, 130, 0),
(3536, 'Marlène', 'Brenton', '1981-12-12', 'M', 87, 133, 0),
(3537, 'Léa', 'Levitt', '1972-08-21', 'F', 53, 214, 0),
(3538, 'Dorothée', 'McIlvaney', '1967-10-16', 'F', 87, 775, 0),
(3539, 'Cinéma', 'Petrovykh', '1982-03-02', 'M', 114, 70, 0),
(3540, 'Ophélie', 'Bendelow', '1973-09-13', 'M', 139, 409, 0),
(3541, 'Vénus', 'Freake', '1986-11-28', 'F', 42, NULL, 0),
(3542, 'Táng', 'Wordsley', '1963-11-30', 'M', 94, 551, 0),
(3543, 'Angélique', 'Gillman', '1973-03-03', 'F', 121, 713, 0),
(3544, 'Alizée', 'Coonan', '1973-11-20', 'M', 146, 139, 0),
(3545, 'Célestine', 'MacKnockiter', '1979-03-09', 'F', 128, 686, 0),
(3546, 'Tán', 'Arrighini', NULL, 'M', 100, 764, 0),
(3547, 'Anaé', 'Drinkhill', '2000-03-11', 'F', 57, 614, 0),
(3548, 'Mélodie', 'Aimson', '2004-09-03', 'M', 9, 793, 0),
(3549, 'Måns', 'Stokey', '1987-01-28', 'M', 145, 259, 0),
(3550, 'Daphnée', 'Paskell', '1983-03-18', 'M', 74, 65, 0),
(3551, 'Séverine', 'Songest', '1963-02-16', 'F', 152, 358, 0),
(3552, 'Wá', 'Rayworth', '2004-02-09', 'M', 85, 148, 0),
(3553, 'Crééz', 'Seeds', '1979-07-21', 'M', 3, 93, 0),
(3554, 'Maïlys', 'Lowing', '1957-02-28', 'F', 68, 519, 0),
(3555, 'Görel', 'Kettlestringes', '1983-06-13', 'M', 99, 308, 0),
(3556, 'Anaé', 'Blackston', '1968-01-08', 'M', 87, 532, 0),
(3557, 'Dù', 'Spadoni', '2001-02-25', 'M', 87, 37, 0),
(3558, 'Méryl', 'Lammerich', '1972-03-30', 'F', 15, 771, 0),
(3559, 'Frédérique', 'Esplin', '1960-04-18', 'M', 6, 544, 0),
(3560, 'Océane', 'Tassaker', '1957-09-21', 'F', 149, 667, 0),
(3561, 'Michèle', 'Kalkhoven', '1980-09-01', 'F', 79, 148, 0),
(3562, 'Personnalisée', 'Strasse', '1960-06-07', 'F', 141, 325, 0),
(3563, 'Zoé', 'Beagin', '1958-12-08', 'F', 127, 56, 0),
(3564, 'Liè', 'Congram', '1985-04-13', 'M', 6, 600, 0),
(3565, 'Nadège', 'Carling', '1973-12-09', 'F', 114, 606, 0),
(3566, 'Märta', 'Stert', '1990-03-02', 'F', 137, 55, 0),
(3567, 'Mélissandre', 'Eccersley', '1990-02-18', 'F', 55, 728, 0),
(3568, 'Edmée', 'Kondratovich', '1985-06-30', 'F', 115, 148, 0),
(3569, 'Béatrice', 'Brandsen', NULL, 'F', 143, 146, 0),
(3570, 'Eléa', 'Ickovicz', '2004-05-18', 'F', 8, 687, 0),
(3571, 'Loïca', 'Kitchingman', '1982-04-06', 'F', 152, 669, 0),
(3572, 'Maëlyss', 'Mulqueen', '1954-09-16', 'M', 4, 636, 0),
(3573, 'Yáo', 'Dowell', '2005-08-18', 'M', 110, 592, 0),
(3574, 'Maïly', 'Axton', '2000-05-21', 'M', 127, 129, 0),
(3575, 'Anaëlle', 'Engley', '1959-03-07', 'M', 17, 524, 0),
(3576, 'Marie-hélène', 'Whittock', '2003-11-15', 'F', 59, 756, 0),
(3577, 'Valérie', 'Colclough', '1955-08-15', 'M', 26, 318, 0),
(3578, 'Géraldine', 'Rudeyeard', '1997-05-08', 'M', 90, 186, 0),
(3579, 'Danièle', 'Craske', '1961-09-10', 'M', 97, 177, 0),
(3580, 'Clémence', 'Philpots', '1963-02-09', 'F', 61, 56, 0),
(3581, 'Léana', 'Botham', '1952-09-26', 'F', 122, 703, 0),
(3582, 'Joséphine', 'Whittlesea', '1955-08-17', 'M', 108, 85, 0),
(3583, 'Tú', 'Kasper', '1996-12-25', NULL, 79, 93, 0),
(3584, 'Bérénice', 'Bealton', '2004-07-03', 'M', 29, 673, 0),
(3585, 'Michèle', 'Haughey', '1990-03-05', 'M', 47, 739, 0),
(3586, 'Loïca', 'Maruska', '1971-10-13', 'F', 50, 311, 0),
(3587, 'Marie-françoise', 'Crockford', '1954-05-20', 'M', 57, 57, 0),
(3588, 'Mélinda', 'Alleway', '1958-01-26', 'F', 5, 747, 0),
(3589, 'Personnalisée', 'Farish', '1967-10-06', 'F', 27, 132, 0),
(3590, 'Táng', 'Shillington', '1989-06-23', 'F', 98, 339, 0),
(3591, 'Céline', 'Rackstraw', '2002-09-02', 'F', 131, 593, 0),
(3592, 'Maëline', 'Deave', '1987-08-15', 'F', 47, 531, 0),
(3593, 'Danièle', 'Gout', '1993-11-18', 'F', 7, 45, 0),
(3594, 'Eléonore', 'Vernon', '1989-01-16', 'F', 60, 153, 0),
(3595, 'Michèle', 'Siddell', '1975-08-30', 'F', 33, 104, 0),
(3596, 'Yú', 'Caldera', '1964-07-26', 'M', 6, 201, 0),
(3597, 'Cinéma', 'Yitzhok', '1974-03-31', 'F', 31, 559, 0),
(3598, 'Véronique', 'McGeffen', '1983-11-07', 'M', 4, 564, 0),
(3599, 'Sòng', 'Fronczak', '2004-06-27', 'F', 76, 753, 0),
(3600, 'Bécassine', 'Bettles', '2002-01-08', 'F', 45, 634, 0),
(3601, 'Kévina', 'Calven', '1964-04-10', 'M', 16, 203, 0),
(3602, 'Loïc', 'Blevin', '1992-01-14', 'M', 65, 268, 0),
(3603, 'Inès', 'Climpson', '2006-01-03', 'F', 52, 684, 0),
(3604, 'Dafnée', 'Lupton', '1986-10-23', 'M', 71, 426, 0),
(3605, 'Mélina', 'Thumann', '1996-05-20', 'M', 73, 736, 0),
(3606, 'Séverine', 'Fautley', '1982-05-15', 'M', NULL, NULL, 0),
(3607, 'Maïté', 'Priestland', '1990-11-08', 'F', 112, 135, 0),
(3608, 'Inès', 'Kensitt', '1969-02-22', 'M', 65, 700, 0),
(3609, 'Bérénice', 'Spurge', '1974-06-21', NULL, 134, 323, 0),
(3610, 'Kallisté', 'Culham', '1954-03-15', 'F', 123, 578, 0),
(3611, 'Yè', 'Gillam', '1957-10-12', 'M', 81, 628, 0),
(3612, 'Adèle', 'Eddis', '1968-07-22', 'F', 38, 561, 0),
(3613, 'Adélaïde', 'Goggey', '1971-11-04', 'F', 27, 279, 0),
(3614, 'Wá', 'Greetland', '1957-10-13', 'F', 39, 760, 0),
(3615, 'Mahélie', 'Covell', '2004-04-01', 'M', 55, 391, 0),
(3616, 'Méline', 'Philcock', '1953-10-07', 'F', 37, 212, 0),
(3617, 'Yè', 'Rodolico', '1976-05-16', 'F', 82, 375, 0),
(3618, 'Åslög', 'Alldritt', '1981-03-27', 'M', 6, 233, 0),
(3619, 'Andréa', 'Labern', '1984-08-05', 'F', 12, 281, 0),
(3620, 'Anaé', 'Legh', '1997-10-28', 'M', 124, 397, 0),
(3621, 'Lèi', 'Rasher', '1999-12-15', 'F', 107, 98, 0),
(3622, 'Clémentine', 'Aldhouse', '1978-10-05', 'M', 141, 311, 0),
(3623, 'Gisèle', 'Laing', '1966-11-11', 'F', 91, 83, 0),
(3624, 'Loïs', 'Grogona', '1998-12-29', 'F', 70, 299, 0),
(3625, 'Océanne', 'De Souza', '1954-09-12', 'F', 83, 114, 0),
(3626, 'Aloïs', 'Carrabott', NULL, 'F', 106, 166, 0),
(3627, 'Aurélie', 'Beatey', '1960-05-04', 'F', 55, 222, 0),
(3628, 'Dà', 'Gilchriest', '1965-01-01', 'M', 116, NULL, 0),
(3629, 'Céline', 'Zaniolini', '1965-09-19', 'F', 33, 418, 0),
(3630, 'Ophélie', 'Sherwill', '1952-12-19', 'M', 135, 201, 0),
(3631, 'Björn', 'Du Barry', '1951-06-29', 'M', 136, 427, 0),
(3632, 'Dà', 'Manton', '1993-01-12', 'M', 111, 94, 0),
(3633, 'Bénédicte', 'Unstead', '1964-09-12', 'M', 70, 164, 0),
(3634, 'Jú', 'Ellif', '1999-10-12', 'M', 3, 299, 0),
(3635, 'Östen', 'Stephenson', NULL, 'F', 117, 730, 0),
(3636, 'Rébecca', 'Hedlestone', '1990-08-31', 'F', 105, 567, 0),
(3637, 'Örjan', 'Bickerdike', '1957-08-14', 'M', 121, 264, 0),
(3638, 'Maïlis', 'Sebborn', '2003-10-18', 'M', 41, 700, 0),
(3639, 'Ophélie', 'Rosenau', '1990-07-15', 'F', 147, 584, 0),
(3640, 'Torbjörn', 'Staden', '2002-01-10', 'M', 39, 442, 0),
(3641, 'Aurélie', 'Stronack', NULL, 'M', 64, 179, 0),
(3642, 'Amélie', 'Kuhndel', '1991-12-21', 'M', 144, 630, 0),
(3643, 'Laurène', 'Veighey', '1965-09-26', 'M', 1, 745, 0),
(3644, 'Irène', 'Scarfe', '1989-12-24', 'M', 153, 259, 0),
(3645, 'Anaé', 'Ivashinnikov', '1965-01-15', 'F', 50, 33, 0),
(3646, 'Mélia', 'Sabater', NULL, 'F', 146, 354, 0),
(3647, 'Lorène', 'Frascone', '1967-05-01', 'F', 17, 673, 0),
(3648, 'Inès', 'Mongenot', '2001-05-31', 'M', 111, 347, 0),
(3649, 'Åke', 'Woolley', '2002-06-15', 'M', 43, 345, 0),
(3650, 'Noëlla', 'Whittington', '1959-09-07', 'F', 95, 384, 0),
(3651, 'Anaïs', 'Mathiassen', '1993-12-23', 'F', NULL, 306, 0),
(3652, 'Zoé', 'Casbon', '1985-04-03', 'M', 101, 695, 0),
(3653, 'Mà', 'Neesam', '1980-07-24', 'F', 81, 96, 0),
(3654, 'Nélie', 'Huggon', '2005-11-28', 'M', 27, 298, 0),
(3655, 'Gaétane', 'Mila', '1966-06-13', 'M', 9, 731, 0),
(3656, 'Stéphanie', 'Reyes', '1960-12-02', 'M', 92, 227, 0),
(3657, 'Aurélie', 'Vittori', '2003-10-27', 'M', 128, 448, 0),
(3658, 'Cléopatre', 'Adne', '1950-09-23', 'F', 74, 289, 0),
(3659, 'Athéna', 'McGee', '1964-01-11', 'M', 136, 155, 0),
(3660, 'Loïs', 'Filyaev', NULL, 'F', 73, 503, 0),
(3661, 'Ophélie', 'Georgeau', '2000-05-21', 'F', 73, 353, 0),
(3662, 'Anaé', 'Nuth', '2001-01-29', 'M', 150, 171, 0),
(3663, 'Agnès', 'Syce', '1996-10-27', 'F', 79, 556, 0),
(3664, 'Pénélope', 'Harrold', '1988-11-02', 'M', 100, 522, 0),
(3665, 'Angèle', 'Durno', '2000-03-19', 'F', 94, 55, 0),
(3666, 'Hélèna', 'Mioni', '1963-04-26', 'M', 88, 787, 0),
(3667, 'Dafnée', 'Skinner', '2005-08-20', 'F', 15, 38, 0),
(3668, 'Torbjörn', 'Tippin', NULL, 'M', 20, 228, 0),
(3669, 'Naéva', 'Rysdale', '1958-04-20', 'F', 110, 373, 0),
(3670, 'Göran', 'Aggas', '1957-12-26', 'F', 152, 279, 0),
(3671, 'Wá', 'Godart', '1968-01-23', 'M', 17, 606, 0),
(3672, 'Lyséa', 'Carbett', '1963-02-16', 'M', 123, 166, 0),
(3673, 'Stéphanie', 'Neachell', '1996-02-15', 'M', 135, 267, 0),
(3674, 'Cécile', 'Penwright', '1960-07-08', 'M', 21, 503, 0),
(3675, 'Aimée', 'Scogin', '1954-04-10', 'F', 37, 782, 0),
(3676, 'Clémence', 'Lavalle', '1995-08-05', 'F', 58, 561, 0),
(3677, 'Anaëlle', 'Goghin', '1990-03-22', 'F', 39, 457, 0),
(3678, 'Laurène', 'de Grey', '1983-04-15', 'F', 121, 335, 0),
(3679, 'Clémence', 'Moth', '1969-12-17', 'M', 144, 180, 0),
(3680, 'Josée', 'O\'Mullally', '1966-07-26', 'F', 53, 14, 0),
(3681, 'Camélia', 'Pitkeathley', '1956-08-17', 'F', 132, 27, 0),
(3682, 'Tán', 'Buttrick', '1971-02-09', 'M', 134, 206, 0),
(3683, 'Andréanne', 'Joriot', '1973-05-01', 'M', 6, 348, 0),
(3684, 'Léandre', 'Treasure', '1994-12-15', 'F', 152, 561, 0),
(3685, 'Ruì', 'Attree', '1994-06-03', 'M', 42, 57, 0),
(3686, 'Méline', 'Guyon', NULL, 'F', 126, 387, 0),
(3687, 'Noëlla', 'Skipsey', '1980-12-26', 'M', 60, 62, 0),
(3688, 'Maëlys', 'Struan', '1975-05-28', 'M', 116, 371, 0),
(3689, 'Maëlann', 'Najara', '2003-11-06', 'M', 128, 567, 0),
(3690, 'Séverine', 'Rutledge', '1961-04-26', 'M', 36, 345, 0),
(3691, 'Véronique', 'D\'Ruel', '1983-09-11', 'F', 147, 75, 0),
(3692, 'Amélie', 'Liptrot', '1994-07-07', 'F', 36, 454, 0),
(3693, 'Maëly', 'Shelvey', '1970-11-12', 'F', 152, NULL, 1),
(3694, 'Östen', 'Teague', '1982-04-24', 'M', 122, 281, 0),
(3695, 'Anaïs', 'Gerrie', '1971-08-18', NULL, 153, 252, 0),
(3696, 'Mén', 'Faireclough', NULL, 'M', 148, 140, 0),
(3697, 'Angèle', 'Stilly', '1985-06-22', 'M', 76, 365, 0),
(3698, 'Personnalisée', 'Chaudhry', '1983-02-11', 'M', 145, 466, 0),
(3699, 'Méryl', 'Culverhouse', '1996-05-20', 'M', 122, 374, 0),
(3700, 'Bérénice', 'Kildea', '1977-07-03', 'F', 80, 639, 0),
(3701, 'Marylène', 'Jeste', '1964-08-17', 'M', 20, 493, 0),
(3702, 'Méryl', 'Vannuccinii', '1974-06-06', 'F', 119, 541, 0),
(3703, 'Cunégonde', 'Jakeman', '1962-03-11', 'M', 130, 785, 0),
(3704, 'Cléopatre', 'McKibben', '1986-03-02', 'M', 77, 551, 0),
(3705, 'Intéressant', 'Curtain', NULL, 'M', 100, 144, 0),
(3706, 'Maéna', 'Eastmead', '2001-10-22', 'M', 130, 456, 0),
(3707, 'Daphnée', 'D\'Emanuele', NULL, 'M', 115, 628, 0),
(3708, 'Hélène', 'Carnoghan', '1979-07-23', 'F', 60, 364, 0),
(3709, 'Célestine', 'Rooney', '1954-10-08', 'M', 118, 35, 0),
(3710, 'Aloïs', 'Maleney', '2000-04-13', 'F', 79, 176, 0),
(3711, 'Clélia', 'Kedward', '1973-10-07', 'F', 152, 354, 0),
(3712, 'Alizée', 'Medina', '1966-07-16', 'M', 49, 61, 0),
(3713, 'Léonore', 'Peplow', '1985-01-30', 'F', 26, 560, 0),
(3714, 'Régine', 'Maillard', '1982-01-10', 'M', 97, 393, 0),
(3715, 'Alizée', 'Foli', '1953-12-01', 'F', 129, 669, 0),
(3716, 'Bérénice', 'Giannasi', NULL, 'F', 24, 112, 0),
(3717, 'Cléa', 'Picardo', NULL, 'F', 42, 199, 0),
(3718, 'Erwéi', 'Samples', NULL, 'M', 12, 537, 0),
(3719, 'Laurélie', 'Duny', '1984-07-25', 'F', 65, 457, 0),
(3720, 'Loïs', 'Hartzenberg', '1985-06-07', 'M', NULL, 784, 0),
(3721, 'Yóu', 'Stiven', '1976-10-06', 'F', 122, 17, 0),
(3722, 'Gaétane', 'Sackes', '2005-03-26', 'F', 40, 774, 0),
(3723, 'Léonie', 'Boswood', '1982-05-21', 'M', 81, 209, 0),
(3724, 'Erwéi', 'Hurran', '1972-10-13', 'F', 77, 634, 0),
(3725, 'Kuí', 'Thicking', '1991-02-24', 'M', 36, 654, 0),
(3726, 'Sòng', 'Mudd', '1985-10-18', 'F', 111, 716, 0),
(3727, 'Amélie', 'Vannuchi', '1974-01-08', 'M', 44, 82, 0),
(3728, 'Mahélie', 'O\' Cuolahan', '1974-03-22', 'F', 80, 769, 0),
(3729, 'Ruì', 'D\'Emanuele', '2003-03-05', 'M', 81, 117, 0),
(3730, 'Lài', 'Wintle', '1965-04-19', 'M', 22, 745, 0),
(3731, 'Gaëlle', 'Knightley', '1986-04-05', 'F', 123, 635, 0),
(3732, 'Lén', 'Duckit', '1981-03-22', 'M', 11, 501, 0),
(3733, 'Méryl', 'Kondrat', '1996-06-19', 'F', NULL, 651, 0),
(3734, 'Josée', 'Staddom', '1989-01-03', 'F', 84, 369, 0),
(3735, 'Maëline', 'Burkett', '1994-06-08', 'M', 5, 639, 0),
(3736, 'Adélie', 'Corkhill', NULL, 'M', 67, 444, 0),
(3737, 'Léandre', 'Cowlard', '1964-02-09', 'M', 39, 74, 0),
(3738, 'Görel', 'Mc Menamin', '2000-07-27', 'F', 89, 432, 0),
(3739, 'Gwenaëlle', 'Jiras', '1973-07-07', 'M', 111, 576, 0),
(3740, 'Loïs', 'Jude', '1982-12-14', 'M', 104, 335, 0),
(3741, 'Maïwenn', 'Killelea', '2005-11-01', 'F', 136, 106, 0),
(3742, 'Méng', 'Divina', '1960-11-18', 'M', 89, 712, 0),
(3743, 'Thérèse', 'Gostyke', '1963-05-01', 'M', 127, 553, 0),
(3744, 'Maëline', 'Jimson', '1973-09-20', 'M', 100, 320, 0),
(3745, 'Cléopatre', 'Brownbridge', NULL, 'F', 39, 448, 0),
(3746, 'Aurélie', 'Sebrook', '1972-01-24', 'F', 133, 724, 0),
(3747, 'Léonore', 'Fillery', '2004-01-27', 'F', 44, 513, 0),
(3748, 'Athéna', 'Vondracek', '1956-02-08', 'M', 54, NULL, 1),
(3749, 'Aurélie', 'McGilben', '1968-12-31', 'M', 130, 406, 0),
(3750, 'Håkan', 'Sturley', '2005-05-20', 'M', 143, 722, 0),
(3751, 'Liè', 'McKinna', '1986-05-22', 'F', 49, 297, 0),
(3752, 'Andréa', 'Ovendon', '1998-06-19', 'F', 85, 18, 0),
(3753, 'Noëlla', 'Rolf', '1985-07-28', 'M', 111, 421, 0),
(3754, 'Méthode', 'Durbridge', '1964-06-13', 'F', NULL, 271, 0),
(3755, 'Maïly', 'Shoulders', '2005-09-24', 'F', 2, 773, 0),
(3756, 'Mårten', 'Schultheiss', '1950-03-10', 'M', 148, 433, 0),
(3757, 'Geneviève', 'Atack', '1980-05-30', 'F', 29, 747, 0),
(3758, 'Cinéma', 'Pyner', '2005-02-05', 'M', 100, 415, 0),
(3759, 'Océane', 'Lambden', '2001-02-09', 'M', 46, 215, 0),
(3760, 'Nadège', 'Finlow', '1994-04-24', 'M', 92, 146, 0),
(3761, 'Annotés', 'Sauven', '1967-08-14', 'M', 84, 753, 0),
(3762, 'Simplifiés', 'Roaf', NULL, 'F', 83, 520, 0),
(3763, 'Maéna', 'Stredwick', '1978-06-14', NULL, 46, 646, 0),
(3764, 'Andréa', 'Shimmin', '2002-01-02', 'F', 32, 304, 0),
(3765, 'Michèle', 'Giddy', NULL, 'M', 152, 44, 0),
(3766, 'Vénus', 'Firebrace', '1960-04-19', 'M', 110, 546, 0),
(3767, 'Régine', 'Batkin', NULL, 'M', 69, 271, 0),
(3768, 'Pélagie', 'Rossborough', '1993-07-27', 'M', 6, 297, 0),
(3769, 'Rébecca', 'Hamsson', '1962-06-10', 'F', 85, 523, 0),
(3770, 'Thérèsa', 'Hawkins', '1953-09-22', 'M', 93, 102, 0),
(3771, 'Maéna', 'Fannon', '1954-07-12', 'M', 145, 150, 0),
(3772, 'Marylène', 'O\'Shevlin', '1981-04-27', 'M', 84, 608, 0),
(3773, 'Cléa', 'Ambrosoli', '1952-04-14', 'F', 8, 258, 0),
(3774, 'Stéphanie', 'Swadlinge', '1953-02-25', 'F', NULL, 580, 0),
(3775, 'Célia', 'Dickson', '1965-04-29', 'F', 58, NULL, 0),
(3776, 'Clémentine', 'Cray', '1987-01-02', 'F', 67, 767, 0),
(3777, 'Mylène', 'Dur', '1990-04-02', 'M', NULL, 433, 0),
(3778, 'Marie-noël', 'Noseworthy', '1972-07-06', 'M', 89, 307, 0),
(3779, 'Océane', 'Got', '1993-03-19', 'F', 2, 489, 0),
(3780, 'Maïwenn', 'Kohneke', '1970-10-03', 'F', 106, 47, 0),
(3781, 'Yénora', 'Riddell', '1967-09-09', 'M', 143, 564, 0),
(3782, 'Léone', 'Pickover', '1994-10-23', 'F', 136, 600, 0),
(3783, 'Méng', 'Clegg', '1974-06-30', 'M', 13, 432, 0),
(3784, 'Noëlla', 'Flude', '1950-01-20', 'F', 110, 107, 0),
(3785, 'Pål', 'O\'Devey', '1968-02-15', 'M', 111, 128, 0),
(3786, 'Mårten', 'Pickerin', '1982-05-29', 'F', 96, 627, 0),
(3787, 'Solène', 'Mathelon', '1961-08-19', 'M', 125, 201, 0),
(3788, 'Mélys', 'Golthorpp', '1987-10-08', 'F', 40, 647, 0),
(3789, 'Aurélie', 'Slingsby', '1956-08-24', 'M', 96, 27, 0),
(3790, 'Michèle', 'Housbey', '1971-06-17', 'M', 22, 51, 0),
(3791, 'Adèle', 'Kmietsch', '1973-03-08', 'F', 31, 466, 0),
(3792, 'Örjan', 'Karp', '1966-09-01', 'M', 36, 36, 0),
(3793, 'Publicité', 'Reynish', '1958-07-28', 'M', 28, 249, 0),
(3794, 'Mélia', 'Younghusband', '1967-04-30', 'F', NULL, 60, 0),
(3795, 'Françoise', 'Strother', NULL, 'M', 116, 130, 0),
(3796, 'Daphnée', 'Buzza', '1989-11-06', 'F', 153, 467, 0),
(3797, 'Noëlla', 'Ivanishchev', '1965-09-30', 'M', 131, 744, 0),
(3798, 'Pål', 'Charette', '1957-01-22', 'M', 59, 278, 0),
(3799, 'Kuí', 'Vickress', '2002-04-06', 'M', NULL, 469, 0),
(3800, 'Célia', 'Stanger', '1980-10-23', 'F', 124, 623, 0),
(3801, 'Dà', 'Carlon', '1985-12-24', 'F', 117, 513, 0),
(3802, 'Maéna', 'Missen', NULL, 'M', 63, 689, 0),
(3803, 'Méthode', 'Brothers', '1953-06-07', 'M', 16, 208, 0),
(3804, 'Publicité', 'Rousell', '1970-06-27', 'F', 87, 500, 0),
(3805, 'Hélèna', 'Grzelak', NULL, 'F', 133, 646, 0),
(3806, 'Mårten', 'Boness', '1963-12-28', 'M', 147, 62, 0),
(3807, 'Judicaël', 'McCowen', '1974-06-02', 'M', 63, 566, 0),
(3808, 'Táng', 'Tyrone', '1989-11-07', 'M', 128, 786, 0),
(3809, 'Danièle', 'Husher', '1986-07-26', 'M', 83, 648, 0),
(3810, 'Maï', 'Mushett', '1991-07-25', 'F', 104, 720, 0),
(3811, 'Maïlis', 'Fyall', '1954-12-16', 'M', 111, 660, 0),
(3812, 'Céline', 'Petkov', '2003-10-22', 'M', 75, 485, 0),
(3813, 'Eléa', 'Cuseick', '2004-03-19', 'M', 134, 448, 0),
(3814, 'Marie-thérèse', 'Lotze', '1996-09-25', 'M', 76, 37, 0),
(3815, 'Hélèna', 'Larkin', '1974-01-13', 'M', 45, 192, 0),
(3816, 'Estève', 'Ostler', '1962-09-12', 'M', 132, 370, 0),
(3817, 'Vérane', 'Bezzant', '1973-12-10', 'F', 133, 109, 0),
(3818, 'Annotée', 'Tordiffe', '1978-11-28', 'M', 4, 531, 0),
(3819, 'Françoise', 'O\'Dyvoie', '1987-10-15', 'M', 76, 718, 0),
(3820, 'Torbjörn', 'Lakenden', '1983-05-06', 'M', 73, 13, 0),
(3821, 'Océanne', 'Kiltie', '1952-11-03', 'M', 62, 526, 0),
(3822, 'Maïwenn', 'Cottrill', '2001-10-01', 'M', 123, 195, 0),
(3823, 'Agnès', 'Slite', '1975-03-19', 'M', 88, 723, 0),
(3824, 'Réservés', 'Gocke', '1982-01-17', 'F', NULL, 620, 0),
(3825, 'Gwenaëlle', 'Willoughey', '1989-09-04', 'F', 111, 228, 0),
(3826, 'Audréanne', 'Kitter', '1966-12-07', NULL, 45, 243, 0),
(3827, 'Mà', 'Gauntley', '1963-12-17', 'M', 97, 357, 0),
(3828, 'Amélie', 'Watkiss', '1957-04-29', 'M', 53, 173, 0),
(3829, 'Léonore', 'Cotsford', '1972-02-12', 'M', 71, 302, 0),
(3830, 'Hélène', 'MacKenny', NULL, 'M', 54, 11, 0),
(3831, 'Cécilia', 'Hoyt', '1975-07-03', 'M', 78, 48, 0),
(3832, 'Anaëlle', 'Smeeth', '1998-10-29', 'F', 21, 423, 0),
(3833, 'Réjane', 'Velareal', '1988-04-28', NULL, 5, 710, 0),
(3834, 'Maëlle', 'Rilston', '1977-11-03', 'M', 81, 660, 0),
(3835, 'Örjan', 'Jeeks', '1972-08-19', 'M', 78, 15, 0),
(3836, 'Pål', 'Lantiffe', '1978-06-25', 'M', 51, 86, 0),
(3837, 'Maïté', 'McCarry', '2005-12-18', 'M', 29, 127, 0),
(3838, 'Jú', 'Dollin', '1994-12-30', 'F', 136, 544, 0),
(3839, 'Mélinda', 'Manach', '1954-07-22', 'M', 121, 101, 0),
(3840, 'Yè', 'Say', '1956-06-20', 'M', 49, 547, 0),
(3841, 'Illustrée', 'Carnoghan', '1966-05-23', 'M', 78, 174, 0),
(3842, 'Marie-noël', 'Osmant', '1973-09-23', 'M', 124, 144, 0),
(3843, 'Pò', 'Nock', '1973-07-12', 'F', 127, 43, 0),
(3844, 'Gösta', 'Trounce', '1992-07-04', 'M', 13, 303, 0),
(3845, 'Mélodie', 'Robins', '1968-09-27', 'F', 145, 23, 0),
(3846, 'Erwéi', 'Puckring', '1981-03-03', 'M', 5, 508, 0),
(3847, 'Réservés', 'McAuslan', '1986-11-15', 'F', 63, 510, 0),
(3848, 'Solène', 'Demeza', '1961-06-05', 'M', 119, 727, 0),
(3849, 'Yénora', 'Philippault', '1975-02-13', 'F', 138, 599, 0),
(3850, 'Séréna', 'Finlator', NULL, 'F', 100, 478, 0),
(3851, 'Vérane', 'Axelby', '1958-09-05', NULL, 16, 280, 0),
(3852, 'Mårten', 'Hawker', '1956-12-05', NULL, 128, 376, 0),
(3853, 'Alizée', 'Deners', '1990-02-06', 'M', 80, 697, 0),
(3854, 'Lorène', 'Flahy', '1976-12-31', 'F', 134, 637, 0),
(3855, 'Nuó', 'Cleaton', '1970-11-03', 'F', 75, 742, 0),
(3856, 'Daphnée', 'Rothert', '1951-04-04', 'M', 86, 588, 0),
(3857, 'Amélie', 'Wolford', '1968-01-10', 'M', 49, 739, 0),
(3858, 'Léone', 'Whopples', '1964-09-11', 'M', 127, 266, 0),
(3859, 'Nuó', 'McQuaker', NULL, 'M', 37, 561, 0),
(3860, 'Åslög', 'Robbel', '2004-03-16', 'F', 96, 752, 0),
(3861, 'Irène', 'Latan', '1993-08-15', 'M', 119, 644, 0),
(3862, 'Maëlle', 'Coviello', '2000-02-06', 'F', 145, 349, 0),
(3863, 'Angélique', 'Torrijos', '1986-03-01', 'M', 121, 545, 0),
(3864, 'Méghane', 'Blesing', '1987-01-05', NULL, 3, NULL, 0),
(3865, 'Océanne', 'Vaughton', '1985-07-15', 'M', 102, 313, 0),
(3866, 'Célestine', 'Yitzhak', NULL, 'F', 48, 777, 0),
(3867, 'Danièle', 'Hitzke', '2000-08-30', 'F', 45, 698, 0),
(3868, 'Nadège', 'Babbage', '1953-04-27', 'F', 151, 690, 0),
(3869, 'Nadège', 'Jahnel', '1967-11-27', 'M', 45, 766, 0),
(3870, 'Åslög', 'Labarre', '1956-08-30', 'M', 99, 451, 0),
(3871, 'Mà', 'Spiers', NULL, 'F', 68, 720, 0),
(3872, 'Örjan', 'Timblett', '1960-02-27', 'F', 95, 514, 0),
(3873, 'Vénus', 'Brockett', '1974-02-04', 'M', 13, 45, 0),
(3874, 'Andréanne', 'Marchi', NULL, 'F', 46, 427, 0),
(3875, 'Dorothée', 'Sellick', '1960-04-19', 'M', 18, 228, 0),
(3876, 'Gisèle', 'Speariett', '2004-06-15', 'M', 67, 440, 0),
(3877, 'Maëlann', 'Freeborn', '1995-02-17', 'M', 116, 688, 0),
(3878, 'Daphnée', 'Surcomb', '1980-08-29', 'F', 33, 325, 0),
(3879, 'Bérangère', 'Elcoat', '1958-10-06', 'M', 88, 520, 0),
(3880, 'Valérie', 'Turtle', '1964-04-17', 'M', 143, 739, 0),
(3881, 'Lyséa', 'Budnk', '1968-06-11', 'M', 19, 593, 0),
(3882, 'Zhì', 'Langthorne', '2004-10-07', 'F', 132, 669, 0),
(3883, 'Céline', 'Vaughan', '1986-12-16', 'F', 111, 506, 0),
(3884, 'Loïca', 'Tonner', '1992-10-20', 'M', 132, 32, 0),
(3885, 'Eléonore', 'Guswell', '1973-02-16', 'F', 67, 312, 0),
(3886, 'Mégane', 'Masi', '1993-04-11', 'M', 140, 238, 0),
(3887, 'Renée', 'Rorke', '1997-09-06', 'M', 32, 604, 0),
(3888, 'Rachèle', 'Liepina', '1963-10-16', 'F', 40, 192, 0),
(3889, 'Maëlyss', 'Hackin', '1983-10-13', 'F', 86, 735, 0),
(3890, 'Åke', 'Snoad', '1966-12-22', 'F', 12, 167, 0),
(3891, 'Marie-ève', 'Corkitt', '1977-09-17', 'M', 64, 150, 0),
(3892, 'Célia', 'Sarten', '1998-04-18', 'M', 75, 670, 0),
(3893, 'Åslög', 'Rawsen', '1961-09-23', 'M', 152, 798, 0),
(3894, 'Alizée', 'Klimochkin', '1963-09-10', 'M', 85, 329, 0),
(3895, 'Maëlle', 'Duguid', '1970-01-21', 'F', 23, 155, 0),
(3896, 'Anaïs', 'Eustes', '1999-11-30', 'F', 114, 714, 0),
(3897, 'Maëlys', 'Brumbye', '1967-02-01', 'F', 131, 352, 0),
(3898, 'Laïla', 'Warbrick', '1983-02-02', 'F', 85, 768, 0),
(3899, 'Frédérique', 'Brumwell', '1976-10-27', 'F', 105, 167, 0),
(3900, 'Aimée', 'Pirrey', '1994-10-02', 'F', 76, 17, 0),
(3901, 'Estée', 'Fewings', '1958-03-12', 'F', 96, 575, 0),
(3902, 'Maëlys', 'Wherrett', '1983-03-12', 'M', NULL, 387, 0),
(3903, 'Mén', 'Barbour', '1973-05-15', 'M', 90, 269, 0),
(3904, 'Renée', 'Gulley', '1965-02-14', 'M', 122, 622, 0),
(3905, 'Cinéma', 'Trahmel', '2002-10-03', 'M', 104, 148, 0),
(3906, 'Cloé', 'Maeer', '1982-02-22', 'F', 58, 143, 0),
(3907, 'Eloïse', 'Longhorne', '1980-02-16', 'M', 124, 420, 0),
(3908, 'Estève', 'Mayman', '1953-05-03', 'F', 76, NULL, 0),
(3909, 'Véronique', 'Avison', '1951-08-03', 'F', 128, 148, 0),
(3910, 'Uò', 'Staten', '1970-12-30', 'M', 138, 721, 0),
(3911, 'Naëlle', 'Cod', '1980-11-29', 'M', 93, 436, 0),
(3912, 'Léonie', 'Locarno', '1971-08-11', 'M', 102, 782, 0),
(3913, 'Pénélope', 'Thomerson', '1961-08-27', 'M', 19, 538, 0),
(3914, 'Estève', 'MacCaughey', '1966-08-31', 'F', 88, 436, 0),
(3915, 'Edmée', 'McCrann', NULL, 'M', 40, 159, 0),
(3916, 'Bérénice', 'Haig', NULL, 'M', 32, 328, 0),
(3917, 'Lèi', 'Gladhill', NULL, 'F', 134, 46, 0),
(3918, 'Léa', 'Thornewell', '1976-02-13', 'F', 135, 17, 0),
(3919, 'Mélina', 'Golbourn', '1975-05-07', 'F', 148, 500, 0),
(3920, 'Valérie', 'Missenden', '1952-09-24', 'F', 111, 590, 0),
(3921, 'Illustrée', 'Abernethy', '1975-04-01', 'M', 36, 355, 0),
(3922, 'Clélia', 'Lalley', '1955-01-25', 'M', 89, 119, 0),
(3923, 'Publicité', 'Athowe', '1980-12-16', 'M', 55, 453, 0),
(3924, 'Nuó', 'Gallop', '1981-12-09', 'F', 51, 141, 0),
(3925, 'Gaétane', 'Needs', '1981-03-24', 'M', 26, 42, 0),
(3926, 'Geneviève', 'Points', '1991-07-30', 'F', 66, 33, 0),
(3927, 'Naéva', 'Witty', '1977-08-28', 'M', 83, 468, 0),
(3928, 'Bérangère', 'Dallin', '1996-06-01', 'M', 137, 453, 0),
(3929, 'Néhémie', 'Hurst', NULL, 'M', NULL, 672, 0),
(3930, 'Renée', 'Cruickshanks', '1973-01-22', 'F', 10, 126, 0),
(3931, 'Mén', 'McGurgan', '1958-08-07', 'F', 33, 432, 0),
(3932, 'Pò', 'Mohun', '1970-04-21', 'F', 57, 463, 0),
(3933, 'Bénédicte', 'Gringley', '1976-09-09', 'M', 44, 494, 0),
(3934, 'Torbjörn', 'Heyworth', '2004-05-08', 'F', 28, 226, 0),
(3935, 'Gwenaëlle', 'Fettes', '1983-12-30', 'M', 27, 88, 0),
(3936, 'Måns', 'Wavell', '2001-06-05', 'F', 85, 454, 0),
(3937, 'Adélie', 'Koschke', '1987-04-12', 'F', NULL, 286, 0),
(3938, 'Illustrée', 'Rylstone', '1965-01-10', 'F', 2, 257, 0),
(3939, 'Vénus', 'Sankey', '1951-08-09', 'F', 145, 160, 0),
(3940, 'Lén', 'Wilde', '1973-06-07', 'F', 1, 460, 0),
(3941, 'Thérèse', 'Vasyukhichev', '1956-02-20', 'F', 44, 641, 0),
(3942, 'Esbjörn', 'Roust', '1989-03-07', 'M', 65, 435, 0),
(3943, 'Kuí', 'Beevers', '1994-08-14', 'F', 141, 111, 0),
(3944, 'Aloïs', 'Hughland', '1959-05-09', 'F', 56, 483, 0),
(3945, 'Vénus', 'Ibbeson', '2000-05-31', 'M', 17, 721, 0),
(3946, 'Jú', 'Peggs', '1981-07-04', 'M', 87, 268, 0),
(3947, 'Méryl', 'Trownson', '1979-07-18', 'F', 60, 742, 0),
(3948, 'Océane', 'Hagyard', '1996-02-09', 'F', 8, 640, 0),
(3949, 'Laïla', 'Kirsche', '1953-07-12', 'M', 80, 586, 0),
(3950, 'Östen', 'Leaburn', NULL, 'M', 127, 753, 0),
(3951, 'Bérengère', 'McLorinan', '1956-08-17', 'F', 107, 65, 0),
(3952, 'Ráo', 'Wethered', '1975-10-19', 'F', 35, 405, 0),
(3953, 'Maëlyss', 'Ucchino', '1992-05-29', 'M', 96, 483, 0),
(3954, 'Maëlla', 'Lethbrig', '1986-01-30', 'F', 99, 38, 0),
(3955, 'Loïs', 'Meneely', NULL, 'F', NULL, 567, 0),
(3956, 'Håkan', 'Mushett', '2003-10-12', 'F', 37, 49, 0),
(3957, 'Dù', 'De Roeck', '1966-06-28', 'M', 127, 298, 0),
(3958, 'Börje', 'Clayhill', '1974-03-24', 'M', 41, 338, 0),
(3959, 'Léonie', 'De Gregoli', '1973-11-12', 'M', 22, 14, 0),
(3960, 'Frédérique', 'Soldan', '1983-11-11', 'M', 148, 92, 0),
(3961, 'Nadège', 'Brickett', '1966-10-05', 'M', 82, 246, 0),
(3962, 'Aimée', 'Ruddom', '2002-01-29', 'M', 81, 386, 0),
(3963, 'Göran', 'Kyd', '1956-05-14', 'M', 43, 67, 0),
(3964, 'Dà', 'Burgne', '1951-05-14', 'M', 133, 284, 0),
(3965, 'Publicité', 'Scawen', '1965-01-08', 'M', 59, 732, 0),
(3966, 'Eliès', 'Abram', '1990-08-01', 'M', 18, 146, 0),
(3967, 'Léane', 'Thurstance', '1983-08-31', 'F', 137, 490, 0),
(3968, 'Torbjörn', 'Charsley', '1951-02-14', 'M', 91, 767, 0),
(3969, 'Géraldine', 'Ziemecki', '1988-08-27', NULL, 104, 580, 0),
(3970, 'Maëlyss', 'Woodham', '1963-12-05', 'F', 73, 560, 0),
(3971, 'Mà', 'Harriman', '1950-12-07', 'F', 126, 454, 0),
(3972, 'Maïly', 'Kibbe', '1972-08-02', 'M', 104, 539, 0),
(3973, 'Esbjörn', 'McMenamin', NULL, 'F', 131, 392, 0),
(3974, 'Maëlle', 'Baude', '1966-02-09', 'M', 149, 616, 0),
(3975, 'Åslög', 'Doige', '1986-02-05', 'M', 48, 347, 0),
(3976, 'Kallisté', 'Piddletown', '1951-05-02', 'M', 125, 139, 0),
(3977, 'Edmée', 'Sprott', '1967-01-25', 'M', NULL, 620, 0),
(3978, 'Régine', 'Gerlack', '1980-12-16', 'M', 56, 1, 0),
(3979, 'Lèi', 'Quinell', '1994-12-27', 'M', 50, 511, 0),
(3980, 'Mélia', 'Danielsen', '1989-09-26', 'M', 91, 203, 0),
(3981, 'Mélys', 'Noods', '1957-11-21', 'M', 86, 24, 0),
(3982, 'Sélène', 'Dugald', '1988-01-24', 'M', 86, 464, 0),
(3983, 'Styrbjörn', 'Lucius', '2004-03-05', 'M', 124, 477, 0),
(3984, 'Audréanne', 'Pedel', '2000-11-07', 'M', 129, 596, 0),
(3985, 'Véronique', 'Eringey', '1967-12-26', 'M', 64, 688, 0),
(3986, 'Aloïs', 'Jakoubek', '1959-09-14', 'F', NULL, 8, 0),
(3987, 'Tán', 'Boulton', '1950-10-28', 'F', 72, 524, 0),
(3988, 'Eliès', 'Gallo', '1954-02-17', 'M', 96, 364, 0),
(3989, 'Noëlla', 'Quinane', '2004-08-18', 'M', 95, 464, 0),
(3990, 'Marie-josée', 'McCreery', '1955-03-15', 'F', 129, 11, 0),
(3991, 'Méline', 'Devonish', '1998-03-20', 'F', 54, 547, 0),
(3992, 'Audréanne', 'Filipputti', '1996-07-06', 'M', 132, 31, 0),
(3993, 'Mårten', 'Bartomeu', '1980-07-05', 'F', 15, 142, 0),
(3994, 'Maëlann', 'Boshard', '1982-06-14', 'F', 58, 91, 0),
(3995, 'Josée', 'Kippling', '1968-03-07', 'F', 29, 697, 0),
(3996, 'Valérie', 'Janodet', '1974-02-07', 'F', 75, 131, 0),
(3997, 'Cléopatre', 'Crayden', NULL, 'M', 134, 77, 0),
(3998, 'Estée', 'Bengtsson', '1981-06-21', 'F', 102, 334, 0),
(3999, 'Clémence', 'Hayzer', '1987-06-24', 'M', 144, 735, 0),
(4000, 'Stévina', 'Posthill', '2003-05-12', 'F', 12, 791, 0),
(4001, 'Liè', 'Gillott', '1985-12-29', 'M', 100, 550, 0),
(4002, 'André', 'Gonzales', '1950-12-11', 'F', 108, 98, 0),
(4003, 'Naëlle', 'Lasslett', '1964-09-19', 'M', 26, 73, 0),
(4004, 'Naéva', 'Reglar', '1991-10-14', 'M', 12, 683, 0),
(4005, 'Lóng', 'Plews', '2003-04-03', 'F', 68, 121, 0),
(4006, 'Eugénie', 'Broszkiewicz', '1954-08-25', 'M', 11, 668, 0),
(4007, 'Danièle', 'Meah', '2002-10-09', 'F', 28, 151, 0),
(4008, 'Clémence', 'Norrey', NULL, 'M', 38, 101, 0),
(4009, 'Dafnée', 'Verdy', '1986-01-08', 'F', 69, 129, 0),
(4010, 'Mårten', 'Thomelin', '2002-03-28', 'F', 147, 506, 0),
(4011, 'Geneviève', 'Tooting', '1981-09-01', 'F', 64, 185, 0),
(4012, 'Mélina', 'Shrubb', '1967-10-19', 'M', 43, 629, 0),
(4013, 'Pénélope', 'Urey', NULL, 'M', 132, 743, 0),
(4014, 'Méline', 'Mosley', '1952-12-31', 'M', 93, 23, 0),
(4015, 'Zhì', 'Rogier', '1973-09-12', 'F', 149, 604, 0),
(4016, 'Zoé', 'Impy', '1963-07-17', 'F', 25, 405, 0),
(4017, 'Aurélie', 'Slatford', '1980-08-04', 'F', 36, 33, 0),
(4018, 'Vénus', 'Locke', '1992-07-21', 'F', 88, 76, 0),
(4019, 'Néhémie', 'Keningley', '1985-11-27', 'M', 142, 163, 0),
(4020, 'Léa', 'Hamblington', '1952-09-11', 'F', 22, 704, 0),
(4021, 'Måns', 'Miroy', NULL, 'M', 41, 511, 0),
(4022, 'Véronique', 'Tewes', '1987-07-06', 'M', 52, 240, 0),
(4023, 'Méthode', 'Haskell', '1975-04-18', 'M', 7, 380, 0),
(4024, 'Régine', 'Slessar', '1957-11-05', 'F', 144, 330, 0),
(4025, 'Håkan', 'Cackett', NULL, 'F', 29, 161, 0),
(4026, 'Joséphine', 'Blunsen', '1983-09-04', 'F', 75, 691, 0),
(4027, 'Maïlis', 'Ambrogioli', '1988-11-12', 'M', 24, 792, 0),
(4028, 'Léandre', 'Windrus', NULL, 'M', NULL, 200, 0),
(4029, 'Dà', 'Nibloe', '1986-03-11', 'F', 93, 629, 0),
(4030, 'Stévina', 'Djorvic', NULL, 'F', 88, 296, 0),
(4031, 'Maïlys', 'Rosenbush', '1973-11-28', 'M', 133, 230, 0),
(4032, 'Börje', 'Rudsdell', NULL, 'M', 23, 50, 0),
(4033, 'Garçon', 'Coade', '1968-02-12', 'F', 139, 355, 0),
(4034, 'Maëlyss', 'Ilem', '1979-06-18', 'F', 32, 653, 0),
(4035, 'Marie-thérèse', 'Rearden', '1963-08-03', 'F', NULL, 404, 0),
(4036, 'Clémence', 'Pursglove', '2005-02-03', 'M', 76, 272, 0),
(4037, 'Adèle', 'Cassey', '1972-07-23', 'F', 139, 189, 0),
(4038, 'Léonie', 'Stanford', '1999-06-09', 'M', 125, 47, 0),
(4039, 'Örjan', 'Genese', '1990-05-10', 'F', 76, 435, 0),
(4040, 'Lén', 'Horley', '1981-08-13', 'F', 132, 705, 0),
(4041, 'Maëlys', 'MacTrustie', '2003-07-23', 'F', 23, 11, 0),
(4042, 'Mà', 'Sheldon', '1998-09-09', 'F', 11, 649, 0),
(4043, 'Uò', 'Durrad', '2001-03-08', 'M', 67, 242, 0),
(4044, 'Danièle', 'Moncrieffe', '2004-05-23', 'F', 37, 176, 0),
(4045, 'Loïc', 'Stapels', '1984-12-25', 'F', 84, 414, 0),
(4046, 'Marie-thérèse', 'Beynon', '2004-12-30', 'M', 106, 767, 0),
(4047, 'Bérengère', 'Kalberer', '1974-12-08', 'F', 46, 668, 0),
(4048, 'Bérengère', 'Bedbrough', '1975-01-26', 'M', 52, 59, 0),
(4049, 'Méryl', 'Snassell', NULL, 'M', 97, 390, 0),
(4050, 'Séverine', 'Itzik', '1985-04-03', 'F', 148, 284, 0),
(4051, 'Noëlla', 'Varvara', '1989-12-15', 'F', 39, 577, 0),
(4052, 'Edmée', 'Knevet', '1958-01-27', 'M', 149, 61, 0),
(4053, 'Gösta', 'Orchard', '1962-11-21', 'M', 22, 223, 0),
(4054, 'Ophélie', 'Roelofs', '1988-01-07', 'M', 136, 417, 0),
(4055, 'Agnès', 'Beards', '1967-01-01', 'F', 19, 26, 0),
(4056, 'Marie-françoise', 'Morant', '2000-10-11', 'F', 12, 1, 0),
(4057, 'Björn', 'Gaylor', '1997-01-14', 'F', 98, 470, 0),
(4058, 'Måns', 'Tirte', '1973-06-23', 'M', 14, 581, 0),
(4059, 'Michèle', 'Neenan', '1963-03-02', 'M', 92, 219, 0),
(4060, 'Annotés', 'Guilder', '1976-05-09', 'M', 138, 389, 0),
(4061, 'Léana', 'Casaccio', '1960-06-15', 'M', 73, 296, 0),
(4062, 'Estève', 'Ivantyev', '1955-07-04', 'F', 7, 511, 0),
(4063, 'Annotés', 'Jobbings', '1971-02-08', 'M', 24, 359, 0),
(4064, 'Thérèsa', 'Rudolfer', '1971-10-26', NULL, 121, 569, 0),
(4065, 'Hélèna', 'Blenkin', '1972-11-05', 'M', 41, 241, 0),
(4066, 'Lauréna', 'Staniford', '1986-03-22', 'M', 17, 690, 0),
(4067, 'Maëlyss', 'Keatley', '1973-07-15', 'F', 69, 24, 0),
(4068, 'Thérèse', 'Duxbarry', '1959-11-25', 'M', NULL, 347, 0),
(4069, 'Réservés', 'Lapthorne', NULL, 'F', 38, 718, 0),
(4070, 'Lén', 'Bacup', '1988-10-15', 'M', 3, 312, 0),
(4071, 'Naéva', 'Saundercock', NULL, 'F', 28, 591, 0),
(4072, 'Noëlla', 'Domenici', '1999-10-31', 'F', 11, 166, 0),
(4073, 'Andréa', 'Arrell', '1998-03-22', 'F', NULL, 640, 0),
(4074, 'Eloïse', 'Collins', '1986-04-12', 'M', 49, 415, 0),
(4075, 'Méline', 'Dowears', '1993-03-28', 'F', 111, 229, 0),
(4076, 'Réservés', 'Atchly', '1969-01-02', 'M', 98, 563, 0),
(4077, 'Wá', 'Guinness', '1980-04-01', 'F', 33, 722, 0),
(4078, 'Maëline', 'Raye', '1969-01-02', 'F', 79, 278, 0),
(4079, 'Loïs', 'Anneslie', '2004-06-29', 'F', 42, 122, 0),
(4080, 'Yáo', 'Atrill', '1992-10-23', 'M', 7, 592, 0),
(4081, 'Maëlann', 'Fladgate', '1966-11-11', 'F', 45, 769, 0),
(4082, 'Håkan', 'Walford', '1969-07-19', 'F', 110, 419, 0),
(4083, 'Crééz', 'Nealand', '1955-06-30', 'M', 10, 700, 0),
(4084, 'Ruò', 'Musker', '1988-05-24', 'F', 120, 194, 0),
(4085, 'Joséphine', 'Cunnington', '1965-03-19', 'F', 43, 467, 0),
(4086, 'Chloé', 'Lemonby', '1963-10-03', 'F', 102, 667, 0),
(4087, 'Cléa', 'Bollom', '1997-10-19', 'F', 1, 7, 0),
(4088, 'Laurélie', 'Murtagh', '1990-12-24', 'M', NULL, 239, 0),
(4089, 'Michèle', 'Bussons', '1972-10-21', 'M', 149, 307, 0),
(4090, 'Cloé', 'Bourhill', '1993-11-08', 'F', 108, 163, 0),
(4091, 'Mårten', 'Snasdell', '1989-03-09', 'F', 35, 321, 0),
(4092, 'Séverine', 'Roose', '1992-11-19', 'M', 59, 635, 0),
(4093, 'Léa', 'Sebire', '1982-01-24', 'M', 132, 372, 0),
(4094, 'Mélys', 'Greggor', '1986-09-27', 'M', 127, 152, 0),
(4095, 'Ophélie', 'Lidbetter', '1967-04-18', 'M', 89, 639, 0),
(4096, 'Gaétane', 'Thouless', '1971-05-28', 'F', 5, 53, 0),
(4097, 'Cécile', 'De Lorenzo', '1996-09-10', 'F', 43, 194, 0),
(4098, 'Marlène', 'Damp', '1979-06-04', 'M', 68, 310, 0),
(4099, 'Lauréna', 'Redparth', '1958-10-13', 'M', 129, 495, 0),
(4100, 'Océanne', 'Broadfoot', '2001-06-12', 'F', 31, 727, 0),
(4101, 'Anaël', 'Digginson', '1973-09-02', 'M', 143, 82, 0),
(4102, 'Léane', 'Tour', '1978-11-12', 'F', 68, 457, 0),
(4103, 'Daphnée', 'Axcel', '1955-02-04', 'M', NULL, 424, 0),
(4104, 'Maéna', 'Kayes', '2005-08-10', 'F', 112, 770, 0),
(4105, 'Léa', 'Gittoes', NULL, 'M', 136, 535, 0),
(4106, 'Andréa', 'Trehearn', '1973-06-28', 'F', 67, 457, 0),
(4107, 'Gaétane', 'Penas', '1977-12-26', 'M', 91, 461, 0),
(4108, 'Léa', 'Lewsey', '1953-04-12', 'M', 20, 297, 0),
(4109, 'Tú', 'Bedo', NULL, 'F', 34, 537, 0),
(4110, 'Torbjörn', 'Hardacre', '2003-01-27', 'F', 78, 680, 0),
(4111, 'Françoise', 'Jellico', '1983-03-14', 'M', 55, 126, 0),
(4112, 'Marylène', 'Oxteby', '1992-09-30', 'F', 43, 522, 0),
(4113, 'Clélia', 'Petegre', '1988-09-03', 'M', 2, 655, 0),
(4114, 'Angélique', 'Di Frisco', '1961-04-05', 'F', 101, 371, 0),
(4115, 'Yè', 'Dunks', NULL, 'F', 51, 54, 0),
(4116, 'Valérie', 'Mirfield', '1980-01-11', 'F', 147, 434, 0),
(4117, 'Cinéma', 'Maylott', '1977-10-22', 'F', 94, 257, 0),
(4118, 'Estève', 'Emig', '2002-12-14', 'M', NULL, 343, 0),
(4119, 'Médiamass', 'Vitte', '1952-05-06', 'M', 148, 100, 0),
(4120, 'Nadège', 'McQuilkin', '1984-08-18', 'M', 77, 329, 0),
(4121, 'Sélène', 'Dishman', '1951-12-06', 'F', 140, NULL, 0),
(4122, 'Ophélie', 'Iaduccelli', '1982-05-26', 'F', 43, 6, 0),
(4123, 'Sòng', 'Lonnon', '1985-11-06', 'F', 50, 203, 0),
(4124, 'Eugénie', 'Impey', '1975-07-02', 'M', 56, 378, 0),
(4125, 'Camélia', 'Matusevich', '1990-07-06', 'M', 52, 233, 0),
(4126, 'Nadège', 'Bloor', '1980-08-16', NULL, 25, 106, 0),
(4127, 'Andréanne', 'Belt', '1963-04-26', 'M', 34, 596, 0),
(4128, 'Östen', 'Fullicks', '1979-11-08', 'M', 81, 426, 0),
(4129, 'Agnès', 'Hyatt', '1965-02-16', 'F', 97, NULL, 0),
(4130, 'Liè', 'Goodlet', '1972-08-31', 'F', 103, 482, 0),
(4131, 'Salomé', 'Booi', NULL, 'F', NULL, 62, 0),
(4132, 'Yè', 'Asif', '1994-06-21', 'F', 127, 122, 0),
(4133, 'Vénus', 'Lemon', '1966-11-15', 'M', 7, 283, 0),
(4134, 'Mélia', 'Kearn', '1952-01-16', 'F', 5, 729, 0),
(4135, 'Alizée', 'Moden', NULL, 'F', 56, 579, 0),
(4136, 'André', 'O\'Keefe', '1987-10-03', 'F', 38, 148, 0),
(4137, 'Noëlla', 'Lettson', '1966-10-11', 'M', 19, 693, 0),
(4138, 'Mélanie', 'Slafford', '1957-09-19', 'F', NULL, 1, 0),
(4139, 'Pò', 'Ensor', '1969-03-01', 'M', NULL, 547, 0),
(4140, 'Liè', 'Lindroos', '1991-04-16', 'M', 139, 6, 0),
(4141, 'Faîtes', 'Siuda', '1990-01-15', 'F', 92, 583, 0),
(4142, 'Léana', 'Headrick', '1959-03-19', 'M', 2, 783, 0),
(4143, 'Lén', 'Winterbourne', '1975-03-12', 'F', 29, 203, 0),
(4144, 'Yóu', 'Greedier', '1959-06-16', 'M', 69, 746, 0),
(4145, 'Jú', 'Whitta', '2002-10-18', 'M', 10, 591, 0),
(4146, 'Andréa', 'Syalvester', '1996-06-28', 'M', 77, 215, 0),
(4147, 'Rébecca', 'Pargetter', '1962-07-29', 'M', 55, 206, 0),
(4148, 'Lauréna', 'Sibbson', '1992-04-11', 'M', 14, 653, 0),
(4149, 'Ruì', 'Huxham', '1997-08-22', 'F', 100, 449, 0),
(4150, 'Kallisté', 'Arkle', NULL, 'M', 5, 393, 0),
(4151, 'Audréanne', 'Harsnep', '1984-04-25', 'M', 70, 29, 0),
(4152, 'Méng', 'Godlee', '1954-06-26', 'M', 106, 204, 0),
(4153, 'Maëlla', 'Rouff', '1952-04-18', 'M', 108, 262, 0),
(4154, 'Athéna', 'Malletratt', '2003-12-03', 'F', 101, 540, 0),
(4155, 'Eliès', 'Cuffe', NULL, 'M', 117, 162, 0),
(4156, 'Yè', 'Knellen', '1960-04-14', 'F', 18, 47, 0),
(4157, 'Amélie', 'Bautiste', '1950-08-11', 'F', 32, 254, 0),
(4158, 'Félicie', 'Jewise', '1976-08-14', 'M', 123, 464, 0),
(4159, 'Eléonore', 'Dyott', '1971-04-28', 'M', 116, 328, 0),
(4160, 'Mélina', 'Jenkison', '2000-11-18', 'M', 137, 139, 0),
(4161, 'Dorothée', 'Piotrkowski', '2004-08-22', 'F', NULL, 375, 0),
(4162, 'Garçon', 'Fisbey', '1971-11-30', 'F', 1, 421, 0),
(4163, 'Pò', 'Flode', '1963-05-09', 'M', 79, 574, 0),
(4164, 'Stévina', 'Izzett', '1987-02-25', 'M', 71, 643, 0),
(4165, 'Torbjörn', 'Hoy', '1995-03-18', 'F', 78, 597, 0),
(4166, 'Maëlyss', 'McGray', '1978-01-15', 'F', 24, 443, 0),
(4167, 'Yáo', 'Hincks', '1981-01-21', 'M', 15, 294, 0),
(4168, 'Pò', 'Rubenczyk', '1956-03-02', 'M', 114, 485, 0),
(4169, 'Simplifiés', 'Bisseker', '1990-06-22', 'F', 143, 423, 0),
(4170, 'Gaétane', 'Shinfield', '1965-02-23', 'M', 2, 267, 0),
(4171, 'Rébecca', 'Libreros', '1964-02-15', 'M', 55, 765, 0),
(4172, 'Béatrice', 'Rheam', '1989-01-23', 'F', 129, 551, 0),
(4173, 'Léone', 'Augustin', '1964-10-18', 'F', 105, 279, 0),
(4174, 'Åslög', 'Dibben', '1986-03-23', 'M', 121, 610, 0),
(4175, 'Maïly', 'Muselli', '1988-11-02', 'M', 65, 448, 0),
(4176, 'Méline', 'Elsay', '1957-11-27', 'F', 24, 323, 0),
(4177, 'Yè', 'Di Maggio', '2001-09-05', 'M', 106, 738, 0),
(4178, 'Pénélope', 'Armand', '1982-01-26', 'M', 42, 164, 0),
(4179, 'Gösta', 'Zywicki', '2001-01-26', 'M', 72, 426, 0),
(4180, 'Åslög', 'McCurrie', '1962-07-12', 'M', NULL, 724, 0),
(4181, 'Stéphanie', 'Tunnoch', '1996-11-23', 'F', 76, 574, 0),
(4182, 'Athéna', 'Gwinn', '1973-05-01', 'F', 29, 54, 0),
(4183, 'Amélie', 'Dencs', '2003-09-30', 'F', 151, 798, 0),
(4184, 'Bérengère', 'Brigg', '1958-01-24', 'F', 50, 548, 0),
(4185, 'Maëly', 'Castane', '2002-09-06', 'F', 55, 700, 0),
(4186, 'Réservés', 'Gordon-Giles', '1981-11-27', 'M', 11, 56, 0),
(4187, 'Mén', 'Vonasek', '1965-08-12', 'M', 146, 798, 0),
(4188, 'Laïla', 'Kendred', '1971-03-19', 'F', 59, 391, 0),
(4189, 'Dà', 'Kleisel', '1986-08-28', 'M', 73, 342, 0),
(4190, 'Annotée', 'Jacobovitz', '1951-05-26', 'M', 110, 629, 0),
(4191, 'Dà', 'Kindell', '1963-09-16', 'M', NULL, 233, 0),
(4192, 'Régine', 'Gossipin', '1976-10-10', 'F', 63, 185, 0),
(4193, 'Thérèsa', 'Southam', '1952-10-02', 'F', 137, 124, 0),
(4194, 'Aí', 'Cahen', '1977-05-04', 'M', 72, 745, 0),
(4195, 'Maï', 'Honnan', '1977-03-04', 'F', 145, 770, 0),
(4196, 'Yáo', 'Marchington', '1953-12-06', 'F', 78, 550, 0),
(4197, 'Bérengère', 'Sellack', '1958-08-30', 'M', 67, NULL, 1),
(4198, 'Andrée', 'Checo', '2004-01-31', 'M', 97, 196, 0),
(4199, 'Lài', 'Lamperti', '2003-02-22', 'F', 116, 139, 0),
(4200, 'Mélia', 'Tinton', '1974-01-31', 'F', 83, 691, 0),
(4201, 'Dafnée', 'Luno', '1988-11-12', 'M', NULL, 592, 0),
(4202, 'Nadège', 'Wedmore', '1956-12-26', 'M', 135, 751, 0),
(4203, 'Marie-noël', 'Vallack', '1999-08-01', 'F', 46, 182, 0),
(4204, 'Jú', 'Defond', '1980-12-14', 'F', 147, 570, 0),
(4205, 'Illustrée', 'McKeating', '1979-07-01', 'F', 59, 459, 0),
(4206, 'Yú', 'Cadogan', '1972-06-22', 'F', 108, NULL, 0),
(4207, 'Cléa', 'Chennells', '1981-03-28', 'F', NULL, 611, 0),
(4208, 'Åslög', 'Grasner', '1957-07-31', 'F', 111, 550, 0),
(4209, 'Athéna', 'Hugonneau', '1955-11-20', 'M', 99, 723, 0),
(4210, 'Liè', 'Muino', '1964-06-12', 'M', 115, 682, 0),
(4211, 'Valérie', 'Loveless', '1988-11-28', 'F', 18, 705, 0),
(4212, 'Uò', 'Mulkerrins', '1998-03-05', 'F', 43, 222, 0),
(4213, 'Lucrèce', 'Bromehead', '1976-07-01', 'F', 110, 616, 0),
(4214, 'Maïly', 'MacIlory', '1953-06-28', 'F', 114, 382, 0),
(4215, 'Célestine', 'Branigan', '2000-03-28', 'M', 17, 221, 0),
(4216, 'Méline', 'Dangerfield', '1952-07-06', 'F', 110, 540, 0),
(4217, 'Styrbjörn', 'O\' Hogan', '1968-01-26', 'F', 146, 488, 0),
(4218, 'Yóu', 'Dorricott', '1977-01-03', 'M', 129, 264, 0),
(4219, 'Gaétane', 'Beacom', '1960-05-01', 'F', 109, 346, 0),
(4220, 'Réservés', 'Turland', '1989-10-22', 'F', 135, 578, 0),
(4221, 'Anaëlle', 'Jinkins', '1954-07-07', 'F', 20, 496, 0),
(4222, 'Marie-françoise', 'Shemmin', '1974-11-20', 'M', 87, 36, 0),
(4223, 'Eliès', 'Andrysiak', '1965-01-08', 'F', 99, 440, 0),
(4224, 'Rachèle', 'Cossins', NULL, 'F', 106, 528, 0),
(4225, 'Séverine', 'Bussons', '1978-06-25', 'M', 82, 13, 0),
(4226, 'Pélagie', 'Swede', '1962-08-11', 'F', 75, 185, 0),
(4227, 'Léana', 'Chapiro', '1991-01-15', 'F', NULL, 115, 0),
(4228, 'Zoé', 'Stallworthy', '1985-07-02', 'M', 68, 466, 0),
(4229, 'Mélina', 'Symington', '1997-02-24', 'F', 120, 743, 0),
(4230, 'Séverine', 'Gunter', '2005-05-16', 'M', 67, 57, 0),
(4231, 'Rachèle', 'Gasquoine', '1970-11-09', 'M', 97, 88, 0),
(4232, 'Léane', 'Kitt', '1976-01-02', 'F', 98, 249, 0),
(4233, 'Yénora', 'Ferencz', '1982-06-01', 'F', 98, 665, 0),
(4234, 'Maïté', 'Toffler', '1968-06-23', 'F', 66, 310, 0),
(4235, 'Märta', 'Vedyashkin', '1997-07-04', 'M', 139, 716, 0),
(4236, 'Médiamass', 'Mineghelli', '1971-10-12', 'M', 135, 769, 0),
(4237, 'Miléna', 'Grise', '1953-02-27', 'F', 76, 562, 0),
(4238, 'Faîtes', 'Otton', '1997-12-20', 'M', NULL, 748, 0),
(4239, 'Cléa', 'Jeffels', '1951-08-12', 'M', 108, 130, 0),
(4240, 'Daphnée', 'Champe', '1979-12-23', 'M', 120, 531, 0),
(4241, 'Yénora', 'Domini', '1961-12-22', 'F', 89, 472, 0),
(4242, 'Gaïa', 'Haworth', '1963-12-24', 'F', 122, 199, 0),
(4243, 'Bérengère', 'Armstead', '1998-12-30', 'M', 45, 405, 0),
(4244, 'Françoise', 'Cheeney', NULL, 'M', 152, 584, 0),
(4245, 'Sélène', 'Twelve', '1980-12-06', 'M', 32, 189, 0),
(4246, 'Marylène', 'O\'Cosgra', NULL, 'F', NULL, 607, 0),
(4247, 'Mégane', 'Ffoulkes', '1965-07-04', 'F', 63, 159, 0),
(4248, 'Béatrice', 'Schroder', '1985-11-24', 'M', 25, 257, 0),
(4249, 'Mén', 'Lightowler', '2002-07-11', 'F', 90, 563, 0),
(4250, 'Maëlle', 'Gartan', '1955-02-26', 'M', 88, 393, 0),
(4251, 'Maëlys', 'Gouldstone', NULL, 'F', 10, 472, 0),
(4252, 'Béatrice', 'Standingford', '1998-08-15', 'F', 115, 648, 0),
(4253, 'Françoise', 'Ling', '1975-06-01', 'M', 71, 186, 0),
(4254, 'Lorène', 'McBain', '1971-02-02', 'M', 139, 378, 0),
(4255, 'Anaëlle', 'Habble', '1965-05-28', 'M', 110, 693, 0),
(4256, 'Mahélie', 'Drowsfield', '1964-04-17', 'M', 41, 510, 0),
(4257, 'Naéva', 'Slane', '1984-03-27', 'M', 49, 380, 0),
(4258, 'Athéna', 'O\'Tuohy', '2001-10-20', 'M', 21, 626, 0),
(4259, 'Maïwenn', 'Yakunchikov', '1965-12-27', 'F', 150, 589, 0),
(4260, 'Adélaïde', 'Gotch', NULL, 'M', 81, 152, 0),
(4261, 'Pélagie', 'Bernardeschi', NULL, 'F', 42, 626, 0),
(4262, 'Mà', 'Fosberry', '1977-08-21', 'F', 25, 118, 0),
(4263, 'Åslög', 'Bruna', '1973-12-03', 'M', 116, 153, 0),
(4264, 'Renée', 'MacColl', '1987-02-04', 'M', 113, 694, 0),
(4265, 'Solène', 'Dwire', '1954-01-02', 'F', 127, 245, 0),
(4266, 'Léonore', 'Craven', '1997-05-07', 'F', 28, 184, 0),
(4267, 'Laurélie', 'Beebee', '1972-12-04', 'M', 65, 771, 0),
(4268, 'Cécile', 'Jessop', '1981-03-21', 'M', 85, 305, 0),
(4269, 'Bécassine', 'Colby', '1999-01-09', 'M', 14, 732, 0),
(4270, 'Mylène', 'Saffell', '1961-02-12', 'M', NULL, 621, 0),
(4271, 'Salomé', 'Thomasson', '1955-08-06', 'F', NULL, 438, 0),
(4272, 'Maëlys', 'Rays', '1966-12-17', 'F', 98, 163, 0),
(4273, 'Océane', 'Goodge', '2002-06-22', 'F', 88, 413, 0),
(4274, 'Cléa', 'Rochester', '1954-09-23', 'M', 139, 799, 0),
(4275, 'Maëlyss', 'Gotliffe', '1978-05-28', 'M', 57, 436, 0),
(4276, 'Camélia', 'Slocumb', '1950-05-26', NULL, 99, 278, 0),
(4277, 'Maëlyss', 'Natalie', '2006-03-17', 'M', 32, 727, 0),
(4278, 'Eugénie', 'Christiensen', '1988-03-01', 'F', 107, 709, 0),
(4279, 'Cécile', 'Edwards', '1979-04-23', 'F', 66, 205, 0),
(4280, 'Léana', 'Crumb', '1991-03-03', 'M', 136, 320, 0),
(4281, 'Bérangère', 'Dyott', '1963-01-14', 'M', 35, 480, 0),
(4282, 'Garçon', 'Boij', '1956-07-12', 'F', 87, 156, 0),
(4283, 'Cléopatre', 'Abrahmovici', '1995-07-03', 'F', 114, 174, 0),
(4284, 'Lài', 'De Malchar', '1998-12-31', 'F', 42, 175, 0),
(4285, 'Danièle', 'Bodley', '1972-03-04', NULL, 19, 66, 0),
(4286, 'Nadège', 'Goodlud', NULL, 'F', 68, 670, 0),
(4287, 'Åke', 'Petera', '1959-05-09', 'F', 43, 770, 0),
(4288, 'Lauréna', 'De Gregorio', '1974-12-13', 'F', 108, 622, 0),
(4289, 'Maëlys', 'Elliston', '1991-10-18', 'F', 77, 501, 0),
(4290, 'Crééz', 'Tribe', '1958-07-30', 'F', 16, 308, 0),
(4291, 'Anaé', 'Bickle', '1978-11-23', 'M', 73, 101, 0),
(4292, 'Anaé', 'Gringley', '1995-11-14', 'M', 59, 348, 0),
(4293, 'Célia', 'Sabates', '1966-12-05', 'M', 113, 428, 0),
(4294, 'Hélèna', 'Parlor', '1969-12-28', 'F', 26, 668, 0),
(4295, 'Cunégonde', 'Brigdale', '1960-08-17', 'M', 39, 520, 0),
(4296, 'Táng', 'Norman', '1994-09-09', 'M', 147, 532, 0),
(4297, 'Adélaïde', 'Crasswell', '1952-08-22', 'M', 98, 532, 0),
(4298, 'Publicité', 'Currm', '1994-09-28', 'M', 34, 44, 0),
(4299, 'Gwenaëlle', 'Betancourt', '1979-10-06', 'F', 52, 799, 0),
(4300, 'Mélanie', 'Easeman', '1983-07-09', 'F', 124, 295, 0),
(4301, 'Aurélie', 'Tregale', '1969-03-25', 'M', 92, 452, 0),
(4302, 'Mà', 'Brumfitt', '1950-04-09', 'F', 130, 57, 0),
(4303, 'Thérèse', 'Wealthall', '1986-10-26', 'F', 74, 235, 0),
(4304, 'Stéphanie', 'Carrel', '2000-03-10', 'M', 91, 6, 0),
(4305, 'Mylène', 'Enrico', '1980-09-30', 'M', 142, 592, 0),
(4306, 'Tú', 'Etches', '1961-08-08', 'M', 63, 213, 0),
(4307, 'Michèle', 'Oke', '1976-07-15', NULL, 124, 513, 0),
(4308, 'Marie-françoise', 'Cordner', '1969-07-22', 'M', 57, 381, 0),
(4309, 'Léana', 'Greensall', '1989-08-14', 'M', 130, 745, 0),
(4310, 'Maëlann', 'Spandley', '2002-05-06', 'M', 8, 595, 0),
(4311, 'Marylène', 'Markie', '1961-05-02', NULL, 115, 103, 0),
(4312, 'Dà', 'Curtois', '1958-06-14', 'M', 127, 500, 0),
(4313, 'Rébecca', 'Disney', '1964-09-23', NULL, 134, 577, 0),
(4314, 'Maïlis', 'Thebeaud', '1983-03-06', 'F', NULL, 568, 0),
(4315, 'Angèle', 'Hornig', NULL, 'M', 15, 248, 0),
(4316, 'Léonore', 'Gensavage', '1986-01-25', 'M', 32, 195, 0),
(4317, 'Maïlis', 'Flynn', '1959-08-14', 'F', 114, 656, 0),
(4318, 'Cécilia', 'Tinghill', '1983-11-13', 'M', 22, 551, 0),
(4319, 'Eloïse', 'Lazell', '1952-07-31', 'F', 14, 685, 0),
(4320, 'Maëlann', 'Andrzejowski', NULL, 'F', 105, 482, 0),
(4321, 'Börje', 'Kobes', '1979-12-29', 'F', 127, 543, 0),
(4322, 'Eugénie', 'Bateson', '1965-09-05', 'F', 75, 523, 0),
(4323, 'Thérèsa', 'Leeb', '1980-08-10', NULL, 114, 567, 0),
(4324, 'Solène', 'Leathard', NULL, 'F', 45, 720, 0),
(4325, 'Esbjörn', 'Gonnelly', '1970-02-25', 'M', 105, 106, 0),
(4326, 'Méthode', 'Gillhespy', '1958-06-11', 'F', 35, 135, 0),
(4327, 'Ruò', 'Bruinsma', '1989-12-03', 'F', 135, 599, 0),
(4328, 'Adélie', 'St. Quintin', '1984-08-26', 'M', 136, 164, 0),
(4329, 'Tú', 'Slyde', '1957-10-01', 'M', 94, 266, 0),
(4330, 'Erwéi', 'Stormont', '1988-12-01', 'F', 13, 253, 0),
(4331, 'Séréna', 'Reck', '2003-11-19', 'M', 76, 486, 0);
INSERT INTO `employees` (`id`, `first_name`, `last_name`, `birthdate`, `sex`, `city_fk`, `company_fk`, `is_deleted`) VALUES
(4332, 'Naéva', 'Maciunas', '1954-10-02', 'F', 94, 130, 0),
(4333, 'Börje', 'McNelly', '1954-12-08', 'F', 30, 456, 0),
(4334, 'Jú', 'Yoodall', '2001-04-23', NULL, 117, 213, 0),
(4335, 'Börje', 'Dahlgren', '1952-01-27', 'F', 59, 796, 0),
(4336, 'Andréa', 'Larret', '1956-01-08', 'M', 26, 303, 0),
(4337, 'Märta', 'Fawdrey', '2006-04-04', 'F', 147, 33, 0),
(4338, 'Véronique', 'Carrivick', NULL, 'F', 72, 558, 0),
(4339, 'Tú', 'Harome', '1981-05-08', 'F', 63, 429, 0),
(4340, 'Loïca', 'Sewill', '1965-01-07', 'M', 90, 356, 0),
(4341, 'Médiamass', 'Trimming', '1969-10-27', 'M', 51, 752, 0),
(4342, 'Andrée', 'Heighway', '1985-11-05', 'M', 153, 71, 0),
(4343, 'Méline', 'Buntin', '1975-08-03', 'M', 91, 333, 0),
(4344, 'Renée', 'Frid', '1991-11-08', 'F', NULL, 706, 0),
(4345, 'Maï', 'Simpson', '1972-12-11', 'M', 124, 109, 0),
(4346, 'Françoise', 'Tomaino', '1997-08-15', 'F', 28, 28, 0),
(4347, 'Daphnée', 'Fassan', '2002-05-06', 'M', 1, 423, 0),
(4348, 'Maïwenn', 'Gundry', '1956-12-23', 'M', 80, 185, 0),
(4349, 'Hélène', 'Foxworthy', '1979-05-14', 'M', 55, 262, 0),
(4350, 'Mélina', 'Samme', '1952-04-27', 'F', 128, 418, 0),
(4351, 'Adélaïde', 'Spriggen', NULL, 'M', 81, 739, 0),
(4352, 'Irène', 'Minguet', '1978-03-12', 'M', 89, 744, 0),
(4353, 'Frédérique', 'Trunkfield', '1952-10-19', 'F', 105, 65, 0),
(4354, 'Clélia', 'Beyne', '2005-03-28', 'M', 64, 727, 0),
(4355, 'Estée', 'Niesel', '1956-03-21', 'M', 30, 288, 0),
(4356, 'Vérane', 'Rye', '1976-02-18', 'F', 134, 172, 0),
(4357, 'Laurène', 'Bene', '1967-11-27', 'F', 136, 28, 0),
(4358, 'Måns', 'Trewinnard', '1956-12-17', 'M', 23, 735, 0),
(4359, 'Lèi', 'Basek', '1991-10-14', 'F', 41, 196, 0),
(4360, 'Océanne', 'Forestel', '2005-01-28', 'F', 80, 481, 0),
(4361, 'Mélia', 'Northall', '1989-01-08', 'F', 132, 230, 0),
(4362, 'Mylène', 'Blague', '1976-02-04', NULL, 7, 594, 0),
(4363, 'Torbjörn', 'Libreros', NULL, 'M', 120, 105, 0),
(4364, 'Yénora', 'Chesman', '1953-08-26', 'M', 153, 516, 0),
(4365, 'Léone', 'Toffler', '1994-05-23', 'F', 26, 596, 0),
(4366, 'Tán', 'Snelgar', '1977-12-10', 'F', 9, 656, 0),
(4367, 'Gaëlle', 'Giacopini', '1978-10-02', 'F', 116, 181, 0),
(4368, 'Maëlyss', 'Caddie', '1972-08-25', 'F', 137, 796, 0),
(4369, 'Görel', 'Brandt', '1989-06-21', 'F', NULL, 506, 0),
(4370, 'Annotée', 'Mattielli', '1955-07-31', 'F', 92, 302, 0),
(4371, 'Nélie', 'Chater', '1971-11-22', 'M', 3, 292, 0),
(4372, 'Ráo', 'Hawtin', '1978-06-24', 'M', 92, 575, 0),
(4373, 'Intéressant', 'Golson', '1970-12-02', 'M', 38, 190, 0),
(4374, 'Chloé', 'Clemes', '1956-10-23', 'M', 47, 249, 0),
(4375, 'Alizée', 'Paik', '1964-03-31', 'M', 45, NULL, 0),
(4376, 'Bénédicte', 'Lambden', '1964-05-29', 'M', 60, 666, 0),
(4377, 'Wá', 'Letertre', '1979-10-19', 'F', 65, 97, 0),
(4378, 'Pò', 'Sparkes', '1975-07-29', 'M', 119, 130, 0),
(4379, 'Marylène', 'Shere', '1986-09-21', 'F', 98, 422, 0),
(4380, 'Maëly', 'Rudland', '1965-01-11', 'F', 132, 786, 0),
(4381, 'Lauréna', 'De Ortega', '1977-04-10', 'M', 22, 62, 0),
(4382, 'Uò', 'Huntley', NULL, 'M', 99, 137, 0),
(4383, 'Loïca', 'Lauks', '1968-08-05', 'M', 141, 325, 0),
(4384, 'Maëlyss', 'Killick', '1952-09-08', 'M', 109, 29, 0),
(4385, 'Faîtes', 'Charters', NULL, 'F', 119, 81, 0),
(4386, 'Maëlle', 'O\'Quin', '1982-01-07', 'M', 81, 596, 0),
(4387, 'Marie-thérèse', 'Newson', '1970-07-12', 'F', 123, 49, 0),
(4388, 'Cécile', 'Fairweather', '1996-08-24', 'F', 8, 593, 0),
(4389, 'Eléa', 'Grut', '2000-04-09', 'M', 50, 91, 0),
(4390, 'Marie-josée', 'Coldbathe', NULL, 'M', 66, 186, 0),
(4391, 'Örjan', 'Montrose', '1976-06-27', 'F', 25, 577, 0),
(4392, 'Eliès', 'Narramor', '1973-07-31', 'F', 31, 625, 0),
(4393, 'Françoise', 'Walwood', '1996-07-13', 'M', 32, 668, 0),
(4394, 'Laïla', 'Bidgood', '1977-10-08', 'F', 68, 54, 0),
(4395, 'Nadège', 'Antonovic', NULL, 'M', 137, 766, 0),
(4396, 'Åsa', 'Coaster', '1971-08-17', 'M', 107, 71, 0),
(4397, 'Maïlis', 'Gerry', '1994-10-30', 'M', 5, 174, 0),
(4398, 'Aloïs', 'McCurt', '1979-02-20', 'M', 124, 33, 0),
(4399, 'Marie-noël', 'Wraxall', '2000-01-19', 'M', 90, 360, 0),
(4400, 'Eugénie', 'Melton', '1974-08-03', 'F', 37, 319, 0),
(4401, 'Thérèsa', 'Gabbat', '1990-10-13', 'M', 46, 9, 0),
(4402, 'Illustrée', 'Keenan', NULL, 'F', 31, 229, 0),
(4403, 'Océane', 'McLaughlin', '1959-11-21', 'F', 60, 726, 0),
(4404, 'Publicité', 'Yeiles', NULL, 'F', 71, 579, 0),
(4405, 'Hélèna', 'Abramski', '1952-11-24', 'F', 51, 30, 0),
(4406, 'Gaëlle', 'Itzkovitch', '1951-05-14', 'M', 105, 750, 0),
(4407, 'André', 'Savell', '1980-03-14', 'F', 110, 323, 0),
(4408, 'Naëlle', 'Twentyman', '1978-07-06', 'M', 153, 419, 0),
(4409, 'Annotés', 'Lantuff', '1982-11-25', 'M', 112, 103, 0),
(4410, 'Simplifiés', 'Landsberg', '2000-10-26', 'F', 6, 278, 0),
(4411, 'Fèi', 'Mum', NULL, 'M', 34, 244, 0),
(4412, 'Geneviève', 'Nappin', '1977-06-14', 'M', 95, 552, 0),
(4413, 'Nélie', 'Kenney', '1950-04-11', 'M', 80, 418, 0),
(4414, 'Dù', 'Kennington', '1989-11-27', 'M', 135, 26, 0),
(4415, 'Estève', 'Caghy', '1986-05-13', 'M', 11, 339, 0),
(4416, 'Clémence', 'Puddefoot', '1999-06-07', NULL, 70, 299, 0),
(4417, 'Åslög', 'Pitcaithly', '1954-09-29', 'F', 72, 190, 0),
(4418, 'Estève', 'Storck', NULL, 'F', 15, 699, 0),
(4419, 'Magdalène', 'Boxhill', '1978-01-19', 'M', 136, 451, 0),
(4420, 'Béatrice', 'Mallord', '1954-11-27', 'F', 141, 214, 0),
(4421, 'Pò', 'Laible', '1993-11-25', 'M', 82, 53, 0),
(4422, 'Maïlis', 'Etuck', '2001-09-26', 'M', 140, 475, 0),
(4423, 'Marylène', 'Kingsnode', '1990-10-03', 'M', 87, 448, 0),
(4424, 'Lóng', 'Sandeson', '1982-09-30', NULL, 143, 674, 0),
(4425, 'Méryl', 'Nancekivell', NULL, 'F', 127, 106, 0),
(4426, 'Åke', 'Pamphilon', '1964-02-09', 'F', 16, 779, 0),
(4427, 'Sòng', 'Wharby', '1986-05-09', 'F', 5, 42, 0),
(4428, 'Réservés', 'Heister', '1966-03-24', 'F', 143, 414, 0),
(4429, 'Léa', 'Carlson', '1955-05-26', 'M', 148, 194, 0),
(4430, 'Inès', 'Henbury', '2000-04-14', 'M', 110, 529, 0),
(4431, 'Björn', 'Cisco', '1950-04-28', 'M', 115, NULL, 1),
(4432, 'Clémence', 'Robbeke', '1972-07-17', 'M', 71, 427, 0),
(4433, 'Gaëlle', 'Beakes', '1997-03-22', NULL, 39, 595, 0),
(4434, 'Aurélie', 'Durrand', '1990-04-13', 'F', NULL, 632, 0),
(4435, 'Bénédicte', 'Eppson', '2005-07-23', NULL, 67, 489, 0),
(4436, 'Pélagie', 'Longina', '1981-12-20', 'M', 34, 243, 0),
(4437, 'Yè', 'Newark', '1974-09-27', 'M', 131, 314, 0),
(4438, 'Styrbjörn', 'Simakov', '1987-10-11', 'F', 44, 115, 0),
(4439, 'Desirée', 'Botler', '1978-07-17', 'F', 73, 566, 0),
(4440, 'Mélinda', 'Rosendall', '1989-04-03', NULL, 124, 234, 0),
(4441, 'Cunégonde', 'Vizard', '1996-10-21', 'F', 41, 475, 0),
(4442, 'Nadège', 'Haggleton', '1998-02-14', 'F', 28, 125, 0),
(4443, 'Léana', 'Tomczykiewicz', '1976-01-29', 'M', 38, 80, 0),
(4444, 'Edmée', 'Conws', '1988-03-02', 'F', 117, 518, 0),
(4445, 'Noémie', 'Guess', '1971-11-27', 'M', 22, 319, 0),
(4446, 'Béatrice', 'Cavy', NULL, 'M', 141, 763, 0),
(4447, 'Néhémie', 'Demann', NULL, 'M', 94, 519, 0),
(4448, 'Maëlys', 'Hindmoor', '1960-05-23', 'F', 13, 18, 0),
(4449, 'Loïc', 'Skim', '1957-10-22', 'M', 13, 257, 0),
(4450, 'Yú', 'Sneesbie', '2000-01-19', 'F', 138, 355, 0),
(4451, 'Anaëlle', 'Meadows', '1952-09-19', 'M', 63, 132, 0),
(4452, 'Marie-thérèse', 'Hadlee', '2003-09-10', 'M', 23, 522, 0),
(4453, 'Aimée', 'Lacotte', '2004-05-17', 'M', 148, 292, 0),
(4454, 'Laurène', 'Claybourne', '1967-05-16', 'M', 63, 194, 0),
(4455, 'Maëlle', 'Gabbett', '1987-10-31', 'F', 34, 169, 0),
(4456, 'Pénélope', 'Lyard', NULL, 'F', NULL, 160, 0),
(4457, 'Edmée', 'Coronas', NULL, 'M', 81, 283, 0),
(4458, 'Thérèse', 'Benka', NULL, 'M', 72, 416, 0),
(4459, 'Maïwenn', 'Gee', '1954-07-26', 'M', 125, 322, 0),
(4460, 'Aloïs', 'Mc Caghan', '2000-11-06', 'M', 73, 35, 0),
(4461, 'Marylène', 'Matejic', '1991-12-30', NULL, 49, 655, 0),
(4462, 'Jú', 'Janata', '2000-01-21', 'M', 144, 109, 0),
(4463, 'Görel', 'McGraith', '1950-09-11', 'M', 67, 259, 0),
(4464, 'Görel', 'Brislen', '1974-04-30', 'F', 43, 521, 0),
(4465, 'Bérengère', 'Linnitt', '1950-11-09', 'M', 35, 687, 0),
(4466, 'Simplifiés', 'Sommerland', '1998-05-08', 'F', 99, 780, 0),
(4467, 'Réservés', 'Lewens', NULL, 'F', 142, 349, 0),
(4468, 'Cloé', 'Allsep', '1956-08-01', 'M', 48, 292, 0),
(4469, 'Amélie', 'Ixor', '1974-10-29', 'M', 9, 434, 0),
(4470, 'Rébecca', 'Shaylor', '1974-11-02', 'F', 102, 431, 0),
(4471, 'Maïlys', 'Gilcriest', '2002-02-10', 'M', 1, 342, 0),
(4472, 'Gaïa', 'Dorcey', '1953-04-13', 'F', 94, NULL, 0),
(4473, 'Léonore', 'Fleay', '1962-03-06', 'M', 72, 181, 0),
(4474, 'Håkan', 'Treven', '1976-11-19', 'M', 34, 409, 0),
(4475, 'Laurélie', 'Menico', NULL, 'F', 3, 151, 0),
(4476, 'Mén', 'Stoppe', NULL, 'M', 46, 672, 0),
(4477, 'Méghane', 'Soitoux', '1965-10-08', 'F', 146, 559, 0),
(4478, 'Renée', 'Gyrgorwicx', '1988-02-08', 'F', 54, 212, 0),
(4479, 'Mélinda', 'O\'Feeny', '1969-04-29', 'M', 81, 312, 0),
(4480, 'Wá', 'Coenraets', '1972-01-16', 'M', NULL, 487, 0),
(4481, 'Irène', 'Ellacott', '1997-12-18', 'M', 131, 780, 0),
(4482, 'Hélèna', 'Hargess', '1957-12-12', 'M', 28, 409, 0),
(4483, 'Rachèle', 'Adanez', '1979-01-11', 'F', 89, 742, 0),
(4484, 'Cécile', 'Redparth', '1985-08-07', 'F', 129, 195, 0),
(4485, 'Garçon', 'Siehard', '1951-11-03', 'M', 128, 666, 0),
(4486, 'Håkan', 'Skein', '2006-01-29', 'M', 125, 24, 0),
(4487, 'Maëlys', 'Tydeman', '1994-12-12', 'M', 146, 737, 0),
(4488, 'Håkan', 'Glede', NULL, 'F', 27, 426, 0),
(4489, 'Vénus', 'Goodchild', '1952-05-13', NULL, 65, 721, 0),
(4490, 'Mahélie', 'Jurges', '1980-12-26', 'M', 110, 491, 0),
(4491, 'Bérangère', 'Dunderdale', '1966-03-25', 'M', 123, 259, 0),
(4492, 'Yè', 'Peggram', '1973-01-09', 'F', 140, 581, 0),
(4493, 'Lucrèce', 'Kilday', '1999-10-13', 'F', 2, 154, 0),
(4494, 'Mylène', 'Thorn', '1985-07-26', 'F', 140, 667, 0),
(4495, 'Adèle', 'Gillhespy', '1954-12-01', 'F', 48, 659, 0),
(4496, 'Ruì', 'Pateman', NULL, 'F', 49, 249, 0),
(4497, 'Intéressant', 'Nolot', '1979-11-11', 'F', 47, 55, 0),
(4498, 'Maïlys', 'Thomassin', NULL, 'F', 98, 399, 0),
(4499, 'Yénora', 'De Goey', '1974-10-07', 'M', 68, 601, 0),
(4500, 'Loïca', 'Osichev', '1952-12-02', 'F', 100, 404, 0),
(4501, 'Gisèle', 'Weins', '2003-06-18', 'F', 140, 294, 0),
(4502, 'Judicaël', 'Engelbrecht', '1975-01-15', 'M', 3, 23, 0),
(4503, 'Solène', 'Braund', '1961-07-16', 'M', 139, 1, 0),
(4504, 'Véronique', 'Espinet', '1978-06-06', 'M', 89, 100, 0),
(4505, 'Hélène', 'Reith', '1989-04-17', 'M', 84, 125, 0),
(4506, 'Cléa', 'Amorine', '1960-09-18', 'M', 10, 53, 0),
(4507, 'Uò', 'Pipet', '1980-11-07', 'F', 3, 625, 0),
(4508, 'Cléa', 'O\'Crowley', '1978-10-17', 'F', 104, 438, 0),
(4509, 'Célia', 'Kibbee', '1996-05-31', 'M', 59, 301, 0),
(4510, 'Michèle', 'Kose', '1998-03-11', 'M', 2, 507, 0),
(4511, 'Cécile', 'Licas', '1962-12-25', 'M', 64, 393, 0),
(4512, 'Clémentine', 'Goulston', '2002-06-13', 'F', 50, 52, 0),
(4513, 'Wá', 'Capelle', '1984-07-29', 'M', 56, 402, 0),
(4514, 'Naëlle', 'Lendon', '1974-04-17', 'F', 31, 45, 0),
(4515, 'Maéna', 'Harower', NULL, 'F', NULL, 502, 0),
(4516, 'Lài', 'Gathercole', '1966-11-07', 'M', 77, 636, 0),
(4517, 'Mélanie', 'Ballingal', '1963-01-22', NULL, 75, 709, 0),
(4518, 'Stévina', 'Juggins', '1957-06-11', 'F', 137, 772, 0),
(4519, 'Kévina', 'Carnie', '1984-05-31', 'F', 129, 33, 0),
(4520, 'Pénélope', 'Dowley', '1983-07-13', 'F', 43, 69, 0),
(4521, 'Noëlla', 'Ivanishchev', '2003-08-13', 'F', 133, 229, 0),
(4522, 'Aloïs', 'Chaplin', '1993-12-26', 'M', 93, 463, 0),
(4523, 'Gaïa', 'Mates', '2005-07-30', 'M', 92, 516, 0),
(4524, 'Aimée', 'Noods', '1996-05-26', 'F', 47, NULL, 0),
(4525, 'Göran', 'Cadding', '1962-07-17', 'F', 21, 784, 0),
(4526, 'Aí', 'Noot', '1967-10-22', 'M', 152, 619, 0),
(4527, 'Dafnée', 'Gillaspy', '1961-08-12', 'F', 115, 291, 0),
(4528, 'Åke', 'Tooze', '1977-01-06', 'F', 86, 146, 0),
(4529, 'Naëlle', 'Shane', '1951-10-27', 'M', 118, 648, 0),
(4530, 'Néhémie', 'Huebner', NULL, 'F', 83, 708, 0),
(4531, 'Mylène', 'Hollerin', '1950-09-28', 'F', 125, 524, 0),
(4532, 'Liè', 'Brevetor', '1989-12-23', NULL, 135, 334, 0),
(4533, 'Salomé', 'Bastistini', '2005-03-29', 'F', 21, 44, 0),
(4534, 'Danièle', 'Rate', '1966-03-14', 'M', 125, 282, 0),
(4535, 'Léandre', 'Leban', '1989-12-23', 'F', 78, 422, 0),
(4536, 'Marie-françoise', 'Blitz', '1981-07-25', 'M', 11, 64, 0),
(4537, 'Gaétane', 'Kenwell', '1977-12-17', 'F', 37, 597, 0),
(4538, 'Mélinda', 'Prinett', '1989-01-20', 'F', 53, 54, 0),
(4539, 'Andréa', 'McNirlan', '1959-02-12', 'M', 74, 390, 0),
(4540, 'Célestine', 'Paolillo', '1953-03-04', 'M', 15, 67, 0),
(4541, 'Réservés', 'Laval', '1977-02-11', 'M', 117, 274, 0),
(4542, 'Eugénie', 'Petit', NULL, 'F', 5, 2, 0),
(4543, 'Kallisté', 'Vurley', '2005-08-06', 'M', 22, 335, 0),
(4544, 'Pò', 'Iddenden', '1967-05-17', 'F', 38, 339, 0),
(4545, 'Torbjörn', 'Yule', '1993-07-24', 'F', 89, 705, 0),
(4546, 'Bérénice', 'Schultes', '1967-09-08', 'M', 113, 49, 0),
(4547, 'Mà', 'Towsie', '2002-02-25', 'M', 93, 56, 0),
(4548, 'Noëlla', 'Annear', '1951-04-15', 'M', 14, 799, 0),
(4549, 'Méline', 'Woodrough', '1983-09-05', 'F', 150, 40, 0),
(4550, 'Ráo', 'Juszczyk', '1986-12-04', 'F', 44, NULL, 0),
(4551, 'Solène', 'Bault', '1978-10-03', 'F', 26, 88, 0),
(4552, 'Torbjörn', 'Miebes', '1956-01-12', 'M', 22, 255, 0),
(4553, 'Mégane', 'Pennycord', '1973-03-14', 'M', 127, 278, 0),
(4554, 'Maïly', 'Lamberteschi', '1956-12-06', 'M', 17, 760, 0),
(4555, 'Méghane', 'Wildes', '1963-12-01', 'F', 11, 732, 0),
(4556, 'Judicaël', 'Hambleton', '1965-06-05', 'F', 127, 354, 0),
(4557, 'Naëlle', 'Renzullo', '1974-09-05', 'F', 71, 258, 0),
(4558, 'Vénus', 'Salla', '1991-12-12', 'F', 128, 669, 0),
(4559, 'Åsa', 'Bulmer', '1976-11-03', 'M', NULL, 178, 0),
(4560, 'Stévina', 'Filippucci', '2006-04-08', 'M', 84, 579, 0),
(4561, 'Inès', 'Beneyto', '1954-05-29', 'M', 47, 434, 0),
(4562, 'Maëlla', 'Samsonsen', '1995-07-19', 'M', 90, 654, 0),
(4563, 'Maïwenn', 'Owlner', '1958-11-28', 'F', 142, 574, 0),
(4564, 'Mylène', 'Muckley', NULL, 'F', 115, 453, 0),
(4565, 'Rébecca', 'Riddles', '1969-11-16', 'M', 49, 78, 0),
(4566, 'Estève', 'Algy', '1951-12-24', 'M', 78, 781, 0),
(4567, 'Maïwenn', 'Brandenburg', '1962-06-20', 'F', 92, 243, 0),
(4568, 'Stévina', 'Batman', '1966-07-16', 'M', 88, 764, 0),
(4569, 'Océane', 'Goodbur', '1992-08-05', 'M', 48, 431, 0),
(4570, 'Béatrice', 'Favey', NULL, 'M', 97, 491, 0),
(4571, 'Mylène', 'Bosdet', NULL, 'F', 95, 585, 0),
(4572, 'Intéressant', 'Bangley', '1963-09-08', 'F', NULL, 222, 0),
(4573, 'Naëlle', 'Gaucher', '1989-10-28', 'F', 77, 151, 0),
(4574, 'Måns', 'Dalgarnocht', '1956-04-19', 'M', 54, 248, 0),
(4575, 'Liè', 'Robertet', '1977-03-02', 'M', 27, 584, 0),
(4576, 'Östen', 'Kemshell', '2002-02-27', 'F', 113, 799, 0),
(4577, 'Hélèna', 'Cowlishaw', '1961-12-17', 'M', 114, 377, 0),
(4578, 'Faîtes', 'Larose', '1992-05-08', 'F', 90, 650, 0),
(4579, 'Maëlle', 'Ojeda', '1971-11-29', 'M', 126, 599, 0),
(4580, 'Eliès', 'Remmer', '1991-12-23', 'F', 147, 473, 0),
(4581, 'Noémie', 'Shilladay', '1992-01-05', 'M', 94, 372, 0),
(4582, 'Lén', 'Core', '1997-01-16', 'F', 47, 693, 0),
(4583, 'Cléopatre', 'Darwin', '1972-07-09', 'M', 50, 495, 0),
(4584, 'Maëline', 'Maultby', '1978-06-11', 'M', 8, 588, 0),
(4585, 'Athéna', 'Gower', '1971-04-02', 'F', 111, 448, 0),
(4586, 'Séverine', 'Brinkler', '1972-05-01', 'F', 102, 652, 0),
(4587, 'Léonore', 'Pedrielli', '2002-06-27', 'M', 93, 66, 0),
(4588, 'Cunégonde', 'Cherrett', '1985-10-16', 'M', NULL, 652, 0),
(4589, 'Publicité', 'Slayford', '1974-10-11', 'F', 83, 124, 0),
(4590, 'Loïc', 'Trevithick', '1984-05-28', NULL, 125, 656, 0),
(4591, 'Kuí', 'Purbrick', NULL, 'M', 151, 480, 0),
(4592, 'Andrée', 'Lartice', '1976-10-30', 'F', 23, 183, 0),
(4593, 'Uò', 'Averill', '1990-10-29', 'F', 83, 637, 0),
(4594, 'Pélagie', 'Reckhouse', '2005-09-25', 'M', 106, 798, 0),
(4595, 'Desirée', 'Andrioli', '1982-06-21', 'M', 27, 326, 0),
(4596, 'Almérinda', 'Haizelden', '1987-07-01', 'F', 94, 551, 0),
(4597, 'Loïc', 'Dulany', '1964-05-23', 'M', 97, 628, 0),
(4598, 'Mélodie', 'Gandley', NULL, 'M', 90, 519, 0),
(4599, 'Eléa', 'Llopis', '1974-12-25', 'F', 45, 757, 0),
(4600, 'Frédérique', 'Flannery', '1961-01-23', 'F', 61, 732, 0),
(4601, 'Börje', 'Nickless', '1977-02-13', 'M', 132, 223, 0),
(4602, 'Michèle', 'Thoma', '1964-11-08', 'F', 117, 468, 0),
(4603, 'Vérane', 'Burberow', '2002-06-15', 'F', NULL, 241, 0),
(4604, 'Méng', 'McIlhagga', '1963-04-06', 'M', 13, 575, 0),
(4605, 'Loïc', 'Blower', NULL, 'M', 50, 138, 0),
(4606, 'Agnès', 'Boulsher', '1981-06-13', 'F', 126, 278, 0),
(4607, 'Anaëlle', 'Landeg', '1991-02-19', 'F', 133, 360, 0),
(4608, 'Noémie', 'Dursley', '1966-06-19', 'M', 98, 543, 0),
(4609, 'Josée', 'Guage', '2003-01-17', 'F', 141, 233, 0),
(4610, 'Yénora', 'Tallowin', '1965-04-08', 'M', 153, 203, 0),
(4611, 'Maéna', 'Pettifer', NULL, 'M', 128, 323, 0),
(4612, 'Kuí', 'Cleall', '1962-01-30', 'F', 133, NULL, 0),
(4613, 'Bérénice', 'Beincken', '1975-05-16', 'M', 91, 539, 0),
(4614, 'Crééz', 'Bowell', '1990-10-03', 'M', 146, 778, 0),
(4615, 'Cléa', 'Hollingshead', NULL, 'F', 147, 614, 0),
(4616, 'Eléonore', 'Toye', NULL, 'F', 138, 398, 0),
(4617, 'Anaé', 'Syrett', '1964-11-09', 'M', 137, 526, 0),
(4618, 'Maëly', 'Partener', '1950-11-21', 'F', 58, 39, 0),
(4619, 'Océanne', 'Boyat', NULL, 'M', 12, 56, 0),
(4620, 'Eugénie', 'Heeley', NULL, 'M', NULL, 360, 0),
(4621, 'Yè', 'Gemmill', '1976-07-29', 'M', 10, 387, 0),
(4622, 'Béatrice', 'Kinsett', '1980-12-21', 'F', 64, 10, 0),
(4623, 'Inès', 'Khosa', '1961-09-14', 'F', 136, 236, 0),
(4624, 'Ráo', 'Northey', NULL, 'F', 29, 716, 0),
(4625, 'Börje', 'Whatford', '1963-06-07', 'M', 81, 71, 0),
(4626, 'Thérèse', 'Bordis', '2004-05-17', NULL, 135, 172, 0),
(4627, 'Rachèle', 'Chazotte', '1989-04-25', 'F', 24, 427, 0),
(4628, 'Bénédicte', 'Ferie', '1984-04-22', 'F', 78, 257, 0),
(4629, 'Solène', 'Swinford', '1973-10-03', NULL, NULL, 451, 0),
(4630, 'Maëlys', 'Scrivenor', '1950-12-09', 'M', 58, 217, 0),
(4631, 'Mélys', 'Brommage', '1963-06-27', 'F', 41, 440, 0),
(4632, 'Östen', 'Fotitt', '1959-09-11', 'F', NULL, 715, 0),
(4633, 'Mélinda', 'Somers', '1975-04-28', 'F', 132, 111, 0),
(4634, 'Loïc', 'McGreal', '1981-06-22', 'M', 33, 157, 0),
(4635, 'Maïlis', 'Crowdace', '1988-05-19', 'M', 14, 429, 0),
(4636, 'Joséphine', 'McManus', '2003-09-25', 'F', 70, 133, 0),
(4637, 'Börje', 'Bartleman', '1990-05-31', 'M', 126, 594, 0),
(4638, 'Mélina', 'Worshall', '2003-09-29', 'F', 90, 759, 0),
(4639, 'Marie-hélène', 'Probin', '1985-05-26', 'F', 7, 468, 0),
(4640, 'Aimée', 'Heugel', '1959-11-06', 'F', 126, 217, 0),
(4641, 'Léandre', 'Duinbleton', '1991-04-28', 'M', 82, 707, 0),
(4642, 'Bénédicte', 'Burridge', '1990-01-29', 'M', 53, 71, 0),
(4643, 'Crééz', 'Jeffcoate', '1962-01-29', 'F', 115, 375, 0),
(4644, 'Cinéma', 'Branchflower', '1982-03-13', 'F', 102, 459, 0),
(4645, 'Célia', 'Sawford', '1967-11-13', 'M', 9, 736, 0),
(4646, 'Håkan', 'Anthona', '1991-01-02', NULL, 117, 561, 0),
(4647, 'Mélanie', 'Killelay', '1963-02-24', 'M', 37, 326, 0),
(4648, 'Zhì', 'Bick', '1950-01-02', 'F', 16, 283, 0),
(4649, 'Lorène', 'Tullett', '1991-02-17', 'M', 1, 476, 0),
(4650, 'Marie-thérèse', 'Garfoot', '1984-05-12', 'M', 129, 453, 0),
(4651, 'Séréna', 'Kenny', '1982-12-30', 'M', 24, 113, 0),
(4652, 'Cinéma', 'Vecard', '1997-10-23', 'M', 137, 246, 0),
(4653, 'Céline', 'Haily', '1966-03-13', 'F', 79, 115, 0),
(4654, 'Véronique', 'Hanhardt', '1951-06-22', 'F', 118, 333, 0),
(4655, 'Publicité', 'Sinott', '1966-06-20', 'F', 148, 372, 0),
(4656, 'Annotés', 'Paladino', '1973-09-27', 'M', 119, 450, 0),
(4657, 'Yóu', 'Filipczynski', '1970-02-08', 'F', 36, 289, 0),
(4658, 'Estée', 'Dikelin', '1958-03-01', 'M', 28, 742, 0),
(4659, 'Marie-françoise', 'Sibly', '1994-01-11', 'F', 67, 606, 0),
(4660, 'Yénora', 'Kerkham', '1958-10-02', 'M', 95, 631, 0),
(4661, 'Léonie', 'La Vigne', NULL, 'M', 111, 690, 0),
(4662, 'Desirée', 'Physick', '1974-10-04', 'F', 132, 680, 0),
(4663, 'Personnalisée', 'Caroline', '1990-08-17', 'F', 58, 453, 0),
(4664, 'Noémie', 'Bentley', NULL, 'M', 57, 544, 0),
(4665, 'Mårten', 'Oakenford', '1967-02-02', 'F', 65, 199, 0),
(4666, 'Wá', 'Manneville', '1955-01-23', 'F', 15, 355, 0),
(4667, 'Adélie', 'Aps', '1977-02-26', 'F', 6, 401, 0),
(4668, 'Sélène', 'Martijn', '2001-11-05', 'M', 25, 281, 0),
(4669, 'Séverine', 'Pellew', '1987-12-29', 'M', 55, 121, 0),
(4670, 'Lài', 'Titchener', '1950-07-04', NULL, 5, 791, 0),
(4671, 'Miléna', 'California', '1993-10-12', 'F', 12, 161, 0),
(4672, 'Alizée', 'Kunneke', '1989-07-30', 'F', 104, 438, 0),
(4673, 'Naéva', 'Wormell', '1996-06-08', 'F', 35, 340, 0),
(4674, 'Hélèna', 'Colleford', '2005-09-14', 'F', 109, 355, 0),
(4675, 'Bénédicte', 'Merring', '1982-03-05', 'F', 40, 264, 0),
(4676, 'Clémentine', 'Castles', '1996-03-07', 'M', 8, 506, 0),
(4677, 'Réjane', 'Rooson', NULL, 'F', 64, 786, 0),
(4678, 'Noémie', 'Stoacley', '1982-01-22', 'F', 110, 772, 0),
(4679, 'Maïté', 'Brantl', '1993-09-05', 'M', 108, 343, 0),
(4680, 'Edmée', 'Laval', '1982-04-24', 'F', 4, 13, 0),
(4681, 'Océane', 'Sherrin', '1953-01-12', 'M', 74, 693, 0),
(4682, 'André', 'Screwton', NULL, 'M', 99, 251, 0),
(4683, 'Hélène', 'Dudding', '1961-04-11', 'M', 98, 308, 0),
(4684, 'Thérèsa', 'Euplate', '1990-07-09', 'M', 105, 305, 0),
(4685, 'Joséphine', 'Tomblett', '1952-12-07', 'M', 85, 94, 0),
(4686, 'Méghane', 'Phizaclea', NULL, 'M', 135, 578, 0),
(4687, 'Marie-thérèse', 'Kardos-Stowe', NULL, 'F', 23, 434, 0),
(4688, 'Maëlla', 'Noden', NULL, 'F', 61, 139, 0),
(4689, 'Andréanne', 'Filer', '1967-03-14', 'M', 33, 419, 0),
(4690, 'Maïté', 'Sjostrom', '1983-10-31', 'F', 152, 114, 0),
(4691, 'Bérengère', 'Obee', '1962-01-25', 'M', 47, 677, 0),
(4692, 'Zoé', 'Selby', '1973-08-31', 'F', 59, 298, 0),
(4693, 'Hélène', 'Coleridge', '1970-02-09', 'F', 90, 382, 0),
(4694, 'Cléa', 'Bolstridge', NULL, 'M', 142, 48, 0),
(4695, 'Séréna', 'Geaves', '1982-02-09', 'F', 45, 385, 0),
(4696, 'Angélique', 'Kester', '1953-09-23', 'F', 112, 554, 0),
(4697, 'Lén', 'Fludder', '1960-08-25', 'F', 107, 436, 0),
(4698, 'Thérèsa', 'Copestake', '2005-05-13', 'M', 86, 544, 0),
(4699, 'Bérénice', 'Girardengo', '1973-09-12', 'M', 134, 727, 0),
(4700, 'Solène', 'Foot', '1957-04-22', 'M', 37, 423, 0),
(4701, 'Anaïs', 'Scobie', '1972-10-28', 'F', 39, 363, 0),
(4702, 'Céline', 'Gwyn', '1968-08-22', 'F', 66, 94, 0),
(4703, 'Réservés', 'Kubacki', '2002-09-06', 'F', 9, 366, 0),
(4704, 'Gaëlle', 'Stonary', '1965-05-08', 'M', 121, 390, 0),
(4705, 'Aurélie', 'Streetley', '1964-11-24', 'F', 80, 297, 0),
(4706, 'Ráo', 'Docwra', '1998-09-22', 'M', 70, 647, 0),
(4707, 'Esbjörn', 'Hansmann', '1975-04-17', 'M', 26, 188, 0),
(4708, 'Angèle', 'Goulborne', '1961-01-02', 'F', 103, NULL, 0),
(4709, 'Gaëlle', 'Maddrah', '2000-04-19', 'M', 132, 695, 0),
(4710, 'Yáo', 'Hanshaw', NULL, 'M', 86, NULL, 0),
(4711, 'Annotés', 'Verrall', '1971-04-16', 'F', 86, 428, 0),
(4712, 'Fèi', 'Cathie', '1954-10-23', 'F', 8, 441, 0),
(4713, 'Desirée', 'Farries', '1990-06-01', 'M', 144, 89, 0),
(4714, 'Béatrice', 'Wantling', '1959-08-15', 'M', 78, 330, 0),
(4715, 'Hélène', 'Phizakarley', '1961-02-05', 'F', 147, 511, 0),
(4716, 'Daphnée', 'Flaunier', '2001-08-23', 'M', 42, 609, 0),
(4717, 'Maëly', 'Pointer', '1975-12-15', 'M', 36, 52, 0),
(4718, 'Léana', 'Finlater', '1989-07-27', 'M', 17, 674, 0),
(4719, 'Ruì', 'McDermid', '1984-04-16', 'F', 90, 303, 0),
(4720, 'Agnès', 'McCreary', '1965-09-12', 'M', 67, 418, 0),
(4721, 'Stévina', 'Shakeshaft', '1968-11-26', 'M', 1, 169, 0),
(4722, 'Almérinda', 'Aulds', '1980-11-19', 'M', 120, 494, 0),
(4723, 'Intéressant', 'Fidele', '1953-11-15', 'F', 106, 362, 0),
(4724, 'Mégane', 'Gheorghie', '1978-01-18', 'M', 82, 314, 0),
(4725, 'Marie-noël', 'Medlin', '1999-08-16', 'M', 44, 215, 0),
(4726, 'Simplifiés', 'Perassi', '1996-10-11', 'F', 37, 317, 0),
(4727, 'Cécile', 'Antoons', '1974-06-10', 'M', 44, 693, 0),
(4728, 'Östen', 'Altoft', NULL, 'F', 70, 182, 0),
(4729, 'Maéna', 'Cardew', '1968-04-11', 'M', 88, 326, 0),
(4730, 'Maëline', 'Paskins', '1999-11-13', 'F', 124, 36, 0),
(4731, 'Maëline', 'Hardin', '1965-02-25', 'F', 15, 387, 0),
(4732, 'Maïwenn', 'Guihen', '1981-04-28', 'F', 127, NULL, 0),
(4733, 'Nélie', 'Wigzell', '1999-03-06', 'F', 8, 36, 0),
(4734, 'Ruì', 'Bettinson', NULL, 'M', 14, 224, 0),
(4735, 'Maëlla', 'Hodge', '1987-08-18', 'M', 7, 445, 0),
(4736, 'Faîtes', 'O\' Mullan', '1995-02-05', 'F', 34, 219, 0),
(4737, 'Fèi', 'Erdis', '1957-01-16', 'F', 75, 242, 0),
(4738, 'Mélys', 'Klimshuk', '1961-02-03', 'M', 132, 193, 0),
(4739, 'Lyséa', 'Brownett', '1952-08-22', 'F', 74, 16, 0),
(4740, 'Pélagie', 'Dicker', '1998-01-28', NULL, 49, 270, 0),
(4741, 'Léana', 'Jerzykiewicz', '1958-04-08', 'F', 120, 430, 0),
(4742, 'Méryl', 'Begent', '1978-01-27', 'M', NULL, 531, 0),
(4743, 'Håkan', 'Philliskirk', '1975-08-31', 'M', 115, 406, 0),
(4744, 'Eléa', 'Goede', '1979-08-29', 'M', 7, 373, 0),
(4745, 'Maïwenn', 'Regitz', NULL, 'F', 23, 76, 0),
(4746, 'Agnès', 'Khosa', '1964-06-18', 'F', 61, 703, 0),
(4747, 'Maïté', 'Lamprey', '1994-06-02', 'M', 117, 447, 0),
(4748, 'Kévina', 'Rushford', '1988-09-22', 'M', 67, 96, 0),
(4749, 'Rachèle', 'Brandsen', '1954-04-23', 'M', 10, 566, 0),
(4750, 'Maëlyss', 'Cromack', '1952-01-17', 'F', 123, 408, 0),
(4751, 'Bérénice', 'Rothert', '1983-06-18', 'M', 120, 48, 0),
(4752, 'Åke', 'Roseveare', '1951-11-05', 'M', 16, 382, 0),
(4753, 'Véronique', 'Padfield', '1991-06-27', 'M', 53, 597, 0),
(4754, 'Noémie', 'Cuncliffe', '1953-08-20', 'F', 96, 49, 0),
(4755, 'Loïca', 'Demongeot', '1988-10-06', 'F', 145, NULL, 0),
(4756, 'Loïs', 'Glidder', '1971-01-06', 'M', 12, 708, 0),
(4757, 'Wá', 'Alexsandrovich', '1953-06-29', 'M', 151, 75, 0),
(4758, 'Estée', 'Stennard', '1952-02-03', 'F', 6, 8, 0),
(4759, 'Personnalisée', 'Lauga', NULL, 'M', 103, 208, 0),
(4760, 'Lucrèce', 'Prevett', '1964-05-11', NULL, 82, 341, 0),
(4761, 'Mélodie', 'Vivian', '1966-09-17', 'M', 83, 76, 0),
(4762, 'Örjan', 'Stokey', '1988-09-17', 'F', 128, 473, 0),
(4763, 'Audréanne', 'Leggs', '1977-09-19', 'F', 12, 254, 0),
(4764, 'Gisèle', 'Westhofer', '1961-06-26', 'M', 73, 106, 0),
(4765, 'Béatrice', 'MacClay', '1994-07-24', 'F', 117, 1, 0),
(4766, 'Jú', 'Surman-Wells', '1972-06-20', 'F', 112, 98, 0),
(4767, 'Gösta', 'Clackers', '1992-08-17', 'F', 63, 356, 0),
(4768, 'Gaïa', 'Farlamb', '1982-05-23', 'F', 150, 793, 0),
(4769, 'Maï', 'Garrettson', '1969-06-09', 'F', 120, 106, 0),
(4770, 'Adèle', 'Soffe', '2000-08-07', 'F', NULL, 113, 0),
(4771, 'Lài', 'Claige', '1975-12-10', 'F', 109, 549, 0),
(4772, 'Cécile', 'Shoosmith', '1997-07-23', 'F', 90, 276, 0),
(4773, 'Fèi', 'Pozzo', '1954-05-03', 'F', 55, 562, 0),
(4774, 'Maëly', 'Wherrit', NULL, 'M', 2, 327, 0),
(4775, 'Mélia', 'MacBrearty', '1973-02-26', 'F', 111, 183, 0),
(4776, 'Béatrice', 'Bolstridge', '1987-07-10', 'F', 10, 531, 0),
(4777, 'Marie-hélène', 'Moneti', '1970-01-03', NULL, 101, 9, 0),
(4778, 'Inès', 'Kubas', '1955-02-13', 'M', NULL, 224, 0),
(4779, 'Méryl', 'Stefanovic', '1967-09-10', 'M', 40, 377, 0),
(4780, 'Inès', 'Van Castele', '1987-11-06', 'F', 29, 638, 0),
(4781, 'Håkan', 'Fenge', '1998-05-04', 'F', 107, 694, 0),
(4782, 'Laïla', 'Braden', '1959-07-02', 'F', 143, 371, 0),
(4783, 'Maëlys', 'Sale', '1952-08-04', 'M', 59, 196, 0),
(4784, 'Geneviève', 'Bruun', '1952-01-17', 'M', 110, 633, 0),
(4785, 'Åke', 'Crosby', '1999-08-04', 'M', 128, 119, 0),
(4786, 'Bérénice', 'Steere', '1982-06-14', 'M', 103, 582, 0),
(4787, 'Mylène', 'Whittier', '1974-05-17', 'F', 98, 52, 0),
(4788, 'Naëlle', 'Manlow', '1959-08-18', 'F', 109, 164, 0),
(4789, 'Ruì', 'Hatch', '1971-05-24', 'F', 47, 197, 0),
(4790, 'Marie-thérèse', 'Airton', '1956-06-05', 'M', 79, 278, 0),
(4791, 'Ruì', 'Perott', '1993-12-10', 'M', 124, 430, 0),
(4792, 'Ruì', 'Ducker', '1999-12-22', 'M', 12, 503, 0),
(4793, 'Estée', 'Filintsev', '1998-05-29', 'F', 109, 571, 0),
(4794, 'Almérinda', 'Alker', '1956-09-19', 'F', 21, 181, 0),
(4795, 'Marie-thérèse', 'Scoble', '1983-10-30', 'M', 152, 381, 0),
(4796, 'Jú', 'Pykerman', '1994-08-27', 'M', 76, 574, 0),
(4797, 'Ráo', 'Norvill', '1954-03-11', 'F', 33, 649, 0),
(4798, 'Gaëlle', 'Tinan', '1987-03-27', 'M', 54, 744, 0),
(4799, 'Ruì', 'Greenwell', '1992-07-09', 'M', 78, NULL, 0),
(4800, 'Irène', 'Gall', '1960-07-12', 'F', 42, 224, 0),
(4801, 'Annotés', 'Tulloch', '1954-03-08', 'F', 118, 754, 0),
(4802, 'Bérénice', 'Jiri', '2003-09-27', 'M', 1, 104, 0),
(4803, 'Hélène', 'McIlory', '1976-06-07', 'M', 57, 648, 0),
(4804, 'Audréanne', 'MacGowan', '1997-07-12', 'M', 32, 118, 0),
(4805, 'Kuí', 'Ferronet', '1951-04-17', 'M', 86, 421, 0),
(4806, 'Maï', 'Applin', '1953-06-08', 'M', 103, 44, 0),
(4807, 'Célia', 'O\'Hannay', '1966-06-15', 'M', 57, 447, 0),
(4808, 'Océanne', 'Ainsby', '1968-03-21', 'F', 99, 431, 0),
(4809, 'Renée', 'Sidworth', '1979-06-09', 'M', 32, 160, 0),
(4810, 'Bénédicte', 'Fernyhough', '1994-08-02', 'F', 142, 41, 0),
(4811, 'Vénus', 'Matthesius', NULL, 'F', 135, 311, 0),
(4812, 'Léonie', 'Casaro', '1953-08-09', 'F', 110, 572, 0),
(4813, 'Alizée', 'Philippon', '1965-09-02', 'M', 148, 734, 0),
(4814, 'Sòng', 'Van der Veldt', '1968-08-24', 'F', 92, 776, 0),
(4815, 'Ráo', 'Ballefant', '1950-07-11', 'M', 143, 738, 0),
(4816, 'Angèle', 'Holdin', '1979-02-08', 'M', 69, 708, 0),
(4817, 'Eugénie', 'Forsythe', '1957-06-18', 'M', 137, 295, 0),
(4818, 'Måns', 'Ivamy', '1962-03-21', 'M', 55, 664, 0),
(4819, 'Lèi', 'Brownbridge', '1987-05-10', 'M', 77, 122, 0),
(4820, 'Fèi', 'Cochern', '1987-06-30', 'M', 87, 698, 0),
(4821, 'Angèle', 'Swannack', '2000-11-04', 'M', 153, 740, 0),
(4822, 'Fèi', 'McCarroll', '1988-12-04', 'M', 101, 652, 0),
(4823, 'Agnès', 'Monget', '1979-04-16', 'F', 143, 461, 0),
(4824, 'Audréanne', 'Makin', '1994-05-21', 'F', 54, 36, 0),
(4825, 'Audréanne', 'MacCrachen', '1974-05-03', 'M', 75, 361, 0),
(4826, 'Méthode', 'Stannis', '1968-02-27', 'M', 86, 504, 0),
(4827, 'Célia', 'Handover', NULL, 'M', 11, 506, 0),
(4828, 'Lauréna', 'Treppas', '1975-12-31', 'M', 76, 83, 0),
(4829, 'Yénora', 'Sutehall', '1987-10-10', 'F', 102, 283, 0),
(4830, 'Kévina', 'Castel', '1960-12-16', 'F', 129, 355, 0),
(4831, 'Félicie', 'Pickthorne', '1992-02-14', 'M', 52, 211, 0),
(4832, 'Andréanne', 'Dunbobbin', '1968-12-29', 'F', 56, 522, 0),
(4833, 'Loïca', 'Creboe', '2005-09-30', 'M', 76, NULL, 0),
(4834, 'Béatrice', 'Orehead', '1969-06-30', 'F', 11, 660, 0),
(4835, 'Zhì', 'Henfre', '1986-06-09', 'M', 26, 2, 0),
(4836, 'Crééz', 'Kolodziej', '1995-07-15', 'M', 48, 276, 0),
(4837, 'Táng', 'Evetts', '1952-07-02', 'F', 32, 35, 0),
(4838, 'Jú', 'Freund', '1976-06-12', 'F', NULL, 12, 0),
(4839, 'Marie-françoise', 'Legging', '1991-03-10', 'F', 109, 321, 0),
(4840, 'Mélanie', 'Rodgman', '1964-12-22', 'M', 60, 408, 0),
(4841, 'Rébecca', 'Archbald', '2000-03-18', 'F', 103, 200, 0),
(4842, 'Réservés', 'Glencross', NULL, 'F', 74, 39, 0),
(4843, 'Lyséa', 'Sturney', '1981-06-03', 'M', 75, 381, 0),
(4844, 'Léonie', 'Postan', '1988-02-03', 'F', 143, 371, 0),
(4845, 'Naëlle', 'Heakey', NULL, 'F', 16, 553, 0),
(4846, 'Annotée', 'Beiderbecke', '1995-09-14', 'F', 141, 574, 0),
(4847, 'Börje', 'Tomaskov', '1988-07-06', 'M', 35, 174, 0),
(4848, 'Noémie', 'Shrimplin', '1991-08-03', 'M', 28, 395, 0),
(4849, 'Annotés', 'Asplin', '1969-01-01', 'F', 37, 44, 0),
(4850, 'Angélique', 'Oene', '1988-03-13', 'M', 43, 100, 0),
(4851, 'Almérinda', 'Chantillon', '1989-01-25', 'M', 146, 794, 0),
(4852, 'Tú', 'Betonia', '1950-08-23', 'F', 61, 76, 0),
(4853, 'Néhémie', 'Grayshan', '1989-05-31', 'F', 111, 180, 0),
(4854, 'Valérie', 'Reide', '1996-02-04', 'M', 1, 48, 0),
(4855, 'Maëline', 'Broggio', '1989-05-02', 'M', 101, 194, 0),
(4856, 'Marie-josée', 'Canny', '2002-12-22', 'M', 32, 590, 0),
(4857, 'Réjane', 'Ambrosch', '1997-03-15', 'F', 135, 581, 0),
(4858, 'Geneviève', 'Monelli', '1971-12-28', 'F', 123, 575, 0),
(4859, 'Bérénice', 'Avraam', '1982-07-21', 'F', 44, 253, 0),
(4860, 'Méghane', 'Slafford', '1999-01-16', 'M', 42, 565, 0),
(4861, 'Maéna', 'Ridgway', '1971-06-28', 'F', NULL, 587, 0),
(4862, 'Fèi', 'Metzke', '1956-07-27', 'F', 115, 578, 0),
(4863, 'Réjane', 'Loweth', '1994-08-26', 'M', 10, 553, 0),
(4864, 'Gaétane', 'Tuckwell', '1965-04-17', 'M', 113, 84, 0),
(4865, 'Ruì', 'Kardos-Stowe', '1991-03-16', 'M', 1, 138, 0),
(4866, 'Kuí', 'Dunster', '1978-10-19', 'M', 73, 787, 0),
(4867, 'Lén', 'Baldock', '1975-10-12', 'M', 44, 581, 0),
(4868, 'Géraldine', 'Temlett', '1967-01-22', 'M', 26, 447, 0),
(4869, 'Médiamass', 'Desseine', '1997-02-01', 'M', 79, 157, 0),
(4870, 'Méline', 'Firbanks', '1993-10-30', 'F', 9, 468, 0),
(4871, 'Lài', 'Killcross', '1972-12-14', 'F', 37, 659, 0),
(4872, 'Lucrèce', 'Whillock', '1995-06-14', 'M', 26, 452, 0),
(4873, 'Lèi', 'Thake', '1973-05-10', 'F', 11, 571, 0),
(4874, 'Bénédicte', 'Pont', '1995-12-22', 'M', 150, 99, 0),
(4875, 'Mégane', 'Posnett', '1984-12-30', 'M', 50, 320, 0),
(4876, 'Wá', 'Lacknor', NULL, 'F', 116, 358, 0),
(4877, 'Yú', 'Ivoshin', '1998-09-26', 'M', NULL, 463, 0),
(4878, 'Anaël', 'Pavyer', '1956-06-20', 'M', 70, 700, 0),
(4879, 'Rachèle', 'Campelli', '1956-08-09', 'F', 62, 294, 0),
(4880, 'Åsa', 'Leijs', '2003-11-17', 'M', 26, 611, 0),
(4881, 'Yóu', 'Beavington', '1966-02-17', 'F', 38, 6, 0),
(4882, 'Réservés', 'Keepin', '1970-06-09', 'M', 10, 500, 0),
(4883, 'Táng', 'Playfoot', '1990-06-25', 'M', 7, 668, 0),
(4884, 'Aurélie', 'Whitemarsh', '1995-06-18', 'M', 117, 296, 0),
(4885, 'Laurène', 'Water', '1986-09-27', 'M', 123, 92, 0),
(4886, 'Edmée', 'Buckwell', NULL, 'M', 26, 718, 0),
(4887, 'Béatrice', 'Urlich', '1990-03-31', 'M', 42, 549, 0),
(4888, 'Michèle', 'Doutch', '1980-02-26', 'M', 85, 493, 0),
(4889, 'Åslög', 'Thomasset', '1980-10-28', 'F', 65, 773, 0),
(4890, 'Anaïs', 'De Angelo', NULL, 'M', 44, 206, 0),
(4891, 'Lèi', 'Huxton', '1988-07-21', 'M', 54, 485, 0),
(4892, 'Publicité', 'Castagne', '1982-05-15', 'F', 43, 14, 0),
(4893, 'Dafnée', 'Oxenham', '1955-03-08', NULL, 63, 793, 0),
(4894, 'Garçon', 'Skoate', '1992-09-02', 'M', 91, 404, 0),
(4895, 'Dù', 'Sommerland', '1971-03-20', 'F', 66, 31, 0),
(4896, 'Aí', 'Tammadge', '1991-06-05', 'M', 83, 293, 0),
(4897, 'Lauréna', 'Shervil', NULL, 'F', 97, 33, 0),
(4898, 'Marie-josée', 'Bolsteridge', '1983-01-28', 'F', 46, 706, 0),
(4899, 'Gaétane', 'McDermott', '1973-01-30', 'F', 107, 613, 0),
(4900, 'Gaëlle', 'Tarr', '2001-05-21', 'F', 54, 313, 0),
(4901, 'Clémence', 'Sudworth', '1993-01-09', 'M', 153, 201, 0),
(4902, 'Torbjörn', 'Stannis', '1994-08-04', 'M', 68, 522, 0),
(4903, 'Ráo', 'Swales', '1974-08-03', 'M', 75, 662, 0),
(4904, 'Laurélie', 'Kellog', '1956-06-05', 'F', NULL, 221, 0),
(4905, 'Adélie', 'Maidlow', '1952-12-17', 'M', 82, NULL, 0),
(4906, 'Anaël', 'Magne', '1981-06-04', 'F', 123, 627, 0),
(4907, 'Börje', 'Beville', '1974-02-23', 'M', 81, 681, 0),
(4908, 'Danièle', 'Landon', '1968-07-30', 'F', 41, 563, 0),
(4909, 'Audréanne', 'Vala', '1975-07-26', NULL, 37, 32, 0),
(4910, 'Noémie', 'Joint', '1973-06-22', 'F', 48, 646, 0),
(4911, 'Béatrice', 'Got', '1955-02-19', 'M', 53, NULL, 0),
(4912, 'Marie-ève', 'Huetson', NULL, 'M', 87, 532, 0),
(4913, 'Mélodie', 'Yoakley', '1980-03-14', 'F', 81, 718, 0),
(4914, 'Märta', 'Pencot', '1985-06-09', 'M', 71, 620, 0),
(4915, 'Yáo', 'Piens', '1958-08-13', 'F', 76, 278, 0),
(4916, 'Gaëlle', 'Thamelt', '1973-09-18', 'M', 20, 442, 0),
(4917, 'Danièle', 'Pasmore', '1950-04-05', 'M', 112, 127, 0),
(4918, 'Desirée', 'Ingreda', '1959-05-11', 'F', 153, 472, 0),
(4919, 'Mélina', 'Burren', '1952-05-28', 'F', 85, 6, 0),
(4920, 'Ráo', 'Maskrey', '1958-04-20', 'F', 136, 710, 0),
(4921, 'Séréna', 'Lympany', '2002-07-08', 'F', 37, 374, 0),
(4922, 'Valérie', 'Dowe', '1962-09-11', 'M', 57, 256, 0),
(4923, 'Cécile', 'Grimsley', '1982-08-31', 'M', 101, 550, 0),
(4924, 'Marie-thérèse', 'Gavagan', '1995-05-10', 'F', 39, 578, 0),
(4925, 'Dorothée', 'Gariff', '1997-10-19', 'F', 104, 620, 0),
(4926, 'Hélène', 'Peron', '2003-02-04', 'F', 42, 733, 0),
(4927, 'Mårten', 'Duck', '1970-12-06', 'M', 137, 759, 0),
(4928, 'Gaïa', 'Shutt', '1998-06-14', 'M', 16, 756, 0),
(4929, 'Noémie', 'Kennett', NULL, 'F', 100, 713, 0),
(4930, 'Rébecca', 'Bruniges', '1955-09-30', 'M', 78, 529, 0),
(4931, 'Géraldine', 'Hardesty', '1992-02-05', 'M', 24, 39, 0),
(4932, 'Andréa', 'Dodgshon', '1972-09-29', 'M', 96, 443, 0),
(4933, 'Maïly', 'Laskey', '1997-04-30', 'M', 97, 759, 0),
(4934, 'Léa', 'Thursby', '1973-02-13', 'F', 121, 68, 0),
(4935, 'Bécassine', 'Zuanazzi', '1998-03-26', 'M', 54, NULL, 0),
(4936, 'Médiamass', 'Romushkin', '1959-05-19', 'M', 6, 245, 0),
(4937, 'Pénélope', 'Gillimgham', '1996-01-04', 'F', 107, 129, 0),
(4938, 'Intéressant', 'Hexter', '1975-07-10', 'F', 142, 35, 0),
(4939, 'Marie-thérèse', 'Greenhouse', '1972-07-13', 'M', 127, 167, 0),
(4940, 'Stéphanie', 'McEllen', '1993-04-06', 'M', 119, 592, 0),
(4941, 'Josée', 'Sulman', '1974-08-28', 'M', 61, 100, 0),
(4942, 'Erwéi', 'Gurnett', '1964-10-17', 'F', 131, 218, 0),
(4943, 'Kuí', 'Tydd', '1967-10-20', 'M', 9, 235, 0),
(4944, 'Amélie', 'Hibbart', '1966-06-26', 'F', 1, 307, 0),
(4945, 'Publicité', 'Blowen', '2001-03-07', 'F', 119, 625, 0),
(4946, 'Michèle', 'Riveles', NULL, 'F', 17, 635, 0),
(4947, 'Anaïs', 'Melan', NULL, 'M', 136, 370, 0),
(4948, 'Cunégonde', 'De Simoni', '1996-09-14', 'M', 4, 155, 0),
(4949, 'Mélissandre', 'Josskovitz', '1993-10-21', 'M', 141, 98, 0),
(4950, 'Lài', 'Betjeman', '1973-01-20', 'M', 76, 16, 0),
(4951, 'Maïwenn', 'Forster', '1966-02-03', 'M', 30, 517, 0),
(4952, 'Dà', 'Glasard', '1990-01-01', 'M', 9, 634, 0),
(4953, 'Aí', 'Yezafovich', '2001-09-04', NULL, NULL, 145, 0),
(4954, 'Zhì', 'Byrnes', '1987-11-16', 'M', 84, 774, 0),
(4955, 'Clémentine', 'Grealey', '2003-12-31', 'F', 149, 111, 0),
(4956, 'Méthode', 'Solomon', '1970-10-08', 'F', 126, 262, 0),
(4957, 'Gaétane', 'D\'Arrigo', '1971-07-10', 'M', 97, 794, 0),
(4958, 'Anaïs', 'Larose', '1956-09-09', 'F', 36, 8, 0),
(4959, 'Maéna', 'Chapelhow', '1964-11-29', 'M', 27, 297, 0),
(4960, 'Ophélie', 'Farey', '1953-07-10', 'M', 144, 194, 0),
(4961, 'Dà', 'Castiblanco', '1959-07-03', 'M', 36, 26, 0),
(4962, 'Annotés', 'Challiner', '1990-09-05', 'M', 7, 517, 0),
(4963, 'Lén', 'Butten', '1966-12-30', 'F', 153, 532, 0),
(4964, 'Salomé', 'Forrester', '1975-06-06', 'F', 100, 687, 0),
(4965, 'Néhémie', 'Wendover', '1959-03-16', 'M', 73, 586, 0),
(4966, 'Angèle', 'Quarrington', NULL, 'F', 73, 207, 0),
(4967, 'Réservés', 'Mulholland', '1999-12-13', 'M', 63, 178, 0),
(4968, 'Daphnée', 'Rodolfi', '1994-03-06', 'F', 75, 687, 0),
(4969, 'Danièle', 'Yate', '1963-11-22', 'F', 82, 531, 0),
(4970, 'Táng', 'Plaister', '1986-05-16', 'M', 129, 580, 0),
(4971, 'Desirée', 'Dell \'Orto', '1967-09-18', 'F', 1, 641, 0),
(4972, 'Noémie', 'Bunney', '1962-03-01', NULL, 2, 199, 0),
(4973, 'Ruò', 'Munnis', '1977-05-10', 'M', 130, 162, 0),
(4974, 'Estève', 'Perassi', '1970-09-26', 'F', 150, 477, 0),
(4975, 'Léonore', 'Speed', '1995-04-24', 'F', 11, 291, 0),
(4976, 'Estève', 'Losty', NULL, 'F', 124, 25, 0),
(4977, 'Joséphine', 'Clement', NULL, 'F', 56, 412, 0),
(4978, 'Cinéma', 'Sharpless', '2003-12-25', 'F', 99, 232, 0),
(4979, 'Maëlle', 'Horche', '1972-04-27', 'M', 136, 97, 0),
(4980, 'Céline', 'Milch', '1969-01-29', 'M', 53, 192, 0),
(4981, 'Maïlys', 'Thwaites', NULL, 'F', 128, 301, 0),
(4982, 'Adélaïde', 'Borles', '2005-12-12', 'M', 107, 430, 0),
(4983, 'Marylène', 'Faithorn', '1959-05-16', 'M', 19, 27, 0),
(4984, 'Fèi', 'Dotterill', NULL, 'F', 135, 507, 0),
(4985, 'Loïca', 'Priddis', '1988-05-19', 'F', 21, 425, 0),
(4986, 'Örjan', 'Giorgetti', '1978-12-22', 'F', 149, 547, 0),
(4987, 'Ruò', 'MacNaughton', '1977-12-11', 'F', 92, 717, 0),
(4988, 'Naéva', 'Binyon', '1952-05-05', 'F', 115, 43, 0),
(4989, 'Méng', 'Walewicz', '1963-01-30', 'M', 87, 173, 0),
(4990, 'Audréanne', 'Tookill', '1950-08-01', 'M', 99, 403, 0),
(4991, 'Bénédicte', 'Hulance', '1961-11-24', 'M', 94, 9, 0),
(4992, 'Mà', 'Vigus', '1951-02-01', 'M', 67, 88, 0),
(4993, 'Laïla', 'Lelande', '1984-12-07', NULL, 10, 251, 0),
(4994, 'Yáo', 'Capozzi', '1992-09-27', NULL, 90, 661, 0),
(4995, 'Annotés', 'Allain', '1977-11-04', 'M', 137, 35, 0),
(4996, 'Gérald', 'Donizeau', NULL, 'F', 39, 84, 0),
(4997, 'Valérie', 'Bordiss', '1997-04-10', 'M', 121, 703, 0),
(4998, 'Táng', 'Gouldie', '2003-08-16', 'M', 153, 298, 0),
(4999, 'Måns', 'Bastock', '1967-03-10', 'F', 10, 268, 0),
(5000, 'Mårten', 'Forshaw', NULL, 'F', 71, 344, 0),
(5001, 'Laïla', 'Brace', '1955-02-26', 'M', NULL, 50, 0),
(5002, 'maccalo', 'luchetto', NULL, 'M', 2, 2, 0),
(5003, 'Marco', 'Aurelio', '2003-11-22', 'M', 27, NULL, 0),
(5004, 'Mario', 'Rossi', '2000-03-22', 'M', 35, 184, 0);

-- --------------------------------------------------------

--
-- Struttura della tabella `employees_hierarchies`
--

CREATE TABLE `employees_hierarchies` (
  `id` int(11) NOT NULL,
  `superior_fk` int(11) NOT NULL,
  `subordinate_fk` int(11) NOT NULL,
  `is_valid` tinyint(1) NOT NULL DEFAULT 0
) ENGINE=InnoDB DEFAULT CHARSET=utf8mb4 COLLATE=utf8mb4_general_ci;

--
-- Dump dei dati per la tabella `employees_hierarchies`
--

INSERT INTO `employees_hierarchies` (`id`, `superior_fk`, `subordinate_fk`, `is_valid`) VALUES
(1, 963, 4501, 0),
(2, 963, 3412, 0),
(3, 963, 4167, 0),
(4, 4167, 1, 0),
(5, 4167, 2136, 0),
(6, 1, 4879, 0),
(7, 2, 2620, 0),
(8, 2620, 2798, 0),
(9, 2620, 4477, 0),
(10, 2, 674, 0),
(11, 2798, 1350, 0),
(12, 674, 635, 0),
(13, 2798, 2151, 0),
(14, 2620, 3505, 0),
(15, 2151, 1838, 0),
(16, 674, 3597, 0),
(17, 3605, 3, 0),
(18, 3605, 3087, 0),
(19, 3605, 4645, 0),
(20, 4324, 2389, 0),
(21, 4324, 494, 0),
(22, 2389, 878, 0),
(23, 878, 2685, 0),
(24, 494, 1158, 0),
(25, 878, 3871, 0),
(26, 1158, 3810, 0),
(27, 4324, 155, 0),
(28, 4324, 4, 0),
(29, 1158, 3305, 0),
(30, 1464, 4204, 0),
(31, 4204, 467, 0),
(32, 467, 28, 0),
(33, 1464, 1424, 0),
(34, 1464, 5, 0),
(35, 4204, 1486, 0),
(36, 2745, 6, 0),
(37, 2745, 3408, 0),
(38, 3408, 143, 0),
(39, 4850, 283, 0),
(40, 4850, 3279, 0),
(41, 4850, 2987, 0),
(42, 3279, 2380, 0),
(43, 3279, 7, 0),
(44, 283, 195, 0),
(45, 7, 931, 0),
(46, 931, 4941, 0),
(47, 4850, 4504, 0),
(48, 195, 752, 0),
(49, 4504, 4119, 0),
(50, 4075, 8, 0),
(51, 4075, 4521, 0),
(52, 4075, 341, 0),
(53, 341, 3068, 0),
(54, 8, 4402, 0),
(55, 4005, 4669, 0),
(56, 4669, 1024, 0),
(57, 4669, 1610, 0),
(58, 4669, 9, 0),
(59, 4005, 993, 0),
(60, 1024, 3437, 0),
(61, 1024, 1757, 0),
(62, 4987, 10, 0),
(63, 4987, 594, 0),
(64, 4987, 1326, 0),
(65, 4987, 24, 0),
(66, 2474, 4093, 0),
(67, 4093, 1428, 0),
(68, 1428, 11, 0),
(69, 11, 1839, 0),
(70, 1428, 4581, 0),
(71, 4093, 291, 0),
(72, 1428, 1429, 0),
(73, 4093, 3155, 0),
(74, 4093, 4655, 0),
(75, 3266, 4613, 0),
(76, 4613, 3972, 0),
(77, 3972, 12, 0),
(78, 3266, 1736, 0),
(79, 3972, 2104, 0),
(80, 125, 13, 0),
(81, 125, 1049, 0),
(82, 1049, 1430, 0),
(83, 13, 3983, 0),
(84, 13, 4974, 0),
(85, 1049, 197, 0),
(86, 2875, 3918, 0),
(87, 2875, 3900, 0),
(88, 3900, 2720, 0),
(89, 2720, 14, 0),
(90, 14, 3039, 0),
(91, 14, 3721, 0),
(92, 716, 15, 0),
(93, 716, 4111, 0),
(94, 716, 3930, 0),
(95, 15, 1946, 0),
(96, 716, 1867, 0),
(97, 1867, 1085, 0),
(98, 4111, 1620, 0),
(99, 16, 4087, 0),
(100, 16, 3226, 0),
(101, 16, 1661, 0),
(102, 3298, 3502, 0),
(103, 3502, 1368, 0),
(104, 1368, 17, 0),
(105, 609, 2317, 0),
(106, 2317, 1322, 0),
(107, 1322, 2924, 0),
(108, 2924, 18, 0),
(109, 18, 723, 0),
(110, 18, 813, 0),
(111, 18, 2511, 0),
(112, 2317, 1793, 0),
(113, 609, 1157, 0),
(114, 3092, 2348, 0),
(115, 2348, 19, 0),
(116, 3092, 2661, 0),
(117, 19, 3010, 0),
(118, 4175, 1915, 0),
(119, 1915, 272, 0),
(120, 1915, 20, 0),
(121, 4175, 3813, 0),
(122, 1915, 3657, 0),
(123, 272, 3745, 0),
(124, 3657, 1009, 0),
(125, 4175, 4585, 0),
(126, 1009, 2198, 0),
(127, 3745, 4423, 0),
(128, 3657, 1228, 0),
(129, 1009, 1728, 0),
(130, 4585, 2614, 0),
(131, 4175, 186, 0),
(132, 3947, 4483, 0),
(133, 3947, 3855, 0),
(134, 4483, 2637, 0),
(135, 4483, 2470, 0),
(136, 2637, 4658, 0),
(137, 3855, 21, 0),
(138, 2608, 2944, 0),
(139, 2944, 886, 0),
(140, 2944, 581, 0),
(141, 886, 4589, 0),
(142, 581, 3411, 0),
(143, 4589, 4193, 0),
(144, 581, 509, 0),
(145, 886, 415, 0),
(146, 3411, 22, 0),
(147, 509, 2514, 0),
(148, 1892, 3591, 0),
(149, 3591, 1864, 0),
(150, 1864, 417, 0),
(151, 417, 23, 0),
(152, 1864, 2536, 0),
(153, 417, 3881, 0),
(154, 1864, 4388, 0),
(155, 2391, 25, 0),
(156, 2391, 562, 0),
(157, 2391, 1416, 0),
(158, 1416, 4155, 0),
(159, 562, 2723, 0),
(160, 25, 3136, 0),
(161, 2391, 4973, 0),
(162, 4155, 1184, 0),
(163, 2479, 713, 0),
(164, 2479, 939, 0),
(165, 2479, 1854, 0),
(166, 939, 1155, 0),
(167, 713, 891, 0),
(168, 2479, 675, 0),
(169, 1854, 3850, 0),
(170, 1155, 2274, 0),
(171, 675, 26, 0),
(172, 1580, 4287, 0),
(173, 1580, 879, 0),
(174, 4287, 4104, 0),
(175, 879, 1317, 0),
(176, 879, 1347, 0),
(177, 879, 4195, 0),
(178, 1347, 2554, 0),
(179, 4104, 1937, 0),
(180, 4195, 2801, 0),
(181, 879, 2024, 0),
(182, 2801, 27, 0),
(183, 29, 320, 0),
(184, 29, 1423, 0),
(185, 29, 2658, 0),
(186, 29, 1917, 0),
(187, 3565, 2452, 0),
(188, 2452, 30, 0),
(189, 30, 48, 0),
(190, 30, 1670, 0),
(191, 1670, 1211, 0),
(192, 2452, 918, 0),
(193, 1670, 4659, 0),
(194, 918, 2982, 0),
(195, 918, 1462, 0),
(196, 4659, 3671, 0),
(197, 2452, 644, 0),
(198, 1670, 2727, 0),
(199, 2587, 1496, 0),
(200, 2587, 31, 0),
(201, 2587, 1699, 0),
(202, 1496, 2073, 0),
(203, 1496, 3204, 0),
(204, 31, 2873, 0),
(205, 2076, 2654, 0),
(206, 2654, 1208, 0),
(207, 1208, 32, 0),
(208, 32, 4632, 0),
(209, 2654, 1778, 0),
(210, 1778, 422, 0),
(211, 2076, 289, 0),
(212, 4020, 33, 0),
(213, 33, 1411, 0),
(214, 1411, 2951, 0),
(215, 2951, 2865, 0),
(216, 1523, 4253, 0),
(217, 4253, 3578, 0),
(218, 3578, 34, 0),
(219, 3578, 2455, 0),
(220, 1523, 839, 0),
(221, 1523, 2523, 0),
(222, 4253, 1613, 0),
(223, 1613, 4390, 0),
(224, 4253, 1277, 0),
(225, 1277, 2844, 0),
(226, 3673, 533, 0),
(227, 3673, 1624, 0),
(228, 3673, 4170, 0),
(229, 4170, 35, 0),
(230, 36, 2541, 0),
(231, 36, 2465, 0),
(232, 2541, 3294, 0),
(233, 2465, 2780, 0),
(234, 2176, 2724, 0),
(235, 2724, 1902, 0),
(236, 1902, 4395, 0),
(237, 1902, 1086, 0),
(238, 2176, 3144, 0),
(239, 4395, 37, 0),
(240, 1902, 3869, 0),
(241, 38, 1091, 0),
(242, 1091, 966, 0),
(243, 1091, 859, 0),
(244, 1091, 1640, 0),
(245, 887, 2048, 0),
(246, 2048, 2579, 0),
(247, 887, 39, 0),
(248, 40, 2200, 0),
(249, 2200, 191, 0),
(250, 40, 4044, 0),
(251, 191, 3710, 0),
(252, 2200, 2291, 0),
(253, 40, 3202, 0),
(254, 230, 3515, 0),
(255, 3515, 2960, 0),
(256, 230, 41, 0),
(257, 41, 610, 0),
(258, 41, 4434, 0),
(259, 3515, 1480, 0),
(260, 3864, 2755, 0),
(261, 2755, 1969, 0),
(262, 3864, 258, 0),
(263, 3864, 3361, 0),
(264, 3361, 1235, 0),
(265, 1235, 42, 0),
(266, 1235, 1859, 0),
(267, 1969, 1415, 0),
(268, 3864, 1927, 0),
(269, 3141, 4832, 0),
(270, 3141, 4452, 0),
(271, 3141, 3353, 0),
(272, 4832, 4112, 0),
(273, 4452, 43, 0),
(274, 43, 3664, 0),
(275, 4452, 1506, 0),
(276, 3353, 4902, 0),
(277, 1506, 2407, 0),
(278, 4452, 3088, 0),
(279, 234, 2152, 0),
(280, 2152, 4595, 0),
(281, 2152, 424, 0),
(282, 2152, 3391, 0),
(283, 424, 4729, 0),
(284, 4595, 4647, 0),
(285, 234, 2081, 0),
(286, 4647, 112, 0),
(287, 4729, 3117, 0),
(288, 234, 44, 0),
(289, 3391, 47, 0),
(290, 2081, 1048, 0),
(291, 4637, 45, 0),
(292, 45, 754, 0),
(293, 45, 4362, 0),
(294, 3124, 1338, 0),
(295, 3124, 4971, 0),
(296, 3124, 46, 0),
(297, 1338, 3941, 0),
(298, 4503, 2318, 0),
(299, 4503, 2690, 0),
(300, 2690, 623, 0),
(301, 2690, 2702, 0),
(302, 2690, 402, 0),
(303, 623, 4138, 0),
(304, 2702, 4056, 0),
(305, 2318, 1876, 0),
(306, 2702, 960, 0),
(307, 4056, 49, 0),
(308, 4503, 4765, 0),
(309, 2690, 3978, 0),
(310, 402, 3373, 0),
(311, 4250, 4511, 0),
(312, 4511, 2849, 0),
(313, 4511, 3714, 0),
(314, 2849, 698, 0),
(315, 4511, 4150, 0),
(316, 2849, 3287, 0),
(317, 2849, 406, 0),
(318, 4150, 50, 0),
(319, 3714, 1814, 0),
(320, 51, 4896, 0),
(321, 51, 2852, 0),
(322, 1282, 4235, 0),
(323, 4235, 4624, 0),
(324, 4624, 3726, 0),
(325, 3726, 52, 0),
(326, 53, 1849, 0),
(327, 1849, 218, 0),
(328, 53, 2527, 0),
(329, 2527, 897, 0),
(330, 1849, 1966, 0),
(331, 4884, 117, 0),
(332, 117, 2343, 0),
(333, 4884, 2148, 0),
(334, 117, 54, 0),
(335, 4884, 4030, 0),
(336, 4030, 4061, 0),
(337, 117, 3181, 0),
(338, 2766, 1422, 0),
(339, 1422, 1779, 0),
(340, 1422, 1567, 0),
(341, 2766, 55, 0),
(342, 55, 1296, 0),
(343, 2766, 2077, 0),
(344, 55, 3239, 0),
(345, 1296, 4892, 0),
(346, 1779, 3680, 0),
(347, 3680, 3959, 0),
(348, 56, 2126, 0),
(349, 2126, 768, 0),
(350, 768, 2304, 0),
(351, 2304, 1963, 0),
(352, 1568, 4194, 0),
(353, 1568, 2979, 0),
(354, 4194, 1535, 0),
(355, 2979, 57, 0),
(356, 1535, 3064, 0),
(357, 57, 3730, 0),
(358, 1568, 3643, 0),
(359, 57, 4309, 0),
(360, 2415, 58, 0),
(361, 58, 76, 0),
(362, 76, 4464, 0),
(363, 4464, 141, 0),
(364, 59, 1245, 0),
(365, 59, 2802, 0),
(366, 1245, 2864, 0),
(367, 2802, 889, 0),
(368, 59, 3162, 0),
(369, 2864, 2174, 0),
(370, 2174, 3896, 0),
(371, 889, 2145, 0),
(372, 2174, 1560, 0),
(373, 2864, 2434, 0),
(374, 2802, 1013, 0),
(375, 915, 1588, 0),
(376, 1588, 4164, 0),
(377, 4164, 3085, 0),
(378, 915, 811, 0),
(379, 3085, 60, 0),
(380, 811, 1652, 0),
(381, 811, 2759, 0),
(382, 2907, 3816, 0),
(383, 2907, 1206, 0),
(384, 2907, 61, 0),
(385, 2907, 4947, 0),
(386, 4807, 2528, 0),
(387, 4807, 62, 0),
(388, 62, 4868, 0),
(389, 62, 2140, 0),
(390, 2528, 3130, 0),
(391, 2140, 400, 0),
(392, 4807, 4747, 0),
(393, 2083, 3668, 0),
(394, 2083, 1070, 0),
(395, 2083, 63, 0),
(396, 63, 700, 0),
(397, 700, 729, 0),
(398, 3668, 3825, 0),
(399, 700, 3875, 0),
(400, 63, 1100, 0),
(401, 1070, 1251, 0),
(402, 4676, 3883, 0),
(403, 3883, 1229, 0),
(404, 1229, 846, 0),
(405, 3883, 4369, 0),
(406, 4676, 2877, 0),
(407, 3883, 64, 0),
(408, 2877, 4010, 0),
(409, 1229, 1943, 0),
(410, 846, 4827, 0),
(411, 2820, 1258, 0),
(412, 2820, 3737, 0),
(413, 3737, 65, 0),
(414, 1258, 2342, 0),
(415, 3318, 2823, 0),
(416, 3318, 4028, 0),
(417, 2823, 1559, 0),
(418, 2823, 66, 0),
(419, 1559, 4841, 0),
(420, 460, 1177, 0),
(421, 1177, 3055, 0),
(422, 1177, 865, 0),
(423, 865, 2555, 0),
(424, 460, 1716, 0),
(425, 3055, 2031, 0),
(426, 2555, 521, 0),
(427, 460, 3268, 0),
(428, 1177, 3344, 0),
(429, 3055, 4466, 0),
(430, 2555, 1933, 0),
(431, 2031, 67, 0),
(432, 4466, 4481, 0),
(433, 2758, 3823, 0),
(434, 3823, 68, 0),
(435, 3823, 4209, 0),
(436, 3823, 2315, 0),
(437, 1794, 4984, 0),
(438, 4984, 69, 0),
(439, 4984, 3392, 0),
(440, 3392, 1510, 0),
(441, 3392, 4510, 0),
(442, 2929, 1526, 0),
(443, 2929, 3059, 0),
(444, 3059, 3858, 0),
(445, 1526, 70, 0),
(446, 1526, 1193, 0),
(447, 1526, 2060, 0),
(448, 3059, 4329, 0),
(449, 2578, 1113, 0),
(450, 1113, 71, 0),
(451, 1113, 1938, 0),
(452, 1113, 608, 0),
(453, 2275, 72, 0),
(454, 2275, 1992, 0),
(455, 1992, 4706, 0),
(456, 72, 3299, 0),
(457, 4706, 3788, 0),
(458, 3409, 2094, 0),
(459, 2094, 4578, 0),
(460, 4578, 2741, 0),
(461, 4578, 73, 0),
(462, 74, 3558, 0),
(463, 74, 3192, 0),
(464, 3192, 208, 0),
(465, 3192, 4267, 0),
(466, 2657, 4215, 0),
(467, 2657, 1687, 0),
(468, 1687, 75, 0),
(469, 75, 1203, 0),
(470, 75, 3307, 0),
(471, 4215, 565, 0),
(472, 75, 4904, 0),
(473, 2900, 981, 0),
(474, 981, 1294, 0),
(475, 1294, 2715, 0),
(476, 2715, 1478, 0),
(477, 2715, 150, 0),
(478, 2715, 77, 0),
(479, 2900, 1970, 0),
(480, 4547, 2435, 0),
(481, 4547, 3453, 0),
(482, 3453, 78, 0),
(483, 78, 4186, 0),
(484, 2435, 4619, 0),
(485, 4619, 2177, 0),
(486, 4186, 3580, 0),
(487, 2435, 2055, 0),
(488, 3453, 3563, 0),
(489, 4214, 4693, 0),
(490, 4693, 2392, 0),
(491, 2392, 4752, 0),
(492, 2392, 79, 0),
(493, 80, 4960, 0),
(494, 4960, 4084, 0),
(495, 80, 285, 0),
(496, 4084, 4429, 0),
(497, 4429, 4855, 0),
(498, 4960, 1437, 0),
(499, 1437, 4097, 0),
(500, 4084, 4454, 0),
(501, 4948, 534, 0),
(502, 4948, 2817, 0),
(503, 534, 1392, 0),
(504, 1392, 3895, 0),
(505, 4948, 2193, 0),
(506, 2817, 3659, 0),
(507, 2817, 182, 0),
(508, 2817, 81, 0),
(509, 82, 2682, 0),
(510, 2682, 1077, 0),
(511, 82, 631, 0),
(512, 2682, 1693, 0),
(513, 631, 1648, 0),
(514, 2682, 1573, 0),
(515, 1573, 1389, 0),
(516, 2534, 4174, 0),
(517, 2534, 1123, 0),
(518, 4174, 3277, 0),
(519, 2534, 83, 0),
(520, 2534, 3079, 0),
(521, 1123, 2660, 0),
(522, 1123, 198, 0),
(523, 3460, 699, 0),
(524, 699, 4161, 0),
(525, 3460, 84, 0),
(526, 699, 2416, 0),
(527, 84, 4643, 0),
(528, 699, 3617, 0),
(529, 4064, 692, 0),
(530, 4064, 85, 0),
(531, 4064, 1127, 0),
(532, 830, 4026, 0),
(533, 830, 4200, 0),
(534, 4200, 2293, 0),
(535, 4026, 86, 0),
(536, 1312, 87, 0),
(537, 87, 2405, 0),
(538, 1312, 2821, 0),
(539, 1312, 2750, 0),
(540, 2405, 1446, 0),
(541, 4344, 2714, 0),
(542, 4344, 2378, 0),
(543, 4344, 2613, 0),
(544, 4344, 88, 0),
(545, 88, 311, 0),
(546, 2714, 2428, 0),
(547, 2378, 4898, 0),
(548, 88, 3040, 0),
(549, 89, 2197, 0),
(550, 89, 1590, 0),
(551, 2197, 1961, 0),
(552, 89, 4224, 0),
(553, 1809, 501, 0),
(554, 1809, 1509, 0),
(555, 501, 3293, 0),
(556, 3293, 90, 0),
(557, 1509, 4328, 0),
(558, 1809, 4788, 0),
(559, 501, 2496, 0),
(560, 3293, 3633, 0),
(561, 3633, 1006, 0),
(562, 501, 2995, 0),
(563, 1006, 4178, 0),
(564, 4788, 2240, 0),
(565, 135, 2986, 0),
(566, 135, 91, 0),
(567, 2986, 4767, 0),
(568, 4767, 2078, 0),
(569, 2078, 2748, 0),
(570, 2748, 4340, 0),
(571, 2078, 2649, 0),
(572, 2986, 2548, 0),
(573, 1227, 2241, 0),
(574, 2241, 1148, 0),
(575, 1148, 1046, 0),
(576, 1148, 92, 0),
(577, 1046, 613, 0),
(578, 93, 2606, 0),
(579, 93, 4641, 0),
(580, 1953, 307, 0),
(581, 307, 3545, 0),
(582, 3545, 94, 0),
(583, 94, 2130, 0),
(584, 2130, 3330, 0),
(585, 2130, 3327, 0),
(586, 296, 3898, 0),
(587, 296, 2706, 0),
(588, 296, 242, 0),
(589, 242, 95, 0),
(590, 96, 4409, 0),
(591, 96, 3271, 0),
(592, 3271, 569, 0),
(593, 96, 4311, 0),
(594, 3112, 1942, 0),
(595, 3112, 728, 0),
(596, 728, 97, 0),
(597, 728, 4760, 0),
(598, 2443, 4956, 0),
(599, 4956, 3341, 0),
(600, 3341, 4349, 0),
(601, 3341, 4153, 0),
(602, 4153, 841, 0),
(603, 3341, 98, 0),
(604, 3548, 99, 0),
(605, 3548, 4893, 0),
(606, 99, 1767, 0),
(607, 99, 4768, 0),
(608, 4768, 1408, 0),
(609, 4893, 2023, 0),
(610, 4768, 747, 0),
(611, 2712, 355, 0),
(612, 2712, 4089, 0),
(613, 4089, 4944, 0),
(614, 4944, 100, 0),
(615, 2712, 1345, 0),
(616, 1345, 3778, 0),
(617, 1727, 101, 0),
(618, 101, 2547, 0),
(619, 101, 3050, 0),
(620, 1727, 126, 0),
(621, 1727, 4148, 0),
(622, 101, 4034, 0),
(623, 1727, 1221, 0),
(624, 4148, 1684, 0),
(625, 2721, 102, 0),
(626, 102, 2812, 0),
(627, 2812, 179, 0),
(628, 102, 2258, 0),
(629, 102, 922, 0),
(630, 2721, 670, 0),
(631, 1209, 103, 0),
(632, 1209, 1857, 0),
(633, 1209, 778, 0),
(634, 1857, 4540, 0),
(635, 778, 3963, 0),
(636, 1517, 3339, 0),
(637, 1517, 964, 0),
(638, 1517, 401, 0),
(639, 964, 1302, 0),
(640, 964, 104, 0),
(641, 3339, 4210, 0),
(642, 3758, 3081, 0),
(643, 3081, 1008, 0),
(644, 3081, 4074, 0),
(645, 3081, 105, 0),
(646, 4074, 435, 0),
(647, 110, 3147, 0),
(648, 3147, 4793, 0),
(649, 4793, 453, 0),
(650, 453, 106, 0),
(651, 453, 4873, 0),
(652, 537, 4244, 0),
(653, 4244, 3434, 0),
(654, 537, 2640, 0),
(655, 3434, 107, 0),
(656, 537, 1777, 0),
(657, 4244, 1406, 0),
(658, 3434, 4575, 0),
(659, 1406, 3639, 0),
(660, 2471, 2453, 0),
(661, 2471, 4217, 0),
(662, 2453, 844, 0),
(663, 2471, 108, 0),
(664, 2471, 2037, 0),
(665, 2037, 3407, 0),
(666, 3536, 1724, 0),
(667, 1724, 412, 0),
(668, 3536, 4636, 0),
(669, 412, 109, 0),
(670, 902, 4811, 0),
(671, 4811, 1843, 0),
(672, 4811, 1179, 0),
(673, 902, 1215, 0),
(674, 1843, 505, 0),
(675, 1215, 921, 0),
(676, 4811, 3586, 0),
(677, 902, 1538, 0),
(678, 4811, 111, 0),
(679, 4811, 1834, 0),
(680, 4811, 3622, 0),
(681, 3381, 113, 0),
(682, 113, 4045, 0),
(683, 3381, 4428, 0),
(684, 4045, 2814, 0),
(685, 3538, 2803, 0),
(686, 2803, 2340, 0),
(687, 3538, 114, 0),
(688, 2803, 2499, 0),
(689, 3538, 1084, 0),
(690, 2340, 2350, 0),
(691, 3873, 3308, 0),
(692, 3308, 2781, 0),
(693, 3308, 115, 0),
(694, 2781, 3593, 0),
(695, 3593, 4514, 0),
(696, 323, 116, 0),
(697, 323, 2868, 0),
(698, 116, 1364, 0),
(699, 1364, 3836, 0),
(700, 118, 3911, 0),
(701, 118, 3914, 0),
(702, 118, 4697, 0),
(703, 3914, 256, 0),
(704, 3914, 4275, 0),
(705, 119, 3772, 0),
(706, 119, 2199, 0),
(707, 3772, 3099, 0),
(708, 3099, 3229, 0),
(709, 3772, 3115, 0),
(710, 3099, 706, 0),
(711, 3208, 3904, 0),
(712, 3904, 4288, 0),
(713, 4288, 120, 0),
(714, 4288, 3488, 0),
(715, 3904, 722, 0),
(716, 120, 3397, 0),
(717, 1313, 5000, 0),
(718, 5000, 263, 0),
(719, 263, 121, 0),
(720, 5000, 1491, 0),
(721, 122, 1068, 0),
(722, 122, 1427, 0),
(723, 1068, 990, 0),
(724, 123, 4219, 0),
(725, 4219, 2595, 0),
(726, 1504, 2180, 0),
(727, 2180, 3286, 0),
(728, 1504, 1913, 0),
(729, 2180, 124, 0),
(730, 1504, 4673, 0),
(731, 3244, 656, 0),
(732, 656, 335, 0),
(733, 656, 127, 0),
(734, 656, 1547, 0),
(735, 4145, 3482, 0),
(736, 3482, 128, 0),
(737, 128, 4071, 0),
(738, 785, 3734, 0),
(739, 3734, 129, 0),
(740, 3734, 2890, 0),
(741, 785, 3441, 0),
(742, 3734, 1201, 0),
(743, 130, 3218, 0),
(744, 130, 955, 0),
(745, 130, 1941, 0),
(746, 955, 601, 0),
(747, 955, 2778, 0),
(748, 601, 174, 0),
(749, 694, 823, 0),
(750, 694, 1441, 0),
(751, 1441, 131, 0),
(752, 1441, 281, 0),
(753, 281, 1079, 0),
(754, 1079, 2237, 0),
(755, 2237, 4990, 0),
(756, 281, 638, 0),
(757, 4990, 1890, 0),
(758, 132, 3706, 0),
(759, 3706, 2526, 0),
(760, 132, 4333, 0),
(761, 2526, 2414, 0),
(762, 3102, 3435, 0),
(763, 3435, 2353, 0),
(764, 3435, 4786, 0),
(765, 2353, 1697, 0),
(766, 3435, 3227, 0),
(767, 4786, 900, 0),
(768, 1697, 133, 0),
(769, 4786, 604, 0),
(770, 3389, 301, 0),
(771, 301, 134, 0),
(772, 134, 2263, 0),
(773, 301, 382, 0),
(774, 382, 3934, 0),
(775, 2263, 3512, 0),
(776, 301, 2515, 0),
(777, 2263, 1991, 0),
(778, 2154, 4577, 0),
(779, 2154, 2625, 0),
(780, 2154, 4779, 0),
(781, 4779, 1503, 0),
(782, 2154, 136, 0),
(783, 1503, 588, 0),
(784, 2625, 2075, 0),
(785, 4033, 4830, 0),
(786, 4033, 974, 0),
(787, 4830, 4666, 0),
(788, 974, 4674, 0),
(789, 4830, 137, 0),
(790, 137, 2266, 0),
(791, 4033, 3921, 0),
(792, 137, 1688, 0),
(793, 4674, 1704, 0),
(794, 974, 4450, 0),
(795, 138, 3359, 0),
(796, 3359, 2590, 0),
(797, 3359, 1187, 0),
(798, 138, 1925, 0),
(799, 3359, 2543, 0),
(800, 2590, 3866, 0),
(801, 1677, 4412, 0),
(802, 4412, 2087, 0),
(803, 1677, 1433, 0),
(804, 1677, 1657, 0),
(805, 1657, 139, 0),
(806, 1657, 1666, 0),
(807, 4856, 3274, 0),
(808, 3274, 140, 0),
(809, 140, 3458, 0),
(810, 4856, 3920, 0),
(811, 3458, 426, 0),
(812, 780, 142, 0),
(813, 780, 3178, 0),
(814, 142, 1644, 0),
(815, 3178, 4970, 0),
(816, 142, 1707, 0),
(817, 1644, 3969, 0),
(818, 1644, 997, 0),
(819, 3969, 3774, 0),
(820, 3969, 1803, 0),
(821, 1442, 1721, 0),
(822, 1442, 144, 0),
(823, 1721, 2441, 0),
(824, 3567, 145, 0),
(825, 145, 2347, 0),
(826, 3567, 3034, 0),
(827, 3034, 2807, 0),
(828, 890, 4661, 0),
(829, 890, 574, 0),
(830, 4661, 4066, 0),
(831, 890, 146, 0),
(832, 574, 1807, 0),
(833, 574, 3868, 0),
(834, 146, 2433, 0),
(835, 2532, 3160, 0),
(836, 3160, 147, 0),
(837, 147, 4284, 0),
(838, 148, 4278, 0),
(839, 148, 404, 0),
(840, 404, 4517, 0),
(841, 4278, 1714, 0),
(842, 1301, 523, 0),
(843, 1301, 2593, 0),
(844, 523, 4103, 0),
(845, 4103, 149, 0),
(846, 149, 1135, 0),
(847, 523, 2322, 0),
(848, 4103, 1571, 0),
(849, 1479, 2459, 0),
(850, 2459, 151, 0),
(851, 2462, 4927, 0),
(852, 4927, 152, 0),
(853, 2462, 4638, 0),
(854, 152, 4933, 0),
(855, 4927, 832, 0),
(856, 2462, 3267, 0),
(857, 3304, 2643, 0),
(858, 2643, 3733, 0),
(859, 2643, 2307, 0),
(860, 2643, 2691, 0),
(861, 2643, 3282, 0),
(862, 2691, 153, 0),
(863, 2373, 2476, 0),
(864, 2373, 1108, 0),
(865, 1108, 154, 0),
(866, 4557, 3773, 0),
(867, 4557, 2150, 0),
(868, 3773, 3161, 0),
(869, 2150, 2930, 0),
(870, 2930, 156, 0),
(871, 2970, 1239, 0),
(872, 1239, 4042, 0),
(873, 2970, 1166, 0),
(874, 4042, 3447, 0),
(875, 2970, 755, 0),
(876, 1166, 3219, 0),
(877, 1239, 157, 0),
(878, 157, 625, 0),
(879, 4042, 4797, 0),
(880, 4797, 2032, 0),
(881, 755, 1601, 0),
(882, 567, 2115, 0),
(883, 567, 1667, 0),
(884, 2115, 749, 0),
(885, 749, 3742, 0),
(886, 567, 1420, 0),
(887, 749, 158, 0),
(888, 305, 2886, 0),
(889, 2886, 4726, 0),
(890, 2886, 973, 0),
(891, 4726, 159, 0),
(892, 2886, 2696, 0),
(893, 160, 297, 0),
(894, 297, 284, 0),
(895, 160, 2426, 0),
(896, 160, 2994, 0),
(897, 284, 2196, 0),
(898, 2994, 1050, 0),
(899, 2426, 1980, 0),
(900, 1050, 4319, 0),
(901, 235, 161, 0),
(902, 235, 3128, 0),
(903, 161, 3853, 0),
(904, 3853, 3995, 0),
(905, 2914, 3975, 0),
(906, 3975, 3648, 0),
(907, 2914, 2687, 0),
(908, 3975, 651, 0),
(909, 651, 2671, 0),
(910, 2687, 4068, 0),
(911, 4068, 2912, 0),
(912, 2671, 162, 0),
(913, 359, 4649, 0),
(914, 4649, 3423, 0),
(915, 359, 2346, 0),
(916, 4649, 1781, 0),
(917, 4649, 697, 0),
(918, 4649, 348, 0),
(919, 697, 163, 0),
(920, 2125, 858, 0),
(921, 858, 2019, 0),
(922, 858, 1114, 0),
(923, 2125, 164, 0),
(924, 2019, 4418, 0),
(925, 2125, 759, 0),
(926, 1553, 796, 0),
(927, 1553, 1216, 0),
(928, 1216, 1654, 0),
(929, 1216, 3073, 0),
(930, 796, 2832, 0),
(931, 1216, 165, 0),
(932, 2429, 3126, 0),
(933, 3126, 166, 0),
(934, 166, 3243, 0),
(935, 2429, 3988, 0),
(936, 2429, 3708, 0),
(937, 3988, 2277, 0),
(938, 3708, 927, 0),
(939, 3243, 2211, 0),
(940, 4420, 3537, 0),
(941, 4420, 1133, 0),
(942, 1133, 1789, 0),
(943, 3537, 2100, 0),
(944, 1789, 167, 0),
(945, 167, 356, 0),
(946, 4232, 245, 0),
(947, 245, 4496, 0),
(948, 4496, 3150, 0),
(949, 245, 2841, 0),
(950, 4232, 4374, 0),
(951, 3150, 736, 0),
(952, 4232, 168, 0),
(953, 4232, 423, 0),
(954, 4374, 3793, 0),
(955, 736, 1899, 0),
(956, 1544, 4355, 0),
(957, 4355, 169, 0),
(958, 169, 2512, 0),
(959, 4355, 1983, 0),
(960, 170, 1167, 0),
(961, 170, 2226, 0),
(962, 170, 4612, 0),
(963, 2502, 2175, 0),
(964, 2175, 2492, 0),
(965, 2502, 1386, 0),
(966, 2175, 3444, 0),
(967, 2175, 2935, 0),
(968, 2492, 171, 0),
(969, 2502, 1507, 0),
(970, 3083, 2853, 0),
(971, 2853, 3906, 0),
(972, 2853, 172, 0),
(973, 172, 313, 0),
(974, 3280, 3108, 0),
(975, 3108, 4304, 0),
(976, 4304, 173, 0),
(977, 4304, 2529, 0),
(978, 2529, 4122, 0),
(979, 4122, 1303, 0),
(980, 4122, 4140, 0),
(981, 1303, 4881, 0),
(982, 173, 4919, 0),
(983, 175, 4302, 0),
(984, 175, 3587, 0),
(985, 175, 2743, 0),
(986, 4302, 3503, 0),
(987, 175, 4230, 0),
(988, 3503, 3685, 0),
(989, 2648, 3194, 0),
(990, 2648, 3997, 0),
(991, 3194, 176, 0),
(992, 3997, 273, 0),
(993, 3790, 2897, 0),
(994, 2897, 1018, 0),
(995, 2897, 177, 0),
(996, 1039, 1944, 0),
(997, 1944, 178, 0),
(998, 1944, 2457, 0),
(999, 178, 2624, 0),
(1000, 178, 4813, 0),
(1001, 1169, 180, 0),
(1002, 1169, 4709, 0),
(1003, 4709, 3119, 0),
(1004, 1169, 3523, 0),
(1005, 1169, 2765, 0),
(1006, 3119, 3652, 0),
(1007, 180, 2952, 0),
(1008, 1438, 3223, 0),
(1009, 1438, 181, 0),
(1010, 1438, 3258, 0),
(1011, 3258, 223, 0),
(1012, 3223, 2768, 0),
(1013, 4722, 236, 0),
(1014, 236, 3335, 0),
(1015, 236, 3436, 0),
(1016, 3335, 183, 0),
(1017, 236, 3456, 0),
(1018, 3335, 2607, 0),
(1019, 236, 3933, 0),
(1020, 3933, 464, 0),
(1021, 464, 1818, 0),
(1022, 3335, 3049, 0),
(1023, 1818, 1165, 0),
(1024, 188, 2550, 0),
(1025, 2550, 578, 0),
(1026, 578, 4259, 0),
(1027, 188, 3289, 0),
(1028, 578, 184, 0),
(1029, 3289, 2828, 0),
(1030, 3037, 3166, 0),
(1031, 3166, 4535, 0),
(1032, 3037, 185, 0),
(1033, 3166, 4379, 0),
(1034, 187, 3184, 0),
(1035, 1881, 3213, 0),
(1036, 3213, 189, 0),
(1037, 1881, 3195, 0),
(1038, 1881, 4738, 0),
(1039, 3903, 3472, 0),
(1040, 3903, 3118, 0),
(1041, 3472, 3253, 0),
(1042, 3472, 2800, 0),
(1043, 3472, 2646, 0),
(1044, 3253, 2513, 0),
(1045, 2513, 190, 0),
(1046, 192, 3763, 0),
(1047, 192, 274, 0),
(1048, 3763, 898, 0),
(1049, 192, 3805, 0),
(1050, 3763, 4910, 0),
(1051, 274, 2388, 0),
(1052, 2388, 975, 0),
(1053, 898, 2842, 0),
(1054, 193, 4279, 0),
(1055, 193, 1532, 0),
(1056, 194, 4876, 0),
(1057, 4876, 2630, 0),
(1058, 2630, 3265, 0),
(1059, 2630, 2223, 0),
(1060, 2630, 3551, 0),
(1061, 884, 2377, 0),
(1062, 884, 2740, 0),
(1063, 2740, 1225, 0),
(1064, 2377, 2653, 0),
(1065, 2740, 4159, 0),
(1066, 884, 986, 0),
(1067, 2740, 2179, 0),
(1068, 2653, 196, 0),
(1069, 884, 3916, 0),
(1070, 884, 821, 0),
(1071, 4366, 525, 0),
(1072, 4366, 3492, 0),
(1073, 525, 4590, 0),
(1074, 4590, 2563, 0),
(1075, 2563, 2692, 0),
(1076, 4590, 199, 0),
(1077, 525, 4317, 0),
(1078, 200, 2787, 0),
(1079, 2787, 2948, 0),
(1080, 2787, 4316, 0),
(1081, 4316, 3822, 0),
(1082, 2787, 4484, 0),
(1083, 4484, 1997, 0),
(1084, 2779, 3414, 0),
(1085, 3414, 2260, 0),
(1086, 3414, 3695, 0),
(1087, 2260, 831, 0),
(1088, 831, 201, 0),
(1089, 2779, 2510, 0),
(1090, 4828, 202, 0),
(1091, 202, 2621, 0),
(1092, 4828, 2239, 0),
(1093, 202, 2618, 0),
(1094, 4828, 3623, 0),
(1095, 1109, 590, 0),
(1096, 1109, 390, 0),
(1097, 590, 395, 0),
(1098, 1109, 203, 0),
(1099, 203, 1178, 0),
(1100, 390, 4848, 0),
(1101, 4848, 445, 0),
(1102, 3424, 1465, 0),
(1103, 1465, 4926, 0),
(1104, 1465, 204, 0),
(1105, 4926, 1023, 0),
(1106, 4945, 4507, 0),
(1107, 4507, 2589, 0),
(1108, 2589, 205, 0),
(1109, 4945, 2243, 0),
(1110, 4507, 4392, 0),
(1111, 4507, 3462, 0),
(1112, 2575, 719, 0),
(1113, 2575, 2577, 0),
(1114, 719, 4580, 0),
(1115, 2575, 2290, 0),
(1116, 719, 2112, 0),
(1117, 2290, 4762, 0),
(1118, 719, 206, 0),
(1119, 3817, 4462, 0),
(1120, 4462, 4345, 0),
(1121, 4345, 824, 0),
(1122, 3817, 207, 0),
(1123, 2071, 1804, 0),
(1124, 1804, 1037, 0),
(1125, 2071, 338, 0),
(1126, 338, 209, 0),
(1127, 1804, 4833, 0),
(1128, 1804, 4524, 0),
(1129, 1037, 2676, 0),
(1130, 4936, 210, 0),
(1131, 210, 4265, 0),
(1132, 4936, 2870, 0),
(1133, 2783, 1153, 0),
(1134, 2783, 4019, 0),
(1135, 1153, 4090, 0),
(1136, 2783, 364, 0),
(1137, 4090, 4272, 0),
(1138, 364, 3371, 0),
(1139, 4272, 1425, 0),
(1140, 4272, 211, 0),
(1141, 660, 1546, 0),
(1142, 1546, 212, 0),
(1143, 1546, 4308, 0),
(1144, 660, 4843, 0),
(1145, 1546, 508, 0),
(1146, 4308, 1801, 0),
(1147, 212, 4795, 0),
(1148, 769, 773, 0),
(1149, 769, 4251, 0),
(1150, 4251, 4241, 0),
(1151, 769, 4918, 0),
(1152, 4251, 2990, 0),
(1153, 2990, 280, 0),
(1154, 4241, 1548, 0),
(1155, 2990, 725, 0),
(1156, 4241, 213, 0),
(1157, 868, 2207, 0),
(1158, 868, 3146, 0),
(1159, 868, 309, 0),
(1160, 868, 214, 0),
(1161, 2207, 1336, 0),
(1162, 4774, 1954, 0),
(1163, 1954, 3164, 0),
(1164, 1954, 1180, 0),
(1165, 4774, 215, 0),
(1166, 1180, 2042, 0),
(1167, 1330, 1729, 0),
(1168, 1729, 319, 0),
(1169, 1330, 2360, 0),
(1170, 319, 4861, 0),
(1171, 1330, 216, 0),
(1172, 1918, 217, 0),
(1173, 1918, 3176, 0),
(1174, 217, 3748, 0),
(1175, 3748, 447, 0),
(1176, 2409, 3709, 0),
(1177, 2409, 219, 0),
(1178, 2409, 4995, 0),
(1179, 219, 2118, 0),
(1180, 2118, 1482, 0),
(1181, 1482, 2644, 0),
(1182, 219, 4837, 0),
(1183, 2409, 1293, 0),
(1184, 4995, 4938, 0),
(1185, 1293, 4460, 0),
(1186, 4995, 1655, 0),
(1187, 220, 1319, 0),
(1188, 220, 2631, 0),
(1189, 2631, 3662, 0),
(1190, 3662, 3464, 0),
(1191, 220, 1010, 0),
(1192, 1319, 2000, 0),
(1193, 2000, 2668, 0),
(1194, 221, 743, 0),
(1195, 221, 847, 0),
(1196, 3960, 4885, 0),
(1197, 3960, 222, 0),
(1198, 2903, 2698, 0),
(1199, 2903, 1950, 0),
(1200, 2698, 1901, 0),
(1201, 2903, 224, 0),
(1202, 1950, 4050, 0),
(1203, 2903, 3260, 0),
(1204, 2903, 479, 0),
(1205, 479, 2254, 0),
(1206, 2903, 3964, 0),
(1207, 2341, 225, 0),
(1208, 225, 1043, 0),
(1209, 1043, 1164, 0),
(1210, 1615, 4664, 0),
(1211, 1615, 226, 0),
(1212, 226, 1903, 0),
(1213, 1903, 4698, 0),
(1214, 4664, 1027, 0),
(1215, 4698, 1348, 0),
(1216, 1027, 3114, 0),
(1217, 1903, 3559, 0),
(1218, 1027, 3838, 0),
(1219, 3158, 1410, 0),
(1220, 3158, 2296, 0),
(1221, 3158, 4653, 0),
(1222, 4653, 487, 0),
(1223, 4653, 4227, 0),
(1224, 4227, 1471, 0),
(1225, 3158, 227, 0),
(1226, 227, 4438, 0),
(1227, 3922, 1468, 0),
(1228, 1468, 3105, 0),
(1229, 1468, 4785, 0),
(1230, 4785, 1981, 0),
(1231, 4785, 228, 0),
(1232, 229, 4207, 0),
(1233, 229, 4880, 0),
(1234, 229, 2278, 0),
(1235, 2278, 2506, 0),
(1236, 231, 568, 0),
(1237, 260, 3739, 0),
(1238, 260, 232, 0),
(1239, 232, 3061, 0),
(1240, 260, 3008, 0),
(1241, 2989, 4988, 0),
(1242, 2989, 3843, 0),
(1243, 3843, 461, 0),
(1244, 3843, 2674, 0),
(1245, 3843, 233, 0),
(1246, 2674, 2586, 0),
(1247, 237, 566, 0),
(1248, 237, 877, 0),
(1249, 566, 4513, 0),
(1250, 1171, 238, 0),
(1251, 238, 4004, 0),
(1252, 1171, 1098, 0),
(1253, 1171, 1709, 0),
(1254, 3257, 828, 0),
(1255, 3257, 239, 0),
(1256, 239, 2421, 0),
(1257, 3257, 1105, 0),
(1258, 2983, 248, 0),
(1259, 248, 2336, 0),
(1260, 2983, 240, 0),
(1261, 2336, 2326, 0),
(1262, 2336, 4476, 0),
(1263, 2983, 945, 0),
(1264, 4476, 2256, 0),
(1265, 2326, 1895, 0),
(1266, 2336, 3929, 0),
(1267, 3449, 2767, 0),
(1268, 2767, 4929, 0),
(1269, 4929, 3543, 0),
(1270, 3543, 241, 0),
(1271, 4929, 1879, 0),
(1272, 4929, 3054, 0),
(1273, 1869, 517, 0),
(1274, 1869, 3666, 0),
(1275, 1869, 1492, 0),
(1276, 517, 4866, 0),
(1277, 3666, 2259, 0),
(1278, 2259, 243, 0),
(1279, 2259, 3127, 0),
(1280, 1020, 3309, 0),
(1281, 1020, 605, 0),
(1282, 3309, 244, 0),
(1283, 244, 2494, 0),
(1284, 244, 3346, 0),
(1285, 3003, 3336, 0),
(1286, 3003, 246, 0),
(1287, 246, 327, 0),
(1288, 2467, 3735, 0),
(1289, 3735, 4095, 0),
(1290, 4095, 247, 0),
(1291, 3735, 2638, 0),
(1292, 4095, 3700, 0),
(1293, 3700, 2349, 0),
(1294, 1473, 3465, 0),
(1295, 1473, 427, 0),
(1296, 1473, 4142, 0),
(1297, 427, 249, 0),
(1298, 4142, 1790, 0),
(1299, 3465, 2025, 0),
(1300, 873, 2121, 0),
(1301, 873, 4063, 0),
(1302, 2121, 2726, 0),
(1303, 4063, 250, 0),
(1304, 2726, 1344, 0),
(1305, 4063, 1393, 0),
(1306, 1882, 251, 0),
(1307, 1882, 3439, 0),
(1308, 251, 2288, 0),
(1309, 1882, 559, 0),
(1310, 1882, 279, 0),
(1311, 251, 3974, 0),
(1312, 3974, 2899, 0),
(1313, 1882, 4213, 0),
(1314, 252, 4237, 0),
(1315, 4237, 3261, 0),
(1316, 4237, 1314, 0),
(1317, 4237, 4773, 0),
(1318, 252, 2845, 0),
(1319, 4383, 3205, 0),
(1320, 3205, 3878, 0),
(1321, 3878, 253, 0),
(1322, 253, 730, 0),
(1323, 253, 3562, 0),
(1324, 1333, 3827, 0),
(1325, 3827, 3245, 0),
(1326, 1333, 254, 0),
(1327, 1489, 1840, 0),
(1328, 1489, 683, 0),
(1329, 1840, 673, 0),
(1330, 1489, 255, 0),
(1331, 673, 1399, 0),
(1332, 4840, 1558, 0),
(1333, 1558, 4750, 0),
(1334, 4840, 257, 0),
(1335, 4840, 977, 0),
(1336, 1060, 259, 0),
(1337, 259, 3082, 0),
(1338, 3235, 3514, 0),
(1339, 3514, 2662, 0),
(1340, 3514, 2966, 0),
(1341, 2966, 3022, 0),
(1342, 2966, 261, 0),
(1343, 2686, 2735, 0),
(1344, 2735, 4385, 0),
(1345, 2686, 3326, 0),
(1346, 2735, 262, 0),
(1347, 4365, 4127, 0),
(1348, 4365, 3984, 0),
(1349, 4127, 4386, 0),
(1350, 4127, 264, 0),
(1351, 3167, 3814, 0),
(1352, 3814, 3557, 0),
(1353, 3814, 913, 0),
(1354, 3814, 265, 0),
(1355, 1672, 1191, 0),
(1356, 1672, 1174, 0),
(1357, 1191, 2205, 0),
(1358, 1174, 266, 0),
(1359, 1191, 1396, 0),
(1360, 1191, 3363, 0),
(1361, 1174, 4623, 0),
(1362, 4838, 3527, 0),
(1363, 3527, 2059, 0),
(1364, 4838, 2922, 0),
(1365, 2922, 267, 0),
(1366, 1984, 268, 0),
(1367, 268, 2829, 0),
(1368, 3120, 269, 0),
(1369, 269, 2141, 0),
(1370, 269, 2965, 0),
(1371, 2141, 4364, 0),
(1372, 3120, 4523, 0),
(1373, 1106, 3075, 0),
(1374, 1106, 1726, 0),
(1375, 3075, 1337, 0),
(1376, 1726, 270, 0),
(1377, 1726, 650, 0),
(1378, 1106, 1371, 0),
(1379, 1705, 2108, 0),
(1380, 1705, 2553, 0),
(1381, 2108, 271, 0),
(1382, 271, 465, 0),
(1383, 2108, 3861, 0),
(1384, 1223, 275, 0),
(1385, 1223, 748, 0),
(1386, 748, 4343, 0),
(1387, 1223, 923, 0),
(1388, 1223, 4654, 0),
(1389, 2038, 4579, 0),
(1390, 4579, 1047, 0),
(1391, 2038, 2498, 0),
(1392, 4579, 1720, 0),
(1393, 1047, 2445, 0),
(1394, 2498, 276, 0),
(1395, 2445, 3849, 0),
(1396, 2038, 3531, 0),
(1397, 276, 4327, 0),
(1398, 277, 4039, 0),
(1399, 4039, 1444, 0),
(1400, 4039, 2067, 0),
(1401, 1444, 2894, 0),
(1402, 2067, 3942, 0),
(1403, 288, 1858, 0),
(1404, 288, 278, 0),
(1405, 2134, 282, 0),
(1406, 282, 4405, 0),
(1407, 4427, 413, 0),
(1408, 4427, 3925, 0),
(1409, 3925, 2591, 0),
(1410, 2591, 286, 0),
(1411, 3799, 3177, 0),
(1412, 3799, 2156, 0),
(1413, 2156, 1873, 0),
(1414, 3799, 3070, 0),
(1415, 2156, 1413, 0),
(1416, 1413, 2677, 0),
(1417, 1413, 3342, 0),
(1418, 3342, 287, 0),
(1419, 3428, 1825, 0),
(1420, 3428, 3320, 0),
(1421, 3428, 2086, 0),
(1422, 3320, 1497, 0),
(1423, 3320, 290, 0),
(1424, 3320, 2831, 0),
(1425, 3428, 3337, 0),
(1426, 549, 292, 0),
(1427, 292, 3319, 0),
(1428, 549, 1359, 0),
(1429, 1359, 2351, 0),
(1430, 2080, 293, 0),
(1431, 2080, 449, 0),
(1432, 294, 2950, 0),
(1433, 294, 4975, 0),
(1434, 294, 1886, 0),
(1435, 1886, 4527, 0),
(1436, 4875, 563, 0),
(1437, 4875, 3744, 0),
(1438, 563, 4280, 0),
(1439, 4875, 295, 0),
(1440, 298, 4678, 0),
(1441, 298, 1889, 0),
(1442, 1889, 4518, 0),
(1443, 299, 2473, 0),
(1444, 2473, 1440, 0),
(1445, 1440, 4955, 0),
(1446, 1440, 731, 0),
(1447, 1440, 1746, 0),
(1448, 299, 818, 0),
(1449, 299, 3943, 0),
(1450, 3943, 4633, 0),
(1451, 4715, 1750, 0),
(1452, 1750, 4021, 0),
(1453, 4715, 2520, 0),
(1454, 2520, 3979, 0),
(1455, 1750, 300, 0),
(1456, 300, 2582, 0),
(1457, 2582, 4062, 0),
(1458, 2382, 2027, 0),
(1459, 2027, 302, 0),
(1460, 2027, 2746, 0),
(1461, 2746, 3725, 0),
(1462, 3725, 3290, 0),
(1463, 302, 4562, 0),
(1464, 550, 2013, 0),
(1465, 550, 303, 0),
(1466, 304, 3677, 0),
(1467, 304, 3719, 0),
(1468, 3677, 1932, 0),
(1469, 1932, 4102, 0),
(1470, 3719, 2730, 0),
(1471, 4102, 546, 0),
(1472, 4102, 1342, 0),
(1473, 304, 4106, 0),
(1474, 306, 4509, 0),
(1475, 306, 1715, 0),
(1476, 1715, 4981, 0),
(1477, 4493, 577, 0),
(1478, 4493, 308, 0),
(1479, 577, 1397, 0),
(1480, 4493, 905, 0),
(1481, 1797, 3236, 0),
(1482, 1797, 3806, 0),
(1483, 3236, 3224, 0),
(1484, 3224, 513, 0),
(1485, 3224, 3498, 0),
(1486, 1797, 370, 0),
(1487, 3224, 4131, 0),
(1488, 4131, 4381, 0),
(1489, 3236, 3687, 0),
(1490, 3498, 310, 0),
(1491, 312, 788, 0),
(1492, 788, 642, 0),
(1493, 788, 2143, 0),
(1494, 788, 1653, 0),
(1495, 2143, 362, 0),
(1496, 3520, 2539, 0),
(1497, 2539, 1848, 0),
(1498, 2539, 1265, 0),
(1499, 1265, 314, 0),
(1500, 2021, 4498, 0),
(1501, 2021, 315, 0),
(1502, 315, 882, 0),
(1503, 4498, 775, 0),
(1504, 4245, 316, 0),
(1505, 316, 1405, 0),
(1506, 1405, 4037, 0),
(1507, 316, 434, 0),
(1508, 316, 3296, 0),
(1509, 4037, 1525, 0),
(1510, 316, 1741, 0),
(1511, 4037, 2419, 0),
(1512, 3296, 1734, 0),
(1513, 3188, 2560, 0),
(1514, 3188, 317, 0),
(1515, 2896, 3311, 0),
(1516, 2896, 433, 0),
(1517, 2896, 318, 0),
(1518, 4057, 686, 0),
(1519, 4057, 321, 0),
(1520, 321, 836, 0),
(1521, 4057, 2681, 0),
(1522, 321, 2439, 0),
(1523, 444, 4720, 0),
(1524, 444, 618, 0),
(1525, 4720, 3629, 0),
(1526, 618, 4350, 0),
(1527, 618, 322, 0),
(1528, 444, 4413, 0),
(1529, 583, 1951, 0),
(1530, 1951, 2535, 0),
(1531, 1951, 419, 0),
(1532, 2535, 2623, 0),
(1533, 419, 4614, 0),
(1534, 2623, 324, 0),
(1535, 583, 2109, 0),
(1536, 4299, 1762, 0),
(1537, 1762, 4576, 0),
(1538, 4576, 1973, 0),
(1539, 1762, 4274, 0),
(1540, 4299, 325, 0),
(1541, 4299, 4548, 0),
(1542, 326, 1554, 0),
(1543, 1554, 3688, 0),
(1544, 1554, 4114, 0),
(1545, 326, 4844, 0),
(1546, 3688, 4782, 0),
(1547, 1554, 2545, 0),
(1548, 328, 690, 0),
(1549, 1603, 4835, 0),
(1550, 4835, 1732, 0),
(1551, 1732, 329, 0),
(1552, 1603, 2195, 0),
(1553, 1732, 3312, 0),
(1554, 329, 4542, 0),
(1555, 2195, 1217, 0),
(1556, 710, 330, 0),
(1557, 330, 2838, 0),
(1558, 2805, 1456, 0),
(1559, 2805, 3173, 0),
(1560, 3173, 2412, 0),
(1561, 1456, 2771, 0),
(1562, 3173, 3702, 0),
(1563, 2412, 331, 0),
(1564, 2390, 4748, 0),
(1565, 2390, 332, 0),
(1566, 4748, 930, 0),
(1567, 2390, 3395, 0),
(1568, 2390, 3653, 0),
(1569, 2938, 4999, 0),
(1570, 4999, 333, 0),
(1571, 333, 3946, 0),
(1572, 333, 1124, 0),
(1573, 2938, 2082, 0),
(1574, 3946, 3602, 0),
(1575, 4132, 1551, 0),
(1576, 4132, 1658, 0),
(1577, 1658, 4819, 0),
(1578, 4819, 516, 0),
(1579, 4132, 4079, 0),
(1580, 4819, 334, 0),
(1581, 336, 3285, 0),
(1582, 3285, 3594, 0),
(1583, 336, 2940, 0),
(1584, 3594, 3284, 0),
(1585, 3284, 4263, 0),
(1586, 2940, 2010, 0),
(1587, 337, 1030, 0),
(1588, 1030, 1593, 0),
(1589, 1030, 681, 0),
(1590, 337, 4285, 0),
(1591, 1593, 1071, 0),
(1592, 4285, 2756, 0),
(1593, 1071, 4587, 0),
(1594, 4546, 4754, 0),
(1595, 4754, 3956, 0),
(1596, 3956, 4387, 0),
(1597, 4387, 2232, 0),
(1598, 2232, 339, 0),
(1599, 4546, 3455, 0),
(1600, 3095, 4584, 0),
(1601, 3095, 3856, 0),
(1602, 3095, 2991, 0),
(1603, 4584, 340, 0),
(1604, 2991, 1874, 0),
(1605, 342, 4342, 0),
(1606, 4342, 4625, 0),
(1607, 342, 4642, 0),
(1608, 4642, 3207, 0),
(1609, 4625, 1139, 0),
(1610, 1139, 4396, 0),
(1611, 3532, 4903, 0),
(1612, 4903, 2190, 0),
(1613, 2190, 1856, 0),
(1614, 2190, 343, 0),
(1615, 2190, 3174, 0),
(1616, 805, 392, 0),
(1617, 805, 344, 0),
(1618, 2056, 3715, 0),
(1619, 3715, 3519, 0),
(1620, 2056, 3882, 0),
(1621, 3519, 2834, 0),
(1622, 3882, 4558, 0),
(1623, 2834, 3571, 0),
(1624, 3571, 345, 0),
(1625, 3571, 2192, 0),
(1626, 3882, 2172, 0),
(1627, 2460, 346, 0),
(1628, 346, 4911, 0),
(1629, 346, 1641, 0),
(1630, 4911, 1161, 0),
(1631, 2460, 1764, 0),
(1632, 1764, 4708, 0),
(1633, 2669, 3752, 0),
(1634, 2669, 4448, 0),
(1635, 2669, 3370, 0),
(1636, 2669, 347, 0),
(1637, 3752, 1682, 0),
(1638, 347, 3323, 0),
(1639, 4541, 2641, 0),
(1640, 4541, 2155, 0),
(1641, 2641, 349, 0),
(1642, 350, 4431, 0),
(1643, 3572, 4516, 0),
(1644, 3572, 351, 0),
(1645, 352, 3215, 0),
(1646, 352, 418, 0),
(1647, 418, 1419, 0),
(1648, 418, 1274, 0),
(1649, 352, 1930, 0),
(1650, 352, 3996, 0),
(1651, 3971, 2386, 0),
(1652, 2386, 353, 0),
(1653, 2386, 3936, 0),
(1654, 3936, 3692, 0),
(1655, 354, 2431, 0),
(1656, 354, 1271, 0),
(1657, 1271, 3002, 0),
(1658, 2431, 3011, 0),
(1659, 1964, 1549, 0),
(1660, 1964, 3421, 0),
(1661, 1964, 1589, 0),
(1662, 1964, 1819, 0),
(1663, 1549, 1279, 0),
(1664, 1279, 357, 0),
(1665, 1964, 657, 0),
(1666, 1819, 1924, 0),
(1667, 1924, 4480, 0),
(1668, 1819, 2495, 0),
(1669, 3990, 358, 0),
(1670, 358, 3830, 0),
(1671, 3830, 784, 0),
(1672, 358, 2361, 0),
(1673, 358, 4041, 0),
(1674, 4041, 2446, 0),
(1675, 2446, 2789, 0),
(1676, 360, 2167, 0),
(1677, 360, 4022, 0),
(1678, 499, 1104, 0),
(1679, 499, 2901, 0),
(1680, 2901, 2728, 0),
(1681, 1104, 1454, 0),
(1682, 1454, 4221, 0),
(1683, 2901, 361, 0),
(1684, 2901, 932, 0),
(1685, 4530, 4756, 0),
(1686, 4756, 473, 0),
(1687, 4530, 4816, 0),
(1688, 4816, 363, 0),
(1689, 2368, 2427, 0),
(1690, 2368, 799, 0),
(1691, 799, 3958, 0),
(1692, 2427, 3442, 0),
(1693, 2427, 545, 0),
(1694, 3958, 365, 0),
(1695, 799, 3496, 0),
(1696, 872, 366, 0),
(1697, 872, 2500, 0),
(1698, 2500, 4825, 0),
(1699, 2500, 1431, 0),
(1700, 1431, 798, 0),
(1701, 2500, 1484, 0),
(1702, 367, 1808, 0),
(1703, 1808, 1409, 0),
(1704, 1409, 1853, 0),
(1705, 3220, 2135, 0),
(1706, 3220, 4361, 0),
(1707, 3220, 2107, 0),
(1708, 3220, 368, 0),
(1709, 2135, 4031, 0),
(1710, 2135, 2946, 0),
(1711, 4361, 803, 0),
(1712, 2920, 3380, 0),
(1713, 3380, 4015, 0),
(1714, 3380, 3413, 0),
(1715, 2920, 1646, 0),
(1716, 1646, 1230, 0),
(1717, 1230, 369, 0),
(1718, 369, 1832, 0),
(1719, 369, 3887, 0),
(1720, 369, 2810, 0),
(1721, 2810, 2287, 0),
(1722, 371, 2057, 0),
(1723, 371, 2869, 0),
(1724, 2869, 2324, 0),
(1725, 2324, 2521, 0),
(1726, 2324, 3438, 0),
(1727, 2869, 4735, 0),
(1728, 3362, 504, 0),
(1729, 3362, 3991, 0),
(1730, 504, 4986, 0),
(1731, 4986, 2017, 0),
(1732, 3991, 372, 0),
(1733, 3362, 4139, 0),
(1734, 3362, 3840, 0),
(1735, 373, 1689, 0),
(1736, 373, 1871, 0),
(1737, 1871, 4534, 0),
(1738, 3230, 2221, 0),
(1739, 2221, 2863, 0),
(1740, 2863, 374, 0),
(1741, 2221, 2464, 0),
(1742, 558, 375, 0),
(1743, 558, 3533, 0),
(1744, 558, 1852, 0),
(1745, 558, 2072, 0),
(1746, 375, 571, 0),
(1747, 376, 4121, 0),
(1748, 376, 2149, 0),
(1749, 2149, 1400, 0),
(1750, 4121, 2941, 0),
(1751, 3378, 1673, 0),
(1752, 3378, 2218, 0),
(1753, 3378, 377, 0),
(1754, 1673, 4605, 0),
(1755, 1673, 4865, 0),
(1756, 3378, 1015, 0),
(1757, 4605, 1642, 0),
(1758, 378, 620, 0),
(1759, 378, 1297, 0),
(1760, 378, 428, 0),
(1761, 620, 4141, 0),
(1762, 428, 1631, 0),
(1763, 1631, 1081, 0),
(1764, 428, 2484, 0),
(1765, 614, 3222, 0),
(1766, 614, 379, 0),
(1767, 379, 2238, 0),
(1768, 2220, 3156, 0),
(1769, 2220, 1513, 0),
(1770, 3156, 2749, 0),
(1771, 2220, 384, 0),
(1772, 2220, 380, 0),
(1773, 929, 2379, 0),
(1774, 2379, 3331, 0),
(1775, 2379, 3134, 0),
(1776, 929, 2993, 0),
(1777, 3134, 2020, 0),
(1778, 929, 381, 0),
(1779, 2379, 3716, 0),
(1780, 1875, 1643, 0),
(1781, 1875, 1096, 0),
(1782, 1096, 4882, 0),
(1783, 4882, 383, 0),
(1784, 4882, 2097, 0),
(1785, 1643, 3804, 0),
(1786, 1875, 2592, 0),
(1787, 383, 925, 0),
(1788, 2592, 1056, 0),
(1789, 1056, 4312, 0),
(1790, 1643, 1996, 0),
(1791, 4312, 3919, 0),
(1792, 385, 3125, 0),
(1793, 385, 4899, 0),
(1794, 385, 1660, 0),
(1795, 4899, 1662, 0),
(1796, 2816, 386, 0),
(1797, 2816, 2561, 0),
(1798, 386, 3374, 0),
(1799, 2816, 491, 0),
(1800, 387, 4662, 0),
(1801, 387, 4110, 0),
(1802, 1829, 1611, 0),
(1803, 1829, 864, 0),
(1804, 864, 1605, 0),
(1805, 1605, 2725, 0),
(1806, 1829, 4377, 0),
(1807, 2725, 874, 0),
(1808, 4377, 4979, 0),
(1809, 864, 388, 0),
(1810, 389, 2252, 0),
(1811, 4743, 1584, 0),
(1812, 1584, 2187, 0),
(1813, 4743, 391, 0),
(1814, 391, 476, 0),
(1815, 4743, 2556, 0),
(1816, 4743, 3749, 0),
(1817, 711, 2099, 0),
(1818, 2099, 1656, 0),
(1819, 2099, 2383, 0),
(1820, 1656, 493, 0),
(1821, 2383, 393, 0),
(1822, 4610, 1038, 0),
(1823, 4610, 1810, 0),
(1824, 1038, 394, 0),
(1825, 1810, 3601, 0),
(1826, 4610, 3129, 0),
(1827, 1038, 3980, 0),
(1828, 1038, 4143, 0),
(1829, 4610, 4123, 0),
(1830, 3980, 982, 0),
(1831, 4143, 441, 0),
(1832, 1921, 3315, 0),
(1833, 3315, 2533, 0),
(1834, 1921, 510, 0),
(1835, 3315, 1759, 0),
(1836, 2533, 396, 0),
(1837, 3957, 2893, 0),
(1838, 3957, 1128, 0),
(1839, 1128, 397, 0),
(1840, 397, 4998, 0),
(1841, 4998, 4692, 0),
(1842, 4998, 3654, 0),
(1843, 397, 607, 0),
(1844, 4741, 1675, 0),
(1845, 4741, 4982, 0),
(1846, 1675, 2695, 0),
(1847, 4982, 4791, 0),
(1848, 4982, 2826, 0),
(1849, 1675, 398, 0),
(1850, 1283, 2283, 0),
(1851, 1283, 4456, 0),
(1852, 2283, 4809, 0),
(1853, 4809, 1738, 0),
(1854, 4809, 3487, 0),
(1855, 2283, 399, 0),
(1856, 1738, 969, 0),
(1857, 4456, 3939, 0),
(1858, 4456, 3499, 0),
(1859, 969, 1722, 0),
(1860, 403, 1787, 0),
(1861, 1787, 3394, 0),
(1862, 403, 3877, 0),
(1863, 3877, 3484, 0),
(1864, 403, 3985, 0),
(1865, 4508, 655, 0),
(1866, 655, 1745, 0),
(1867, 655, 968, 0),
(1868, 655, 405, 0),
(1869, 4508, 3140, 0),
(1870, 968, 4271, 0),
(1871, 3140, 2634, 0),
(1872, 4271, 804, 0),
(1873, 968, 2568, 0),
(1874, 2568, 808, 0),
(1875, 4271, 936, 0),
(1876, 2568, 4672, 0),
(1877, 4783, 503, 0),
(1878, 503, 486, 0),
(1879, 503, 4359, 0),
(1880, 503, 407, 0),
(1881, 4783, 627, 0),
(1882, 503, 1121, 0),
(1883, 407, 2666, 0),
(1884, 486, 4198, 0),
(1885, 627, 2847, 0),
(1886, 408, 2915, 0),
(1887, 408, 2880, 0),
(1888, 408, 2248, 0),
(1889, 2915, 2824, 0),
(1890, 2248, 917, 0),
(1891, 2824, 912, 0),
(1892, 3491, 2371, 0),
(1893, 2371, 2354, 0),
(1894, 2354, 2889, 0),
(1895, 2889, 696, 0),
(1896, 2354, 409, 0),
(1897, 3491, 538, 0),
(1898, 2889, 4820, 0),
(1899, 538, 3450, 0),
(1900, 3450, 1224, 0),
(1901, 3450, 3867, 0),
(1902, 1112, 2569, 0),
(1903, 2569, 3017, 0),
(1904, 1112, 410, 0),
(1905, 3751, 4705, 0),
(1906, 3751, 4108, 0),
(1907, 4705, 4959, 0),
(1908, 3751, 2181, 0),
(1909, 4959, 411, 0),
(1910, 4959, 771, 0),
(1911, 4108, 3768, 0),
(1912, 480, 762, 0),
(1913, 480, 436, 0),
(1914, 762, 1381, 0),
(1915, 480, 4656, 0),
(1916, 480, 2387, 0),
(1917, 4656, 414, 0),
(1918, 762, 2157, 0),
(1919, 4417, 3159, 0),
(1920, 4417, 416, 0),
(1921, 416, 4373, 0),
(1922, 4417, 1821, 0),
(1923, 3159, 1375, 0),
(1924, 3159, 593, 0),
(1925, 2204, 4810, 0),
(1926, 4810, 420, 0),
(1927, 420, 3132, 0),
(1928, 420, 1500, 0),
(1929, 3132, 2855, 0),
(1930, 2488, 1820, 0),
(1931, 2488, 1878, 0),
(1932, 1820, 1380, 0),
(1933, 2488, 421, 0),
(1934, 1878, 996, 0),
(1935, 421, 2708, 0),
(1936, 2488, 3225, 0),
(1937, 425, 654, 0),
(1938, 425, 3845, 0),
(1939, 425, 2794, 0),
(1940, 425, 4502, 0),
(1941, 4502, 448, 0),
(1942, 448, 4014, 0),
(1943, 4444, 3349, 0),
(1944, 3349, 956, 0),
(1945, 4444, 857, 0),
(1946, 956, 2054, 0),
(1947, 956, 2049, 0),
(1948, 956, 429, 0),
(1949, 2049, 2549, 0),
(1950, 2054, 495, 0),
(1951, 3247, 1045, 0),
(1952, 3247, 1893, 0),
(1953, 1893, 819, 0),
(1954, 819, 3452, 0),
(1955, 3452, 3757, 0),
(1956, 1045, 430, 0),
(1957, 819, 3588, 0),
(1958, 800, 4852, 0),
(1959, 4852, 431, 0),
(1960, 4852, 4745, 0),
(1961, 431, 4018, 0),
(1962, 4852, 481, 0),
(1963, 4745, 4761, 0),
(1964, 432, 3097, 0),
(1965, 3097, 2955, 0),
(1966, 3097, 4336, 0),
(1967, 2955, 1796, 0),
(1968, 3097, 4719, 0),
(1969, 432, 3844, 0),
(1970, 853, 985, 0),
(1971, 853, 1800, 0),
(1972, 853, 437, 0),
(1973, 4403, 2132, 0),
(1974, 2132, 438, 0),
(1975, 2132, 3093, 0),
(1976, 438, 984, 0),
(1977, 4403, 1831, 0),
(1978, 4403, 1614, 0),
(1979, 4065, 1176, 0),
(1980, 4065, 4603, 0),
(1981, 4065, 1288, 0),
(1982, 4065, 439, 0),
(1983, 2603, 2887, 0),
(1984, 2603, 2169, 0),
(1985, 2887, 3254, 0),
(1986, 2887, 4257, 0),
(1987, 3254, 440, 0),
(1988, 2169, 3203, 0),
(1989, 2603, 3463, 0),
(1990, 3254, 4023, 0),
(1991, 1129, 3056, 0),
(1992, 3056, 3607, 0),
(1993, 3056, 442, 0),
(1994, 442, 4326, 0),
(1995, 3992, 2936, 0),
(1996, 2936, 443, 0),
(1997, 443, 4895, 0),
(1998, 4895, 1897, 0),
(1999, 3992, 2497, 0),
(2000, 443, 1168, 0),
(2001, 1196, 573, 0),
(2002, 1196, 4684, 0),
(2003, 573, 4268, 0),
(2004, 4684, 446, 0),
(2005, 1196, 3077, 0),
(2006, 4684, 3467, 0),
(2007, 3467, 1763, 0),
(2008, 573, 787, 0),
(2009, 1861, 3179, 0),
(2010, 3179, 664, 0),
(2011, 3179, 724, 0),
(2012, 1861, 3609, 0),
(2013, 3179, 2007, 0),
(2014, 724, 2168, 0),
(2015, 1861, 450, 0),
(2016, 2007, 4176, 0),
(2017, 724, 4611, 0),
(2018, 450, 4407, 0),
(2019, 1861, 1498, 0),
(2020, 4611, 1436, 0),
(2021, 1436, 883, 0),
(2022, 3509, 1574, 0),
(2023, 1574, 3372, 0),
(2024, 3509, 774, 0),
(2025, 774, 2400, 0),
(2026, 1574, 2029, 0),
(2027, 1574, 451, 0),
(2028, 774, 2733, 0),
(2029, 2400, 3872, 0),
(2030, 2733, 3387, 0),
(2031, 3839, 2385, 0),
(2032, 2385, 4008, 0),
(2033, 2385, 4291, 0),
(2034, 2385, 452, 0),
(2035, 4723, 3429, 0),
(2036, 4723, 454, 0),
(2037, 4723, 663, 0),
(2038, 579, 4814, 0),
(2039, 4814, 705, 0),
(2040, 4814, 455, 0),
(2041, 579, 2425, 0),
(2042, 2242, 2954, 0),
(2043, 2242, 2525, 0),
(2044, 2954, 3595, 0),
(2045, 3595, 456, 0),
(2046, 3595, 4802, 0),
(2047, 2357, 3820, 0),
(2048, 3820, 457, 0),
(2049, 457, 1977, 0),
(2050, 2357, 2996, 0),
(2051, 2996, 792, 0),
(2052, 457, 3131, 0),
(2053, 457, 4225, 0),
(2054, 1977, 4680, 0),
(2055, 3131, 2493, 0),
(2056, 2247, 458, 0),
(2057, 2247, 1267, 0),
(2058, 1267, 622, 0),
(2059, 2874, 3276, 0),
(2060, 3276, 459, 0),
(2061, 2874, 4818, 0),
(2062, 4801, 1627, 0),
(2063, 4801, 3009, 0),
(2064, 1627, 462, 0),
(2065, 1627, 2754, 0),
(2066, 3009, 619, 0),
(2067, 2856, 4992, 0),
(2068, 4992, 3935, 0),
(2069, 2856, 4231, 0),
(2070, 4992, 463, 0),
(2071, 3935, 665, 0),
(2072, 665, 4551, 0),
(2073, 489, 466, 0),
(2074, 489, 2600, 0),
(2075, 466, 4675, 0),
(2076, 489, 4218, 0),
(2077, 4218, 3637, 0),
(2078, 489, 2557, 0),
(2079, 468, 1172, 0),
(2080, 1172, 1110, 0),
(2081, 468, 4238, 0),
(2082, 1110, 3301, 0),
(2083, 3301, 2122, 0),
(2084, 1634, 1470, 0),
(2085, 1634, 4622, 0),
(2086, 1634, 469, 0),
(2087, 4622, 928, 0),
(2088, 3052, 570, 0),
(2089, 570, 2663, 0),
(2090, 3052, 4120, 0),
(2091, 3052, 1774, 0),
(2092, 4120, 3894, 0),
(2093, 2663, 3480, 0),
(2094, 1774, 2919, 0),
(2095, 2663, 2860, 0),
(2096, 570, 470, 0),
(2097, 4120, 758, 0),
(2098, 528, 3577, 0),
(2099, 528, 3418, 0),
(2100, 528, 471, 0),
(2101, 539, 4009, 0),
(2102, 4009, 472, 0),
(2103, 4009, 4937, 0),
(2104, 472, 3574, 0),
(2105, 4937, 1766, 0),
(2106, 1414, 3999, 0),
(2107, 1414, 474, 0),
(2108, 474, 4358, 0),
(2109, 474, 3314, 0),
(2110, 3314, 3889, 0),
(2111, 3889, 1877, 0),
(2112, 3889, 835, 0),
(2113, 1414, 3410, 0),
(2114, 4457, 1920, 0),
(2115, 1920, 4133, 0),
(2116, 4457, 4648, 0),
(2117, 4648, 4829, 0),
(2118, 4648, 475, 0),
(2119, 477, 4839, 0),
(2120, 477, 2584, 0),
(2121, 4839, 695, 0),
(2122, 2584, 4091, 0),
(2123, 4091, 3524, 0),
(2124, 3419, 478, 0),
(2125, 478, 4440, 0),
(2126, 4440, 1900, 0),
(2127, 4601, 3175, 0),
(2128, 4601, 482, 0),
(2129, 4601, 740, 0),
(2130, 740, 4053, 0),
(2131, 3175, 3111, 0),
(2132, 483, 4254, 0),
(2133, 4254, 2114, 0),
(2134, 2114, 1713, 0),
(2135, 483, 4124, 0),
(2136, 1713, 1885, 0),
(2137, 1351, 1107, 0),
(2138, 1107, 1305, 0),
(2139, 1305, 484, 0),
(2140, 1305, 1355, 0),
(2141, 1107, 2908, 0),
(2142, 1107, 3651, 0),
(2143, 2338, 4566, 0),
(2144, 2338, 485, 0),
(2145, 2308, 4406, 0),
(2146, 4406, 488, 0),
(2147, 4406, 3182, 0),
(2148, 2308, 817, 0),
(2149, 4445, 490, 0),
(2150, 4445, 2703, 0),
(2151, 490, 4400, 0),
(2152, 2703, 2413, 0),
(2153, 4445, 1349, 0),
(2154, 4445, 3368, 0),
(2155, 2413, 2705, 0),
(2156, 1170, 1145, 0),
(2157, 1145, 4256, 0),
(2158, 4256, 2684, 0),
(2159, 1145, 3191, 0),
(2160, 1170, 492, 0),
(2161, 4256, 3847, 0),
(2162, 3113, 2782, 0),
(2163, 3113, 496, 0),
(2164, 2782, 4116, 0),
(2165, 4116, 3024, 0),
(2166, 3024, 994, 0),
(2167, 994, 2165, 0),
(2168, 3024, 540, 0),
(2169, 3113, 4687, 0),
(2170, 2165, 3062, 0),
(2171, 2165, 4469, 0),
(2172, 4469, 4561, 0),
(2173, 994, 1083, 0),
(2174, 3432, 1387, 0),
(2175, 3432, 2609, 0),
(2176, 2609, 497, 0),
(2177, 497, 3663, 0),
(2178, 3663, 816, 0),
(2179, 3432, 2572, 0),
(2180, 3663, 1516, 0),
(2181, 3388, 3632, 0),
(2182, 3388, 1220, 0),
(2183, 3388, 904, 0),
(2184, 3632, 1137, 0),
(2185, 1220, 4685, 0),
(2186, 3632, 498, 0),
(2187, 4685, 4702, 0),
(2188, 500, 2596, 0),
(2189, 1780, 502, 0),
(2190, 1780, 4980, 0),
(2191, 4980, 3815, 0),
(2192, 4980, 3888, 0),
(2193, 4980, 892, 0),
(2194, 4980, 2796, 0),
(2195, 892, 2793, 0),
(2196, 892, 1919, 0),
(2197, 2147, 1743, 0),
(2198, 2147, 506, 0),
(2199, 506, 4325, 0),
(2200, 2147, 4126, 0),
(2201, 4126, 3516, 0),
(2202, 4126, 4425, 0),
(2203, 4325, 3741, 0),
(2204, 4325, 4769, 0),
(2205, 4126, 4764, 0),
(2206, 4325, 1842, 0),
(2207, 507, 1870, 0),
(2208, 507, 4713, 0),
(2209, 507, 3015, 0),
(2210, 4713, 1448, 0),
(2211, 1448, 2028, 0),
(2212, 2028, 2827, 0),
(2213, 3443, 2005, 0),
(2214, 3443, 1097, 0),
(2215, 2005, 4652, 0),
(2216, 1097, 2227, 0),
(2217, 1097, 592, 0),
(2218, 4652, 2289, 0),
(2219, 1097, 511, 0),
(2220, 592, 3961, 0),
(2221, 4411, 2752, 0),
(2222, 2752, 512, 0),
(2223, 512, 856, 0),
(2224, 856, 1331, 0),
(2225, 2752, 1771, 0),
(2226, 514, 1197, 0),
(2227, 514, 4101, 0),
(2228, 1197, 3727, 0),
(2229, 1197, 1912, 0),
(2230, 3798, 4276, 0),
(2231, 4276, 2697, 0),
(2232, 4276, 515, 0),
(2233, 2697, 1298, 0),
(2234, 3798, 4915, 0),
(2235, 1298, 4410, 0),
(2236, 3798, 4790, 0),
(2237, 4790, 3367, 0),
(2238, 3367, 4606, 0),
(2239, 3798, 4553, 0),
(2240, 3367, 4078, 0),
(2241, 4096, 4506, 0),
(2242, 4096, 518, 0),
(2243, 4096, 2117, 0),
(2244, 2117, 4421, 0),
(2245, 2117, 1765, 0),
(2246, 4506, 1928, 0),
(2247, 1824, 3065, 0),
(2248, 1824, 519, 0),
(2249, 1824, 950, 0),
(2250, 519, 3736, 0),
(2251, 520, 2374, 0),
(2252, 520, 1598, 0),
(2253, 1598, 4942, 0),
(2254, 522, 4591, 0),
(2255, 522, 2362, 0),
(2256, 4591, 2487, 0),
(2257, 4591, 1384, 0),
(2258, 1384, 582, 0),
(2259, 2487, 4281, 0),
(2260, 2015, 2090, 0),
(2261, 2015, 2843, 0),
(2262, 2090, 4485, 0),
(2263, 2015, 3316, 0),
(2264, 3316, 4376, 0),
(2265, 4485, 1401, 0),
(2266, 4485, 524, 0),
(2267, 953, 1975, 0),
(2268, 953, 4292, 0),
(2269, 1975, 633, 0),
(2270, 953, 3683, 0),
(2271, 1975, 980, 0),
(2272, 980, 526, 0),
(2273, 3354, 2516, 0),
(2274, 2516, 527, 0),
(2275, 527, 3953, 0),
(2276, 3354, 3944, 0),
(2277, 3944, 3041, 0),
(2278, 3611, 4597, 0),
(2279, 3611, 3198, 0),
(2280, 4597, 2925, 0),
(2281, 3611, 3707, 0),
(2282, 3198, 529, 0),
(2283, 2611, 3615, 0),
(2284, 2611, 1575, 0),
(2285, 3615, 530, 0),
(2286, 3615, 630, 0),
(2287, 530, 4188, 0),
(2288, 3143, 4144, 0),
(2289, 3143, 1692, 0),
(2290, 1692, 531, 0),
(2291, 2313, 4129, 0),
(2292, 4129, 4206, 0),
(2293, 4129, 4755, 0),
(2294, 2313, 532, 0),
(2295, 2313, 4935, 0),
(2296, 4935, 2319, 0),
(2297, 2313, 3908, 0),
(2298, 4935, 3121, 0),
(2299, 4935, 1541, 0),
(2300, 3121, 2885, 0),
(2301, 2885, 1512, 0),
(2302, 4206, 646, 0),
(2303, 2313, 1147, 0),
(2304, 2885, 2209, 0),
(2305, 535, 933, 0),
(2306, 933, 2974, 0),
(2307, 3501, 4246, 0),
(2308, 3501, 746, 0),
(2309, 4246, 536, 0),
(2310, 2656, 2544, 0),
(2311, 2656, 2968, 0),
(2312, 2656, 541, 0),
(2313, 541, 3642, 0),
(2314, 1664, 2777, 0),
(2315, 2777, 542, 0),
(2316, 3005, 2397, 0),
(2317, 2397, 640, 0),
(2318, 2397, 3348, 0),
(2319, 3005, 888, 0),
(2320, 3005, 4234, 0),
(2321, 3348, 1144, 0),
(2322, 2397, 4098, 0),
(2323, 888, 543, 0),
(2324, 2397, 3264, 0),
(2325, 3074, 544, 0),
(2326, 3074, 2815, 0),
(2327, 544, 4341, 0),
(2328, 4341, 3860, 0),
(2329, 3074, 2717, 0),
(2330, 544, 3135, 0),
(2331, 3833, 870, 0),
(2332, 870, 547, 0),
(2333, 547, 4920, 0),
(2334, 4920, 1985, 0),
(2335, 1985, 3466, 0),
(2336, 548, 4574, 0),
(2337, 4574, 3212, 0),
(2338, 548, 4315, 0),
(2339, 3042, 2792, 0),
(2340, 2792, 4536, 0),
(2341, 4536, 551, 0),
(2342, 4616, 3078, 0),
(2343, 4616, 552, 0),
(2344, 552, 682, 0),
(2345, 1443, 553, 0),
(2346, 553, 1974, 0),
(2347, 1443, 4447, 0),
(2348, 553, 1231, 0),
(2349, 1443, 2978, 0),
(2350, 1231, 3529, 0),
(2351, 4447, 4598, 0),
(2352, 2978, 2882, 0),
(2353, 4447, 3554, 0),
(2354, 1443, 1806, 0),
(2355, 1974, 1058, 0),
(2356, 1120, 3477, 0),
(2357, 1120, 2928, 0),
(2358, 1120, 554, 0),
(2359, 3477, 2468, 0),
(2360, 554, 4025, 0),
(2361, 2928, 587, 0),
(2362, 587, 4671, 0),
(2363, 991, 2788, 0),
(2364, 991, 4397, 0),
(2365, 2788, 1285, 0),
(2366, 4397, 1945, 0),
(2367, 2788, 3841, 0),
(2368, 3841, 4283, 0),
(2369, 1945, 1115, 0),
(2370, 1285, 555, 0),
(2371, 4283, 4847, 0),
(2372, 2788, 3151, 0),
(2373, 556, 2763, 0),
(2374, 556, 2401, 0),
(2375, 556, 2356, 0),
(2376, 556, 842, 0),
(2377, 2356, 1635, 0),
(2378, 1635, 958, 0),
(2379, 842, 880, 0),
(2380, 983, 3416, 0),
(2381, 983, 4922, 0),
(2382, 983, 1782, 0),
(2383, 4922, 557, 0),
(2384, 4831, 3422, 0),
(2385, 3422, 3396, 0),
(2386, 3422, 2892, 0),
(2387, 3422, 560, 0),
(2388, 3396, 2581, 0),
(2389, 2918, 1052, 0),
(2390, 2918, 3046, 0),
(2391, 3046, 793, 0),
(2392, 2918, 561, 0),
(2393, 1052, 4184, 0),
(2394, 793, 2998, 0),
(2395, 4520, 2103, 0),
(2396, 2103, 564, 0),
(2397, 2103, 2967, 0),
(2398, 2967, 1607, 0),
(2399, 572, 4043, 0),
(2400, 572, 4737, 0),
(2401, 4737, 1067, 0),
(2402, 4737, 1711, 0),
(2403, 575, 1499, 0),
(2404, 575, 4360, 0),
(2405, 576, 4821, 0),
(2406, 4821, 2884, 0),
(2407, 580, 1898, 0),
(2408, 1898, 1999, 0),
(2409, 580, 4197, 0),
(2410, 1490, 584, 0),
(2411, 584, 2934, 0),
(2412, 2934, 4784, 0),
(2413, 2934, 1811, 0),
(2414, 1811, 2065, 0),
(2415, 3072, 4778, 0),
(2416, 3072, 1183, 0),
(2417, 3072, 585, 0),
(2418, 3072, 599, 0),
(2419, 3072, 4734, 0),
(2420, 3072, 4800, 0),
(2421, 4949, 1701, 0),
(2422, 1701, 3621, 0),
(2423, 1701, 4766, 0),
(2424, 3621, 4002, 0),
(2425, 1701, 586, 0),
(2426, 1308, 4794, 0),
(2427, 1308, 589, 0),
(2428, 589, 1883, 0),
(2429, 1308, 4367, 0),
(2430, 1883, 4473, 0),
(2431, 1883, 3137, 0),
(2432, 591, 1057, 0),
(2433, 1057, 3469, 0),
(2434, 1057, 1695, 0),
(2435, 1695, 2273, 0),
(2436, 987, 595, 0),
(2437, 595, 790, 0),
(2438, 987, 1619, 0),
(2439, 595, 1378, 0),
(2440, 790, 3771, 0),
(2441, 595, 3123, 0),
(2442, 3771, 757, 0),
(2443, 595, 684, 0),
(2444, 1378, 3891, 0),
(2445, 2230, 4152, 0),
(2446, 4152, 801, 0),
(2447, 4152, 596, 0),
(2448, 4152, 2518, 0),
(2449, 2230, 2279, 0),
(2450, 4152, 726, 0),
(2451, 3016, 597, 0),
(2452, 3016, 1773, 0),
(2453, 1773, 3251, 0),
(2454, 1773, 3794, 0),
(2455, 3016, 2229, 0),
(2456, 2320, 4950, 0),
(2457, 2320, 4739, 0),
(2458, 2320, 1088, 0),
(2459, 4739, 598, 0),
(2460, 4950, 2323, 0),
(2461, 598, 1007, 0),
(2462, 3712, 600, 0),
(2463, 3712, 4052, 0),
(2464, 4363, 2729, 0),
(2465, 2729, 2339, 0),
(2466, 2339, 637, 0),
(2467, 2729, 602, 0),
(2468, 637, 2050, 0),
(2469, 1163, 1638, 0),
(2470, 1638, 3138, 0),
(2471, 3138, 1262, 0),
(2472, 1163, 603, 0),
(2473, 4894, 2399, 0),
(2474, 4894, 1786, 0),
(2475, 1786, 4500, 0),
(2476, 1786, 1986, 0),
(2477, 4500, 2902, 0),
(2478, 1986, 606, 0),
(2479, 1786, 4035, 0),
(2480, 1663, 2517, 0),
(2481, 1663, 2219, 0),
(2482, 1663, 2110, 0),
(2483, 2219, 4300, 0),
(2484, 2110, 611, 0),
(2485, 2517, 2395, 0),
(2486, 2395, 3133, 0),
(2487, 4300, 3185, 0),
(2488, 3185, 1199, 0),
(2489, 2517, 4817, 0),
(2490, 2517, 2265, 0),
(2491, 2519, 4836, 0),
(2492, 2519, 2228, 0),
(2493, 2519, 652, 0),
(2494, 2228, 612, 0),
(2495, 2519, 4772, 0),
(2496, 4465, 702, 0),
(2497, 702, 615, 0),
(2498, 4465, 4964, 0),
(2499, 4964, 3269, 0),
(2500, 702, 4968, 0),
(2501, 4465, 2404, 0),
(2502, 2404, 3570, 0);
INSERT INTO `employees_hierarchies` (`id`, `superior_fk`, `subordinate_fk`, `is_valid`) VALUES
(2503, 2404, 3116, 0),
(2504, 2303, 1173, 0),
(2505, 1173, 616, 0),
(2506, 1173, 797, 0),
(2507, 616, 845, 0),
(2508, 616, 1698, 0),
(2509, 845, 2731, 0),
(2510, 1698, 3767, 0),
(2511, 616, 3754, 0),
(2512, 1286, 3576, 0),
(2513, 3576, 617, 0),
(2514, 3576, 3476, 0),
(2515, 617, 4928, 0),
(2516, 1286, 2871, 0),
(2517, 617, 2958, 0),
(2518, 3518, 1742, 0),
(2519, 1742, 1752, 0),
(2520, 1742, 679, 0),
(2521, 679, 3731, 0),
(2522, 1742, 621, 0),
(2523, 1742, 4092, 0),
(2524, 679, 4946, 0),
(2525, 4946, 3506, 0),
(2526, 3518, 1353, 0),
(2527, 1353, 3021, 0),
(2528, 621, 1195, 0),
(2529, 4181, 4163, 0),
(2530, 4181, 2861, 0),
(2531, 4181, 1488, 0),
(2532, 4163, 1260, 0),
(2533, 4181, 926, 0),
(2534, 4181, 4563, 0),
(2535, 4563, 3196, 0),
(2536, 3196, 624, 0),
(2537, 4163, 1032, 0),
(2538, 4163, 4796, 0),
(2539, 4796, 4846, 0),
(2540, 626, 4978, 0),
(2541, 854, 3870, 0),
(2542, 854, 628, 0),
(2543, 3870, 3200, 0),
(2544, 3870, 4629, 0),
(2545, 4629, 1494, 0),
(2546, 854, 3012, 0),
(2547, 854, 4419, 0),
(2548, 629, 4414, 0),
(2549, 4414, 2879, 0),
(2550, 629, 3528, 0),
(2551, 629, 4055, 0),
(2552, 2879, 4961, 0),
(2553, 1887, 3457, 0),
(2554, 3457, 2068, 0),
(2555, 3457, 2622, 0),
(2556, 2622, 632, 0),
(2557, 2068, 2456, 0),
(2558, 3457, 4212, 0),
(2559, 2622, 1519, 0),
(2560, 2622, 1618, 0),
(2561, 1887, 3044, 0),
(2562, 1887, 4572, 0),
(2563, 4572, 3627, 0),
(2564, 2622, 940, 0),
(2565, 1846, 634, 0),
(2566, 1846, 1252, 0),
(2567, 3263, 4286, 0),
(2568, 4286, 2430, 0),
(2569, 2430, 3892, 0),
(2570, 3263, 1751, 0),
(2571, 3263, 636, 0),
(2572, 1751, 2222, 0),
(2573, 4725, 2123, 0),
(2574, 4725, 3063, 0),
(2575, 3063, 3759, 0),
(2576, 2123, 1095, 0),
(2577, 4725, 4146, 0),
(2578, 2123, 639, 0),
(2579, 641, 2004, 0),
(2580, 2004, 1310, 0),
(2581, 641, 2344, 0),
(2582, 2344, 2916, 0),
(2583, 641, 4537, 0),
(2584, 2004, 4753, 0),
(2585, 4753, 3014, 0),
(2586, 4753, 4165, 0),
(2587, 641, 2163, 0),
(2588, 3209, 4746, 0),
(2589, 3209, 3581, 0),
(2590, 3209, 1080, 0),
(2591, 1080, 2762, 0),
(2592, 3209, 3025, 0),
(2593, 3209, 1117, 0),
(2594, 2762, 938, 0),
(2595, 3025, 643, 0),
(2596, 3581, 4997, 0),
(2597, 4746, 1334, 0),
(2598, 645, 1299, 0),
(2599, 645, 4799, 0),
(2600, 645, 1650, 0),
(2601, 645, 1836, 0),
(2602, 4799, 1238, 0),
(2603, 2617, 647, 0),
(2604, 647, 2981, 0),
(2605, 2981, 3854, 0),
(2606, 2981, 1142, 0),
(2607, 3854, 951, 0),
(2608, 1142, 1967, 0),
(2609, 647, 4593, 0),
(2610, 648, 4966, 0),
(2611, 4497, 2791, 0),
(2612, 2791, 649, 0),
(2613, 2791, 3665, 0),
(2614, 649, 2203, 0),
(2615, 4497, 3566, 0),
(2616, 653, 2739, 0),
(2617, 2739, 3851, 0),
(2618, 943, 658, 0),
(2619, 658, 3924, 0),
(2620, 943, 3142, 0),
(2621, 1250, 4334, 0),
(2622, 4334, 659, 0),
(2623, 659, 3490, 0),
(2624, 3490, 3096, 0),
(2625, 3096, 4306, 0),
(2626, 4306, 1708, 0),
(2627, 4306, 2262, 0),
(2628, 2732, 4957, 0),
(2629, 4957, 919, 0),
(2630, 919, 661, 0),
(2631, 2732, 3427, 0),
(2632, 2732, 4851, 0),
(2633, 4571, 662, 0),
(2634, 662, 1582, 0),
(2635, 4571, 3240, 0),
(2636, 4151, 3169, 0),
(2637, 3169, 666, 0),
(2638, 4151, 4384, 0),
(2639, 737, 1625, 0),
(2640, 737, 972, 0),
(2641, 972, 4260, 0),
(2642, 737, 2292, 0),
(2643, 2292, 667, 0),
(2644, 737, 2363, 0),
(2645, 1625, 2281, 0),
(2646, 2292, 4094, 0),
(2647, 1540, 3379, 0),
(2648, 1540, 4357, 0),
(2649, 1540, 1370, 0),
(2650, 1540, 4346, 0),
(2651, 1370, 1522, 0),
(2652, 1540, 668, 0),
(2653, 3846, 2478, 0),
(2654, 2478, 2201, 0),
(2655, 2201, 3365, 0),
(2656, 3365, 669, 0),
(2657, 3846, 2830, 0),
(2658, 4441, 671, 0),
(2659, 4441, 715, 0),
(2660, 4441, 3171, 0),
(2661, 3171, 4422, 0),
(2662, 4441, 2822, 0),
(2663, 3171, 741, 0),
(2664, 672, 1744, 0),
(2665, 672, 3656, 0),
(2666, 3656, 2635, 0),
(2667, 672, 2183, 0),
(2668, 3656, 934, 0),
(2669, 2709, 2784, 0),
(2670, 2784, 3876, 0),
(2671, 3876, 4631, 0),
(2672, 3876, 4223, 0),
(2673, 2784, 676, 0),
(2674, 2709, 1377, 0),
(2675, 4631, 1041, 0),
(2676, 4136, 3909, 0),
(2677, 3909, 3552, 0),
(2678, 4136, 3561, 0),
(2679, 3552, 3905, 0),
(2680, 3561, 2332, 0),
(2681, 2332, 1968, 0),
(2682, 1968, 1896, 0),
(2683, 3909, 3568, 0),
(2684, 3905, 677, 0),
(2685, 4136, 1452, 0),
(2686, 3451, 2480, 0),
(2687, 2480, 1329, 0),
(2688, 2480, 2988, 0),
(2689, 2988, 4487, 0),
(2690, 3451, 678, 0),
(2691, 1676, 3390, 0),
(2692, 1676, 680, 0),
(2693, 3390, 3897, 0),
(2694, 1676, 2509, 0),
(2695, 3019, 3152, 0),
(2696, 3152, 2215, 0),
(2697, 3152, 685, 0),
(2698, 3019, 885, 0),
(2699, 3019, 4804, 0),
(2700, 685, 2301, 0),
(2701, 3152, 1019, 0),
(2702, 3019, 4262, 0),
(2703, 2016, 687, 0),
(2704, 2016, 2840, 0),
(2705, 2576, 3067, 0),
(2706, 3067, 2972, 0),
(2707, 2576, 688, 0),
(2708, 2576, 1566, 0),
(2709, 689, 899, 0),
(2710, 899, 4202, 0),
(2711, 4202, 1290, 0),
(2712, 689, 2933, 0),
(2713, 689, 2753, 0),
(2714, 2933, 2937, 0),
(2715, 3165, 2734, 0),
(2716, 3165, 691, 0),
(2717, 691, 4740, 0),
(2718, 2734, 2423, 0),
(2719, 4842, 4618, 0),
(2720, 4618, 3481, 0),
(2721, 4842, 1005, 0),
(2722, 4618, 704, 0),
(2723, 4618, 2381, 0),
(2724, 4618, 693, 0),
(2725, 4618, 2945, 0),
(2726, 2945, 4931, 0),
(2727, 693, 2325, 0),
(2728, 701, 3252, 0),
(2729, 3252, 1845, 0),
(2730, 3252, 4976, 0),
(2731, 1845, 2184, 0),
(2732, 1391, 1012, 0),
(2733, 1012, 3470, 0),
(2734, 1012, 4258, 0),
(2735, 3470, 4261, 0),
(2736, 3470, 2857, 0),
(2737, 2857, 2133, 0),
(2738, 1012, 703, 0),
(2739, 2716, 1712, 0),
(2740, 1712, 1685, 0),
(2741, 1712, 4620, 0),
(2742, 1712, 2411, 0),
(2743, 1712, 707, 0),
(2744, 2411, 4399, 0),
(2745, 2716, 4607, 0),
(2746, 4607, 2403, 0),
(2747, 4488, 2626, 0),
(2748, 2626, 4179, 0),
(2749, 2626, 1674, 0),
(2750, 4179, 4128, 0),
(2751, 4179, 3604, 0),
(2752, 4128, 2672, 0),
(2753, 1674, 708, 0),
(2754, 3440, 2466, 0),
(2755, 3440, 3669, 0),
(2756, 3440, 709, 0),
(2757, 709, 2091, 0),
(2758, 709, 2485, 0),
(2759, 709, 4744, 0),
(2760, 3669, 3322, 0),
(2761, 712, 4859, 0),
(2762, 712, 4330, 0),
(2763, 4859, 2585, 0),
(2764, 4330, 2761, 0),
(2765, 714, 2973, 0),
(2766, 2973, 1600, 0),
(2767, 714, 3718, 0),
(2768, 1600, 4109, 0),
(2769, 717, 4081, 0),
(2770, 4081, 4236, 0),
(2771, 4081, 1481, 0),
(2772, 1481, 3728, 0),
(2773, 3350, 3399, 0),
(2774, 3399, 2189, 0),
(2775, 3399, 3478, 0),
(2776, 3478, 2839, 0),
(2777, 2839, 718, 0),
(2778, 2189, 814, 0),
(2779, 3350, 1404, 0),
(2780, 3913, 720, 0),
(2781, 720, 2124, 0),
(2782, 3913, 1617, 0),
(2783, 4222, 3792, 0),
(2784, 4222, 2079, 0),
(2785, 2079, 4824, 0),
(2786, 4222, 4733, 0),
(2787, 4733, 721, 0),
(2788, 2079, 4730, 0),
(2789, 3066, 1242, 0),
(2790, 1242, 2088, 0),
(2791, 2088, 2878, 0),
(2792, 2878, 971, 0),
(2793, 1242, 1374, 0),
(2794, 971, 3986, 0),
(2795, 3986, 4758, 0),
(2796, 3986, 727, 0),
(2797, 1242, 4958, 0),
(2798, 971, 2206, 0),
(2799, 4958, 1466, 0),
(2800, 1466, 1989, 0),
(2801, 3066, 1581, 0),
(2802, 4758, 1065, 0),
(2803, 1374, 1304, 0),
(2804, 1073, 3603, 0),
(2805, 1073, 732, 0),
(2806, 732, 2185, 0),
(2807, 732, 3186, 0),
(2808, 3186, 1004, 0),
(2809, 3186, 2891, 0),
(2810, 3603, 776, 0),
(2811, 1244, 733, 0),
(2812, 1379, 2530, 0),
(2813, 2530, 2504, 0),
(2814, 2504, 3670, 0),
(2815, 2530, 3613, 0),
(2816, 2530, 4173, 0),
(2817, 2530, 734, 0),
(2818, 1287, 1307, 0),
(2819, 1287, 735, 0),
(2820, 1307, 767, 0),
(2821, 1287, 1335, 0),
(2822, 2776, 2111, 0),
(2823, 2111, 4036, 0),
(2824, 2111, 2035, 0),
(2825, 2035, 1246, 0),
(2826, 2035, 2234, 0),
(2827, 4036, 738, 0),
(2828, 4305, 3573, 0),
(2829, 3573, 4080, 0),
(2830, 4305, 1909, 0),
(2831, 4305, 739, 0),
(2832, 4080, 4201, 0),
(2833, 4201, 3249, 0),
(2834, 4305, 2976, 0),
(2835, 2976, 4940, 0),
(2836, 742, 1907, 0),
(2837, 742, 4105, 0),
(2838, 744, 1385, 0),
(2839, 1851, 1837, 0),
(2840, 1837, 3468, 0),
(2841, 1851, 4588, 0),
(2842, 1851, 2567, 0),
(2843, 1851, 4586, 0),
(2844, 4588, 4822, 0),
(2845, 3468, 745, 0),
(2846, 1837, 2422, 0),
(2847, 3468, 3109, 0),
(2848, 4822, 2166, 0),
(2849, 750, 3785, 0),
(2850, 750, 1719, 0),
(2851, 3785, 1987, 0),
(2852, 815, 751, 0),
(2853, 751, 2063, 0),
(2854, 2236, 3053, 0),
(2855, 2236, 4006, 0),
(2856, 4006, 753, 0),
(2857, 753, 4883, 0),
(2858, 753, 1978, 0),
(2859, 4883, 4294, 0),
(2860, 4294, 2570, 0),
(2861, 2236, 4047, 0),
(2862, 4294, 4393, 0),
(2863, 3786, 2213, 0),
(2864, 2213, 3036, 0),
(2865, 3036, 4906, 0),
(2866, 3036, 3086, 0),
(2867, 3086, 1911, 0),
(2868, 3036, 756, 0),
(2869, 1417, 840, 0),
(2870, 840, 760, 0),
(2871, 1417, 2047, 0),
(2872, 1417, 978, 0),
(2873, 761, 2790, 0),
(2874, 2790, 2747, 0),
(2875, 2747, 4060, 0),
(2876, 903, 3018, 0),
(2877, 3018, 3454, 0),
(2878, 3018, 2026, 0),
(2879, 3018, 2352, 0),
(2880, 3454, 4301, 0),
(2881, 3018, 763, 0),
(2882, 2026, 2984, 0),
(2883, 2352, 2795, 0),
(2884, 4301, 3340, 0),
(2885, 2795, 806, 0),
(2886, 763, 4872, 0),
(2887, 764, 3540, 0),
(2888, 764, 1855, 0),
(2889, 1855, 2008, 0),
(2890, 764, 4474, 0),
(2891, 2008, 1718, 0),
(2892, 764, 4482, 0),
(2893, 764, 1783, 0),
(2894, 3345, 765, 0),
(2895, 765, 3800, 0),
(2896, 765, 2921, 0),
(2897, 3345, 3246, 0),
(2898, 875, 766, 0),
(2899, 766, 4644, 0),
(2900, 875, 4205, 0),
(2901, 766, 1373, 0),
(2902, 4205, 1636, 0),
(2903, 2355, 1372, 0),
(2904, 1372, 1140, 0),
(2905, 1372, 770, 0),
(2906, 1372, 3313, 0),
(2907, 3313, 3917, 0),
(2908, 3917, 3029, 0),
(2909, 3732, 2036, 0),
(2910, 3732, 1376, 0),
(2911, 1376, 2119, 0),
(2912, 2036, 777, 0),
(2913, 2036, 4289, 0),
(2914, 3732, 3255, 0),
(2915, 779, 3013, 0),
(2916, 3013, 834, 0),
(2917, 834, 2956, 0),
(2918, 779, 4134, 0),
(2919, 3549, 4463, 0),
(2920, 4463, 3644, 0),
(2921, 4463, 4491, 0),
(2922, 4463, 781, 0),
(2923, 4604, 4372, 0),
(2924, 4604, 1957, 0),
(2925, 4604, 3901, 0),
(2926, 4604, 2129, 0),
(2927, 4604, 782, 0),
(2928, 1957, 4858, 0),
(2929, 1880, 2522, 0),
(2930, 1880, 4759, 0),
(2931, 1880, 1761, 0),
(2932, 1880, 3803, 0),
(2933, 1880, 1659, 0),
(2934, 3803, 1395, 0),
(2935, 3803, 783, 0),
(2936, 2679, 3863, 0),
(2937, 3863, 786, 0),
(2938, 789, 4917, 0),
(2939, 789, 837, 0),
(2940, 789, 3837, 0),
(2941, 4917, 2194, 0),
(2942, 789, 2469, 0),
(2943, 4953, 1936, 0),
(2944, 1936, 2588, 0),
(2945, 2588, 791, 0),
(2946, 1936, 3382, 0),
(2947, 2588, 1205, 0),
(2948, 1205, 1710, 0),
(2949, 2588, 1295, 0),
(2950, 2588, 2917, 0),
(2951, 2645, 1102, 0),
(2952, 2645, 794, 0),
(2953, 2645, 4531, 0),
(2954, 2645, 2558, 0),
(2955, 4531, 3575, 0),
(2956, 4531, 3987, 0),
(2957, 794, 3360, 0),
(2958, 3949, 1263, 0),
(2959, 1263, 2251, 0),
(2960, 2251, 1248, 0),
(2961, 1248, 3376, 0),
(2962, 3376, 795, 0),
(2963, 3376, 4965, 0),
(2964, 1360, 802, 0),
(2965, 1360, 4029, 0),
(2966, 4029, 4190, 0),
(2967, 802, 2432, 0),
(2968, 1360, 4012, 0),
(2969, 2432, 1791, 0),
(2970, 807, 4027, 0),
(2971, 4027, 1916, 0),
(2972, 4211, 4040, 0),
(2973, 4211, 4545, 0),
(2974, 4040, 2713, 0),
(2975, 4040, 2683, 0),
(2976, 4040, 809, 0),
(2977, 4211, 1515, 0),
(2978, 4040, 2977, 0),
(2979, 4187, 810, 0),
(2980, 810, 4594, 0),
(2981, 4594, 3893, 0),
(2982, 3893, 1784, 0),
(2983, 4594, 1028, 0),
(2984, 1028, 4183, 0),
(2985, 2442, 2673, 0),
(2986, 2442, 2384, 0),
(2987, 2384, 3852, 0),
(2988, 3852, 812, 0),
(2989, 4048, 820, 0),
(2990, 4602, 4870, 0),
(2991, 4602, 907, 0),
(2992, 4870, 3927, 0),
(2993, 4602, 4639, 0),
(2994, 907, 822, 0),
(2995, 822, 838, 0),
(2996, 4602, 3445, 0),
(2997, 4338, 867, 0),
(2998, 867, 2985, 0),
(2999, 2985, 825, 0),
(3000, 1904, 4461, 0),
(3001, 4461, 4113, 0),
(3002, 4461, 2862, 0),
(3003, 4461, 1451, 0),
(3004, 2862, 3058, 0),
(3005, 1451, 826, 0),
(3006, 3764, 3474, 0),
(3007, 3764, 949, 0),
(3008, 3764, 1990, 0),
(3009, 949, 2306, 0),
(3010, 949, 827, 0),
(3011, 3170, 3398, 0),
(3012, 3170, 829, 0),
(3013, 3398, 3723, 0),
(3014, 906, 3890, 0),
(3015, 3890, 861, 0),
(3016, 3890, 4939, 0),
(3017, 3890, 833, 0),
(3018, 4939, 3899, 0),
(3019, 4088, 843, 0),
(3020, 843, 1156, 0),
(3021, 843, 2537, 0),
(3022, 1156, 3221, 0),
(3023, 2074, 848, 0),
(3024, 2074, 4934, 0),
(3025, 4934, 2043, 0),
(3026, 2043, 2454, 0),
(3027, 4433, 2898, 0),
(3028, 4433, 4310, 0),
(3029, 4433, 3507, 0),
(3030, 3507, 849, 0),
(3031, 850, 4243, 0),
(3032, 850, 2769, 0),
(3033, 4243, 4016, 0),
(3034, 4243, 1683, 0),
(3035, 850, 1029, 0),
(3036, 850, 3952, 0),
(3037, 2507, 3649, 0),
(3038, 2507, 851, 0),
(3039, 2507, 3690, 0),
(3040, 3690, 863, 0),
(3041, 4869, 852, 0),
(3042, 852, 4634, 0),
(3043, 3859, 3612, 0),
(3044, 3859, 2316, 0),
(3045, 3859, 3676, 0),
(3046, 3676, 1255, 0),
(3047, 3676, 855, 0),
(3048, 2316, 3684, 0),
(3049, 3676, 4646, 0),
(3050, 4394, 860, 0),
(3051, 4394, 2327, 0),
(3052, 2327, 4538, 0),
(3053, 860, 4115, 0),
(3054, 4538, 1960, 0),
(3055, 1960, 4182, 0),
(3056, 862, 3782, 0),
(3057, 862, 2138, 0),
(3058, 2138, 3564, 0),
(3059, 2138, 1284, 0),
(3060, 3564, 916, 0),
(3061, 866, 2490, 0),
(3062, 2490, 4812, 0),
(3063, 869, 2375, 0),
(3064, 869, 4293, 0),
(3065, 2375, 3104, 0),
(3066, 869, 4711, 0),
(3067, 869, 2009, 0),
(3068, 4293, 1475, 0),
(3069, 2375, 1320, 0),
(3070, 3329, 3369, 0),
(3071, 3369, 1253, 0),
(3072, 1253, 871, 0),
(3073, 2693, 876, 0),
(3074, 2693, 1343, 0),
(3075, 1343, 3513, 0),
(3076, 881, 3658, 0),
(3077, 881, 4657, 0),
(3078, 2888, 4989, 0),
(3079, 2888, 3828, 0),
(3080, 4989, 2524, 0),
(3081, 4989, 893, 0),
(3082, 894, 2018, 0),
(3083, 894, 3333, 0),
(3084, 894, 942, 0),
(3085, 942, 1894, 0),
(3086, 942, 2636, 0),
(3087, 3333, 4171, 0),
(3088, 4351, 1908, 0),
(3089, 4351, 3585, 0),
(3090, 3585, 3857, 0),
(3091, 4351, 1327, 0),
(3092, 1908, 895, 0),
(3093, 895, 1143, 0),
(3094, 895, 2932, 0),
(3095, 2932, 3153, 0),
(3096, 2932, 3880, 0),
(3097, 896, 1926, 0),
(3098, 896, 979, 0),
(3099, 1926, 3740, 0),
(3100, 3740, 3678, 0),
(3101, 896, 1645, 0),
(3102, 896, 1094, 0),
(3103, 896, 4543, 0),
(3104, 3678, 2505, 0),
(3105, 1569, 3634, 0),
(3106, 1569, 3624, 0),
(3107, 3634, 4416, 0),
(3108, 3634, 2546, 0),
(3109, 1569, 901, 0),
(3110, 1564, 1352, 0),
(3111, 1352, 908, 0),
(3112, 908, 1511, 0),
(3113, 4630, 909, 0),
(3114, 909, 2257, 0),
(3115, 4630, 2235, 0),
(3116, 4630, 2895, 0),
(3117, 2895, 1755, 0),
(3118, 2235, 4640, 0),
(3119, 2616, 2044, 0),
(3120, 2616, 910, 0),
(3121, 910, 1000, 0),
(3122, 1000, 1562, 0),
(3123, 1000, 2931, 0),
(3124, 2616, 3886, 0),
(3125, 2931, 2876, 0),
(3126, 4492, 1905, 0),
(3127, 4492, 4058, 0),
(3128, 1905, 2486, 0),
(3129, 2486, 1256, 0),
(3130, 1256, 4857, 0),
(3131, 4058, 4867, 0),
(3132, 2486, 1958, 0),
(3133, 1958, 1082, 0),
(3134, 4857, 911, 0),
(3135, 911, 2565, 0),
(3136, 4297, 4963, 0),
(3137, 4963, 2601, 0),
(3138, 4963, 2627, 0),
(3139, 2601, 4296, 0),
(3140, 4963, 2736, 0),
(3141, 4963, 3297, 0),
(3142, 4963, 4912, 0),
(3143, 4963, 914, 0),
(3144, 4912, 3556, 0),
(3145, 3281, 3970, 0),
(3146, 3970, 920, 0),
(3147, 3970, 3206, 0),
(3148, 3970, 3713, 0),
(3149, 1150, 3090, 0),
(3150, 3090, 4683, 0),
(3151, 4683, 4290, 0),
(3152, 3090, 2711, 0),
(3153, 1150, 3555, 0),
(3154, 4683, 924, 0),
(3155, 3600, 2997, 0),
(3156, 3600, 935, 0),
(3157, 935, 3724, 0),
(3158, 935, 2418, 0),
(3159, 3724, 4952, 0),
(3160, 2444, 4552, 0),
(3161, 4552, 1126, 0),
(3162, 1126, 3473, 0),
(3163, 2444, 1543, 0),
(3164, 4552, 937, 0),
(3165, 1578, 4996, 0),
(3166, 1578, 1226, 0),
(3167, 1226, 3306, 0),
(3168, 1226, 941, 0),
(3169, 3306, 4864, 0),
(3170, 941, 2804, 0),
(3171, 4996, 995, 0),
(3172, 1578, 3317, 0),
(3173, 3998, 2837, 0),
(3174, 2837, 944, 0),
(3175, 2837, 4532, 0),
(3176, 3955, 3689, 0),
(3177, 3689, 2451, 0),
(3178, 3955, 3636, 0),
(3179, 3636, 1186, 0),
(3180, 3689, 4323, 0),
(3181, 1186, 2171, 0),
(3182, 4323, 946, 0),
(3183, 3981, 4067, 0),
(3184, 3981, 3241, 0),
(3185, 3241, 2333, 0),
(3186, 3241, 947, 0),
(3187, 4067, 2619, 0),
(3188, 3981, 4486, 0),
(3189, 947, 3180, 0),
(3190, 3826, 4567, 0),
(3191, 4567, 1678, 0),
(3192, 3826, 948, 0),
(3193, 948, 1033, 0),
(3194, 948, 4436, 0),
(3195, 3826, 3511, 0),
(3196, 948, 2594, 0),
(3197, 952, 1016, 0),
(3198, 1016, 1735, 0),
(3199, 1016, 1232, 0),
(3200, 1016, 2437, 0),
(3201, 1232, 4382, 0),
(3202, 1074, 1817, 0),
(3203, 1817, 3862, 0),
(3204, 1817, 4467, 0),
(3205, 1817, 1190, 0),
(3206, 1190, 954, 0),
(3207, 1817, 2650, 0),
(3208, 3493, 4780, 0),
(3209, 4780, 1583, 0),
(3210, 1583, 1501, 0),
(3211, 1583, 957, 0),
(3212, 1844, 2775, 0),
(3213, 1844, 4435, 0),
(3214, 2775, 3779, 0),
(3215, 3779, 959, 0),
(3216, 2775, 1272, 0),
(3217, 3779, 1254, 0),
(3218, 961, 1341, 0),
(3219, 1341, 1402, 0),
(3220, 1341, 1159, 0),
(3221, 1069, 962, 0),
(3222, 1069, 2085, 0),
(3223, 2085, 2680, 0),
(3224, 3608, 1398, 0),
(3225, 1398, 4083, 0),
(3226, 4083, 4878, 0),
(3227, 4878, 2738, 0),
(3228, 1398, 3638, 0),
(3229, 2738, 4185, 0),
(3230, 4083, 965, 0),
(3231, 4878, 2772, 0),
(3232, 2105, 2531, 0),
(3233, 2105, 2969, 0),
(3234, 2969, 967, 0),
(3235, 967, 4533, 0),
(3236, 967, 1521, 0),
(3237, 2105, 3765, 0),
(3238, 2969, 4806, 0),
(3239, 2105, 4298, 0),
(3240, 967, 4849, 0),
(3241, 3163, 3802, 0),
(3242, 3163, 970, 0),
(3243, 976, 1035, 0),
(3244, 976, 3835, 0),
(3245, 976, 1528, 0),
(3246, 1035, 1234, 0),
(3247, 4337, 3023, 0),
(3248, 3023, 4017, 0),
(3249, 3023, 4897, 0),
(3250, 4337, 3645, 0),
(3251, 4017, 1822, 0),
(3252, 3023, 1665, 0),
(3253, 4017, 3926, 0),
(3254, 3023, 4398, 0),
(3255, 4017, 4519, 0),
(3256, 4897, 988, 0),
(3257, 3717, 4972, 0),
(3258, 4972, 989, 0),
(3259, 989, 2858, 0),
(3260, 989, 2255, 0),
(3261, 3717, 4665, 0),
(3262, 4972, 4242, 0),
(3263, 4727, 4255, 0),
(3264, 4255, 4137, 0),
(3265, 4255, 4582, 0),
(3266, 4582, 2602, 0),
(3267, 4137, 992, 0),
(3268, 992, 1149, 0),
(3269, 2602, 4681, 0),
(3270, 4681, 2501, 0),
(3271, 2202, 4475, 0),
(3272, 4475, 998, 0),
(3273, 2202, 4573, 0),
(3274, 4475, 2905, 0),
(3275, 2905, 4007, 0),
(3276, 4573, 1872, 0),
(3277, 1872, 2269, 0),
(3278, 2202, 3295, 0),
(3279, 3686, 1369, 0),
(3280, 1369, 3057, 0),
(3281, 3057, 3902, 0),
(3282, 3686, 4731, 0),
(3283, 3902, 4621, 0),
(3284, 4731, 999, 0),
(3285, 2331, 3937, 0),
(3286, 2331, 1001, 0),
(3287, 2331, 2182, 0),
(3288, 1001, 1219, 0),
(3289, 1001, 2665, 0),
(3290, 2665, 2367, 0),
(3291, 3928, 4650, 0),
(3292, 4650, 2420, 0),
(3293, 2420, 1002, 0),
(3294, 3928, 1063, 0),
(3295, 1002, 4663, 0),
(3296, 3928, 4564, 0),
(3297, 1002, 3923, 0),
(3298, 4650, 2604, 0),
(3299, 2615, 2926, 0),
(3300, 2615, 1003, 0),
(3301, 2926, 2942, 0),
(3302, 4628, 2813, 0),
(3303, 4628, 1931, 0),
(3304, 1931, 4449, 0),
(3305, 4628, 4248, 0),
(3306, 1931, 3084, 0),
(3307, 4628, 1863, 0),
(3308, 4449, 4117, 0),
(3309, 1931, 1011, 0),
(3310, 1863, 3938, 0),
(3311, 1702, 1014, 0),
(3312, 1014, 4932, 0),
(3313, 1014, 1059, 0),
(3314, 1014, 4166, 0),
(3315, 1702, 3404, 0),
(3316, 2424, 1017, 0),
(3317, 1017, 3761, 0),
(3318, 1017, 3599, 0),
(3319, 2424, 3950, 0),
(3320, 3950, 1439, 0),
(3321, 3091, 4570, 0),
(3322, 4570, 1021, 0),
(3323, 3091, 1572, 0),
(3324, 4570, 4490, 0),
(3325, 4490, 2659, 0),
(3326, 1021, 1367, 0),
(3327, 4845, 3743, 0),
(3328, 4845, 2559, 0),
(3329, 4845, 4863, 0),
(3330, 4863, 1022, 0),
(3331, 4962, 1823, 0),
(3332, 4962, 3094, 0),
(3333, 1823, 1025, 0),
(3334, 1025, 2364, 0),
(3335, 1823, 1300, 0),
(3336, 4962, 4951, 0),
(3337, 3650, 1026, 0),
(3338, 1026, 1194, 0),
(3339, 1031, 1099, 0),
(3340, 1031, 4024, 0),
(3341, 1031, 4714, 0),
(3342, 1099, 1747, 0),
(3343, 2819, 4690, 0),
(3344, 4690, 3625, 0),
(3345, 2819, 1034, 0),
(3346, 2574, 4157, 0),
(3347, 4157, 1036, 0),
(3348, 2574, 3098, 0),
(3349, 2574, 2483, 0),
(3350, 3098, 3060, 0),
(3351, 2483, 1563, 0),
(3352, 2483, 4763, 0),
(3353, 4763, 2881, 0),
(3354, 2836, 4499, 0),
(3355, 4499, 1753, 0),
(3356, 1753, 1040, 0),
(3357, 4269, 1717, 0),
(3358, 1717, 1681, 0),
(3359, 1717, 4600, 0),
(3360, 1717, 3459, 0),
(3361, 1717, 3965, 0),
(3362, 4269, 3278, 0),
(3363, 3965, 1042, 0),
(3364, 1042, 4555, 0),
(3365, 4455, 3148, 0),
(3366, 4455, 3377, 0),
(3367, 3148, 1291, 0),
(3368, 1291, 1594, 0),
(3369, 3377, 4721, 0),
(3370, 3148, 1044, 0),
(3371, 1044, 1154, 0),
(3372, 1154, 3425, 0),
(3373, 4691, 1051, 0),
(3374, 4691, 1860, 0),
(3375, 3747, 1053, 0),
(3376, 3747, 4307, 0),
(3377, 4307, 3801, 0),
(3378, 3801, 1075, 0),
(3379, 1053, 1461, 0),
(3380, 4718, 4424, 0),
(3381, 4424, 3033, 0),
(3382, 4424, 1054, 0),
(3383, 1830, 1460, 0),
(3384, 1830, 1055, 0),
(3385, 1460, 4371, 0),
(3386, 4371, 4468, 0),
(3387, 4468, 2335, 0),
(3388, 1055, 2298, 0),
(3389, 1830, 4453, 0),
(3390, 1055, 1076, 0),
(3391, 3770, 1061, 0),
(3392, 1061, 1472, 0),
(3393, 1472, 1730, 0),
(3394, 1730, 2605, 0),
(3395, 4442, 1493, 0),
(3396, 1493, 1062, 0),
(3397, 1062, 1175, 0),
(3398, 4442, 4505, 0),
(3399, 1119, 3479, 0),
(3400, 1119, 1064, 0),
(3401, 1064, 2566, 0),
(3402, 2566, 3539, 0),
(3403, 1066, 3681, 0),
(3404, 1066, 3789, 0),
(3405, 1066, 2294, 0),
(3406, 1066, 4983, 0),
(3407, 1737, 1116, 0),
(3408, 1737, 1072, 0),
(3409, 1072, 1770, 0),
(3410, 1072, 1188, 0),
(3411, 1188, 3508, 0),
(3412, 1388, 1888, 0),
(3413, 1388, 1078, 0),
(3414, 1078, 2508, 0),
(3415, 1078, 3500, 0),
(3416, 1087, 3647, 0),
(3417, 3647, 3584, 0),
(3418, 3584, 1249, 0),
(3419, 3584, 3386, 0),
(3420, 1545, 4626, 0),
(3421, 4626, 2178, 0),
(3422, 4626, 1089, 0),
(3423, 4626, 4356, 0),
(3424, 2178, 3043, 0),
(3425, 1545, 3089, 0),
(3426, 2178, 3693, 0),
(3427, 4626, 1340, 0),
(3428, 3043, 2811, 0),
(3429, 1949, 2911, 0),
(3430, 2911, 2744, 0),
(3431, 1949, 1090, 0),
(3432, 2744, 2642, 0),
(3433, 2642, 1971, 0),
(3434, 1949, 3238, 0),
(3435, 1971, 1792, 0),
(3436, 2744, 2612, 0),
(3437, 2612, 3775, 0),
(3438, 1949, 3403, 0),
(3439, 3403, 1995, 0),
(3440, 1792, 2245, 0),
(3441, 4335, 4368, 0),
(3442, 4368, 1092, 0),
(3443, 1092, 1565, 0),
(3444, 2701, 1093, 0),
(3445, 2701, 3720, 0),
(3446, 3720, 2312, 0),
(3447, 3720, 4525, 0),
(3448, 3461, 1690, 0),
(3449, 1690, 1101, 0),
(3450, 3461, 2971, 0),
(3451, 2971, 3703, 0),
(3452, 1101, 1233, 0),
(3453, 3703, 1606, 0),
(3454, 2971, 2188, 0),
(3455, 4331, 2472, 0),
(3456, 2472, 1103, 0),
(3457, 1103, 2398, 0),
(3458, 2472, 3495, 0),
(3459, 1111, 3940, 0),
(3460, 1111, 2927, 0),
(3461, 2927, 1706, 0),
(3462, 2276, 1118, 0),
(3463, 1118, 3139, 0),
(3464, 1118, 4526, 0),
(3465, 4670, 4000, 0),
(3466, 4670, 1122, 0),
(3467, 2282, 1622, 0),
(3468, 2282, 4930, 0),
(3469, 4930, 1270, 0),
(3470, 1622, 1435, 0),
(3471, 2282, 4430, 0),
(3472, 2282, 1125, 0),
(3473, 2562, 3197, 0),
(3474, 3197, 3375, 0),
(3475, 3197, 3358, 0),
(3476, 3375, 1671, 0),
(3477, 1671, 1130, 0),
(3478, 3375, 4985, 0),
(3479, 3358, 1703, 0),
(3480, 1131, 4054, 0),
(3481, 1131, 3338, 0),
(3482, 2872, 1591, 0),
(3483, 1591, 3865, 0),
(3484, 2872, 1261, 0),
(3485, 2872, 1321, 0),
(3486, 1591, 4900, 0),
(3487, 1261, 1132, 0),
(3488, 4391, 1134, 0),
(3489, 4391, 4313, 0),
(3490, 1134, 3383, 0),
(3491, 3383, 4051, 0),
(3492, 1459, 4032, 0),
(3493, 1459, 3201, 0),
(3494, 4032, 5001, 0),
(3495, 4032, 2599, 0),
(3496, 1459, 2632, 0),
(3497, 4032, 2975, 0),
(3498, 4032, 1136, 0),
(3499, 2975, 2719, 0),
(3500, 1136, 1639, 0),
(3501, 1210, 1138, 0),
(3502, 1138, 2947, 0),
(3503, 2947, 1162, 0),
(3504, 2947, 1536, 0),
(3505, 4994, 1141, 0),
(3506, 1141, 2463, 0),
(3507, 2463, 2212, 0),
(3508, 2001, 2438, 0),
(3509, 2438, 1146, 0),
(3510, 1146, 3154, 0),
(3511, 1266, 2305, 0),
(3512, 1266, 2321, 0),
(3513, 1266, 4282, 0),
(3514, 2305, 1151, 0),
(3515, 1151, 3526, 0),
(3516, 4592, 4775, 0),
(3517, 4775, 1383, 0),
(3518, 4592, 1152, 0),
(3519, 4592, 3291, 0),
(3520, 1160, 1382, 0),
(3521, 1382, 3485, 0),
(3522, 1382, 1597, 0),
(3523, 4321, 3288, 0),
(3524, 4321, 1236, 0),
(3525, 1236, 4608, 0),
(3526, 1236, 2314, 0),
(3527, 1236, 2825, 0),
(3528, 1236, 1531, 0),
(3529, 4608, 1181, 0),
(3530, 4339, 1280, 0),
(3531, 4339, 2345, 0),
(3532, 4339, 1182, 0),
(3533, 1280, 4635, 0),
(3534, 3517, 4554, 0),
(3535, 4554, 1185, 0),
(3536, 4554, 1403, 0),
(3537, 1403, 3614, 0),
(3538, 3614, 2598, 0),
(3539, 3517, 1679, 0),
(3540, 4554, 3393, 0),
(3541, 1185, 1815, 0),
(3542, 4348, 4226, 0),
(3543, 4226, 4011, 0),
(3544, 4011, 3351, 0),
(3545, 4226, 4192, 0),
(3546, 4348, 3051, 0),
(3547, 4348, 1189, 0),
(3548, 4226, 2797, 0),
(3549, 4118, 4679, 0),
(3550, 4118, 1192, 0),
(3551, 4118, 1866, 0),
(3552, 4370, 3829, 0),
(3553, 4370, 1868, 0),
(3554, 3829, 1198, 0),
(3555, 3829, 1993, 0),
(3556, 2910, 4375, 0),
(3557, 4375, 4905, 0),
(3558, 2910, 2757, 0),
(3559, 4905, 1691, 0),
(3560, 2910, 1325, 0),
(3561, 1325, 1200, 0),
(3562, 1200, 3007, 0),
(3563, 1207, 1202, 0),
(3564, 1202, 3401, 0),
(3565, 1207, 2096, 0),
(3566, 4266, 3031, 0),
(3567, 3031, 2551, 0),
(3568, 3031, 1204, 0),
(3569, 1956, 1212, 0),
(3570, 1212, 2707, 0),
(3571, 4154, 2302, 0),
(3572, 2302, 2808, 0),
(3573, 4154, 4216, 0),
(3574, 2302, 2540, 0),
(3575, 2540, 3149, 0),
(3576, 4154, 1213, 0),
(3577, 1412, 1394, 0),
(3578, 1394, 1609, 0),
(3579, 1394, 4085, 0),
(3580, 1609, 1214, 0),
(3581, 1214, 3796, 0),
(3582, 3303, 2818, 0),
(3583, 3303, 3030, 0),
(3584, 2818, 2310, 0),
(3585, 2818, 1218, 0),
(3586, 2833, 4451, 0),
(3587, 4451, 1947, 0),
(3588, 1947, 1222, 0),
(3589, 1222, 3589, 0),
(3590, 2833, 2647, 0),
(3591, 3546, 1237, 0),
(3592, 1237, 2999, 0),
(3593, 3546, 4568, 0),
(3594, 2999, 3101, 0),
(3595, 2773, 1240, 0),
(3596, 2773, 2760, 0),
(3597, 2760, 3110, 0),
(3598, 3110, 2069, 0),
(3599, 3110, 4703, 0),
(3600, 3675, 3912, 0),
(3601, 3912, 1241, 0),
(3602, 3912, 3471, 0),
(3603, 1243, 4550, 0),
(3604, 1243, 1972, 0),
(3605, 4550, 4732, 0),
(3606, 1972, 2070, 0),
(3607, 1972, 2436, 0),
(3608, 4724, 1247, 0),
(3609, 4724, 4437, 0),
(3610, 1247, 3355, 0),
(3611, 1257, 1891, 0),
(3612, 1891, 1649, 0),
(3613, 2447, 1259, 0),
(3614, 1585, 2785, 0),
(3615, 2785, 3655, 0),
(3616, 1585, 1264, 0),
(3617, 1585, 1827, 0),
(3618, 3655, 1906, 0),
(3619, 3655, 1749, 0),
(3620, 3400, 1268, 0),
(3621, 3400, 4233, 0),
(3622, 3400, 2542, 0),
(3623, 2066, 3530, 0),
(3624, 3530, 3217, 0),
(3625, 3530, 1269, 0),
(3626, 3530, 3962, 0),
(3627, 1884, 4887, 0),
(3628, 1884, 4771, 0),
(3629, 4887, 1273, 0),
(3630, 1275, 1577, 0),
(3631, 1275, 1450, 0),
(3632, 1275, 3430, 0),
(3633, 1608, 3103, 0),
(3634, 3103, 3283, 0),
(3635, 1608, 3541, 0),
(3636, 3541, 1276, 0),
(3637, 1608, 1529, 0),
(3638, 4099, 1833, 0),
(3639, 1833, 1828, 0),
(3640, 1833, 4583, 0),
(3641, 1828, 1278, 0),
(3642, 1278, 3405, 0),
(3643, 1469, 1281, 0),
(3644, 1281, 1537, 0),
(3645, 1281, 2859, 0),
(3646, 1281, 4712, 0),
(3647, 1469, 1740, 0),
(3648, 3237, 1289, 0),
(3649, 3237, 4781, 0),
(3650, 4781, 4264, 0),
(3651, 1292, 2655, 0),
(3652, 2655, 3596, 0),
(3653, 3596, 4901, 0),
(3654, 4901, 3787, 0),
(3655, 3596, 3630, 0),
(3656, 2675, 2449, 0),
(3657, 2449, 1530, 0),
(3658, 1530, 2012, 0),
(3659, 2675, 4458, 0),
(3660, 2012, 1306, 0),
(3661, 3300, 1309, 0),
(3662, 1309, 2704, 0),
(3663, 1309, 1311, 0),
(3664, 3300, 2629, 0),
(3665, 2704, 2264, 0),
(3666, 1311, 3635, 0),
(3667, 3756, 3777, 0),
(3668, 3777, 1731, 0),
(3669, 3777, 1315, 0),
(3670, 1731, 2101, 0),
(3671, 2101, 3000, 0),
(3672, 4954, 1316, 0),
(3673, 4954, 1922, 0),
(3674, 1922, 3722, 0),
(3675, 1316, 3248, 0),
(3676, 4954, 1612, 0),
(3677, 1922, 1332, 0),
(3678, 4954, 2208, 0),
(3679, 1318, 3250, 0),
(3680, 3250, 3679, 0),
(3681, 1318, 4853, 0),
(3682, 3250, 3486, 0),
(3683, 1318, 2250, 0),
(3684, 3250, 1421, 0),
(3685, 2131, 2011, 0),
(3686, 2131, 3954, 0),
(3687, 2011, 1865, 0),
(3688, 2131, 2799, 0),
(3689, 1865, 1323, 0),
(3690, 2131, 2854, 0),
(3691, 1865, 3211, 0),
(3692, 2131, 3667, 0),
(3693, 1324, 2664, 0),
(3694, 1324, 1733, 0),
(3695, 2664, 2113, 0),
(3696, 1733, 2809, 0),
(3697, 2664, 2225, 0),
(3698, 2225, 2214, 0),
(3699, 2571, 1328, 0),
(3700, 2571, 4389, 0),
(3701, 1328, 3994, 0),
(3702, 2106, 4273, 0),
(3703, 4273, 1561, 0),
(3704, 1561, 2003, 0),
(3705, 2003, 1651, 0),
(3706, 1651, 1339, 0),
(3707, 1346, 2045, 0),
(3708, 2045, 2710, 0),
(3709, 1354, 4695, 0),
(3710, 3232, 4472, 0),
(3711, 4472, 3028, 0),
(3712, 4472, 2272, 0),
(3713, 3232, 1483, 0),
(3714, 3028, 2128, 0),
(3715, 2128, 1356, 0),
(3716, 1357, 2261, 0),
(3717, 2261, 2253, 0),
(3718, 3157, 1358, 0),
(3719, 3157, 1426, 0),
(3720, 1358, 1798, 0),
(3721, 1725, 3993, 0),
(3722, 3993, 1361, 0),
(3723, 3993, 1477, 0),
(3724, 1362, 4921, 0),
(3725, 4921, 3699, 0),
(3726, 1775, 2359, 0),
(3727, 1775, 2062, 0),
(3728, 2062, 1363, 0),
(3729, 2062, 1602, 0),
(3730, 1363, 4660, 0),
(3731, 2062, 2670, 0),
(3732, 1390, 1485, 0),
(3733, 1390, 3547, 0),
(3734, 1390, 3006, 0),
(3735, 3006, 3262, 0),
(3736, 3262, 2396, 0),
(3737, 3006, 1555, 0),
(3738, 3006, 4615, 0),
(3739, 3262, 2365, 0),
(3740, 1485, 1365, 0),
(3741, 2365, 2142, 0),
(3742, 3951, 1407, 0),
(3743, 1407, 4353, 0),
(3744, 3951, 3550, 0),
(3745, 1962, 4886, 0),
(3746, 4886, 1418, 0),
(3747, 1962, 4069, 0),
(3748, 4886, 3819, 0),
(3749, 4069, 1935, 0),
(3750, 4069, 4913, 0),
(3751, 2573, 2583, 0),
(3752, 2573, 1432, 0),
(3753, 2573, 3525, 0),
(3754, 3525, 2417, 0),
(3755, 2573, 3027, 0),
(3756, 1432, 2949, 0),
(3757, 1434, 3697, 0),
(3758, 1434, 1457, 0),
(3759, 1457, 3231, 0),
(3760, 1445, 3504, 0),
(3761, 1445, 3784, 0),
(3762, 3784, 3038, 0),
(3763, 3106, 1805, 0),
(3764, 1805, 2961, 0),
(3765, 1805, 2450, 0),
(3766, 2450, 4736, 0),
(3767, 4736, 4059, 0),
(3768, 2450, 1447, 0),
(3769, 4220, 1449, 0),
(3770, 4220, 3610, 0),
(3771, 3610, 4924, 0),
(3772, 4220, 1723, 0),
(3773, 4220, 2992, 0),
(3774, 1723, 4862, 0),
(3775, 4220, 4686, 0),
(3776, 1449, 1934, 0),
(3777, 1556, 1453, 0),
(3778, 1453, 1455, 0),
(3779, 1556, 3420, 0),
(3780, 1458, 2210, 0),
(3781, 2210, 1850, 0),
(3782, 1458, 3583, 0),
(3783, 2210, 1694, 0),
(3784, 2210, 2806, 0),
(3785, 2210, 1514, 0),
(3786, 1458, 3553, 0),
(3787, 1694, 2376, 0),
(3788, 1463, 3606, 0),
(3789, 1463, 2538, 0),
(3790, 3590, 4544, 0),
(3791, 3590, 1467, 0),
(3792, 4544, 4415, 0),
(3793, 4303, 2722, 0),
(3794, 2722, 4943, 0),
(3795, 2722, 1474, 0),
(3796, 3776, 2959, 0),
(3797, 3776, 3233, 0),
(3798, 2959, 1476, 0),
(3799, 3776, 4046, 0),
(3800, 1476, 3968, 0),
(3801, 2718, 3973, 0),
(3802, 2718, 1487, 0),
(3803, 2718, 3048, 0),
(3804, 2440, 3729, 0),
(3805, 3729, 1760, 0),
(3806, 2440, 2249, 0),
(3807, 2440, 1495, 0),
(3808, 1495, 1669, 0),
(3809, 2249, 3122, 0),
(3810, 4991, 1595, 0),
(3811, 4991, 4777, 0),
(3812, 4991, 3357, 0),
(3813, 4991, 1502, 0),
(3814, 4991, 4401, 0),
(3815, 4651, 1505, 0),
(3816, 4651, 4770, 0),
(3817, 2170, 2299, 0),
(3818, 2299, 2737, 0),
(3819, 2170, 1508, 0),
(3820, 2170, 3967, 0),
(3821, 3967, 2688, 0),
(3822, 2299, 3334, 0),
(3823, 4162, 3475, 0),
(3824, 3475, 3753, 0),
(3825, 3475, 1518, 0),
(3826, 4162, 3325, 0),
(3827, 4162, 4805, 0),
(3828, 3795, 1520, 0),
(3829, 3795, 1623, 0),
(3830, 1623, 4239, 0),
(3831, 1520, 4378, 0),
(3832, 4239, 3535, 0),
(3833, 1623, 3321, 0),
(3834, 3795, 3032, 0),
(3835, 3795, 4332, 0),
(3836, 1524, 3510, 0),
(3837, 3510, 3210, 0),
(3838, 1524, 2366, 0),
(3839, 4668, 1527, 0),
(3840, 1527, 2652, 0),
(3841, 2652, 3694, 0),
(3842, 4668, 3619, 0),
(3843, 1527, 1686, 0),
(3844, 2461, 4710, 0),
(3845, 2461, 3628, 0),
(3846, 4710, 1533, 0),
(3847, 2580, 1534, 0),
(3848, 2120, 3641, 0),
(3849, 3641, 1939, 0),
(3850, 1939, 1539, 0),
(3851, 2120, 2943, 0),
(3852, 1939, 2064, 0),
(3853, 1542, 2610, 0),
(3854, 1542, 1959, 0),
(3855, 1959, 1739, 0),
(3856, 1739, 4916, 0),
(3857, 4916, 3640, 0),
(3858, 1542, 2477, 0),
(3859, 1550, 1976, 0),
(3860, 1552, 3705, 0),
(3861, 1552, 3842, 0),
(3862, 3842, 3190, 0),
(3863, 2963, 2095, 0),
(3864, 2095, 4716, 0),
(3865, 2963, 2337, 0),
(3866, 2095, 1628, 0),
(3867, 1628, 1982, 0),
(3868, 2337, 1557, 0),
(3869, 1929, 2231, 0),
(3870, 2231, 1570, 0),
(3871, 1929, 1629, 0),
(3872, 1576, 1940, 0),
(3873, 1940, 2164, 0),
(3874, 1576, 4707, 0),
(3875, 3932, 2039, 0),
(3876, 3932, 4522, 0),
(3877, 2039, 4877, 0),
(3878, 2039, 1579, 0),
(3879, 1592, 1586, 0),
(3880, 2153, 1756, 0),
(3881, 2153, 2006, 0),
(3882, 2006, 3426, 0),
(3883, 2006, 4149, 0),
(3884, 2153, 2393, 0),
(3885, 1756, 1587, 0),
(3886, 3446, 3402, 0),
(3887, 3446, 1630, 0),
(3888, 1630, 2904, 0),
(3889, 3446, 1596, 0),
(3890, 1599, 2848, 0),
(3891, 1599, 4073, 0),
(3892, 2848, 3242, 0),
(3893, 1599, 3948, 0),
(3894, 1604, 3848, 0),
(3895, 3848, 4354, 0),
(3896, 1604, 4699, 0),
(3897, 1604, 2311, 0),
(3898, 2311, 4100, 0),
(3899, 1604, 4277, 0),
(3900, 3544, 2217, 0),
(3901, 3544, 4160, 0),
(3902, 3544, 1616, 0),
(3903, 4160, 4688, 0),
(3904, 4160, 4199, 0),
(3905, 1616, 3976, 0),
(3906, 4696, 2694, 0),
(3907, 4696, 1621, 0),
(3908, 2144, 3100, 0),
(3909, 2144, 4168, 0),
(3910, 4168, 1626, 0),
(3911, 3100, 3497, 0),
(3912, 1626, 3216, 0),
(3913, 2144, 4891, 0),
(3914, 4891, 3812, 0),
(3915, 2909, 3328, 0),
(3916, 2909, 2372, 0),
(3917, 3328, 1632, 0),
(3918, 1632, 4314, 0),
(3919, 1632, 1965, 0),
(3920, 4596, 2980, 0),
(3921, 4596, 2369, 0),
(3922, 2980, 3542, 0),
(3923, 3542, 4318, 0),
(3924, 3542, 3704, 0),
(3925, 2369, 1633, 0),
(3926, 1633, 4172, 0),
(3927, 2481, 4076, 0),
(3928, 2481, 4249, 0),
(3929, 2481, 4908, 0),
(3930, 4249, 1637, 0),
(3931, 3199, 1647, 0),
(3932, 3199, 3780, 0),
(3933, 3780, 2161, 0),
(3934, 3780, 4038, 0),
(3935, 1647, 4156, 0),
(3936, 4156, 2224, 0),
(3937, 4038, 1668, 0),
(3938, 1680, 1754, 0),
(3939, 3879, 1696, 0),
(3940, 1696, 4295, 0),
(3941, 1696, 3762, 0),
(3942, 1696, 3020, 0),
(3943, 1696, 2742, 0),
(3944, 1700, 2866, 0),
(3945, 2866, 2334, 0),
(3946, 2866, 3696, 0),
(3947, 4446, 1748, 0),
(3948, 4446, 3521, 0),
(3949, 1748, 2098, 0),
(3950, 1748, 2394, 0),
(3951, 4446, 2699, 0),
(3952, 1758, 3661, 0),
(3953, 3661, 2953, 0),
(3954, 1768, 2491, 0),
(3955, 1768, 2846, 0),
(3956, 2846, 2835, 0),
(3957, 2846, 4871, 0),
(3958, 2835, 3292, 0),
(3959, 2846, 4495, 0),
(3960, 1772, 4599, 0),
(3961, 4599, 1835, 0),
(3962, 1772, 1769, 0),
(3963, 1776, 2162, 0),
(3964, 1776, 3324, 0),
(3965, 3324, 2146, 0),
(3966, 3660, 4792, 0),
(3967, 3660, 2957, 0),
(3968, 2957, 1785, 0),
(3969, 1785, 2639, 0),
(3970, 1785, 2329, 0),
(3971, 4792, 3674, 0),
(3972, 1785, 2906, 0),
(3973, 4776, 1788, 0),
(3974, 1788, 2093, 0),
(3975, 4776, 4969, 0),
(3976, 1788, 2033, 0),
(3977, 4969, 4240, 0),
(3978, 2033, 4742, 0),
(3979, 4969, 3592, 0),
(3980, 4776, 3818, 0),
(3981, 4470, 1795, 0),
(3982, 4470, 4569, 0),
(3983, 1795, 4808, 0),
(3984, 3189, 1799, 0),
(3985, 1799, 4565, 0),
(3986, 2651, 3417, 0),
(3987, 3417, 1802, 0),
(3988, 1802, 1847, 0),
(3989, 3417, 4967, 0),
(3990, 2651, 4559, 0),
(3991, 1841, 1812, 0),
(3992, 1812, 4815, 0),
(3993, 4815, 3332, 0),
(3994, 1812, 4177, 0),
(3995, 4890, 3682, 0),
(3996, 4890, 4147, 0),
(3997, 3682, 3385, 0),
(3998, 4890, 3145, 0),
(3999, 4890, 1813, 0),
(4000, 4439, 1816, 0),
(4001, 1816, 4749, 0),
(4002, 4749, 3807, 0),
(4003, 4749, 1994, 0),
(4004, 3534, 1826, 0),
(4005, 3534, 4158, 0),
(4006, 4158, 3989, 0),
(4007, 1826, 3982, 0),
(4008, 3907, 1862, 0),
(4009, 4925, 1910, 0),
(4010, 1910, 3824, 0),
(4011, 4925, 3977, 0),
(4012, 3977, 2700, 0),
(4013, 3977, 4914, 0),
(4014, 3489, 2358, 0),
(4015, 3489, 1914, 0),
(4016, 3791, 1923, 0),
(4017, 3791, 1979, 0),
(4018, 3791, 4228, 0),
(4019, 4228, 3698, 0),
(4020, 4515, 1948, 0),
(4021, 4515, 2022, 0),
(4022, 4229, 2689, 0),
(4023, 4229, 4013, 0),
(4024, 4229, 1952, 0),
(4025, 2689, 3193, 0),
(4026, 4229, 2139, 0),
(4027, 1955, 2271, 0),
(4028, 1955, 4408, 0),
(4029, 4408, 4082, 0),
(4030, 1955, 4689, 0),
(4031, 1988, 4077, 0),
(4032, 4077, 3750, 0),
(4033, 3187, 4909, 0),
(4034, 3187, 1998, 0),
(4035, 3187, 3884, 0),
(4036, 2286, 4907, 0),
(4037, 2286, 2786, 0),
(4038, 2286, 2448, 0),
(4039, 4907, 2127, 0),
(4040, 2127, 2002, 0),
(4041, 3616, 3483, 0),
(4042, 3616, 2014, 0),
(4043, 2014, 4478, 0),
(4044, 2913, 2564, 0),
(4045, 2913, 2030, 0),
(4046, 2913, 3701, 0),
(4047, 2564, 4888, 0),
(4048, 2851, 2764, 0),
(4049, 2851, 2040, 0),
(4050, 2040, 3915, 0),
(4051, 2040, 2116, 0),
(4052, 2040, 2159, 0),
(4053, 2116, 2034, 0),
(4054, 2159, 4247, 0),
(4055, 2160, 3302, 0),
(4056, 2160, 4757, 0),
(4057, 3302, 2633, 0),
(4058, 3302, 3691, 0),
(4059, 2633, 2041, 0),
(4060, 2160, 2883, 0),
(4061, 2046, 2410, 0),
(4062, 2410, 4191, 0),
(4063, 2046, 3069, 0),
(4064, 3069, 3045, 0),
(4065, 2046, 3618, 0),
(4066, 2410, 4609, 0),
(4067, 4191, 4125, 0),
(4068, 2410, 2678, 0),
(4069, 3618, 2092, 0),
(4070, 2051, 3047, 0),
(4071, 2051, 3256, 0),
(4072, 3448, 2330, 0),
(4073, 2330, 2244, 0),
(4074, 3448, 2061, 0),
(4075, 3448, 3356, 0),
(4076, 3448, 2052, 0),
(4077, 2053, 4196, 0),
(4078, 2053, 4208, 0),
(4079, 2053, 4923, 0),
(4080, 4923, 4001, 0),
(4081, 4704, 4539, 0),
(4082, 4704, 4049, 0),
(4083, 4049, 2058, 0),
(4084, 4704, 2667, 0),
(4085, 4667, 2084, 0),
(4086, 2089, 3183, 0),
(4087, 2089, 4787, 0),
(4088, 3183, 2309, 0),
(4089, 4787, 3310, 0),
(4090, 4787, 4512, 0),
(4091, 4512, 4717, 0),
(4092, 4549, 2102, 0),
(4093, 4549, 2280, 0),
(4094, 2102, 2597, 0),
(4095, 2280, 2270, 0),
(4096, 3945, 2137, 0),
(4097, 3945, 3910, 0),
(4098, 2137, 2191, 0),
(4099, 3945, 3347, 0),
(4100, 3347, 4489, 0),
(4101, 4130, 2158, 0),
(4102, 2158, 4320, 0),
(4103, 2173, 4404, 0),
(4104, 4404, 4135, 0),
(4105, 2173, 4560, 0),
(4106, 4322, 2186, 0),
(4107, 4322, 3384, 0),
(4108, 2186, 3769, 0),
(4109, 2964, 2216, 0),
(4110, 3035, 4070, 0),
(4111, 3035, 3885, 0),
(4112, 3035, 2774, 0),
(4113, 4070, 2233, 0),
(4114, 3885, 4479, 0),
(4115, 3035, 2370, 0),
(4116, 4826, 2246, 0),
(4117, 4826, 3352, 0),
(4118, 2246, 2850, 0),
(4119, 2267, 3433, 0),
(4120, 3214, 2268, 0),
(4121, 2552, 3343, 0),
(4122, 3343, 2285, 0),
(4123, 3415, 2402, 0),
(4124, 2402, 4682, 0),
(4125, 3415, 4993, 0),
(4126, 4993, 2295, 0),
(4127, 2402, 2770, 0),
(4128, 2297, 4003, 0),
(4129, 3168, 3738, 0),
(4130, 3738, 2300, 0),
(4131, 3738, 3783, 0),
(4132, 3783, 3931, 0),
(4133, 4086, 4494, 0),
(4134, 4086, 3431, 0),
(4135, 4494, 3560, 0),
(4136, 3431, 2328, 0),
(4137, 4789, 2628, 0),
(4138, 2628, 3275, 0),
(4139, 4789, 2406, 0),
(4140, 4426, 2408, 0),
(4141, 3272, 4352, 0),
(4142, 4352, 3004, 0),
(4143, 4352, 4798, 0),
(4144, 4352, 3797, 0),
(4145, 4352, 2458, 0),
(4146, 3760, 3569, 0),
(4147, 3569, 3966, 0),
(4148, 3569, 4528, 0),
(4149, 3966, 2475, 0),
(4150, 4823, 2482, 0),
(4151, 2482, 4107, 0),
(4152, 4834, 2489, 0),
(4153, 4834, 3811, 0),
(4154, 2489, 3834, 0),
(4155, 3831, 4751, 0),
(4156, 4751, 2503, 0),
(4157, 4751, 2751, 0),
(4158, 2751, 4694, 0),
(4159, 4751, 4854, 0),
(4160, 2867, 3406, 0),
(4161, 2867, 4701, 0),
(4162, 3273, 4977, 0),
(4163, 4977, 2923, 0),
(4164, 4471, 3234, 0),
(4165, 4471, 4189, 0),
(4166, 4471, 2939, 0),
(4167, 2962, 3364, 0),
(4168, 2962, 3582, 0),
(4169, 3582, 3076, 0),
(4170, 3001, 3259, 0),
(4171, 3001, 3766, 0),
(4172, 3746, 3026, 0),
(4173, 3026, 4180, 0),
(4174, 4860, 3071, 0),
(4175, 3080, 4443, 0),
(4176, 3107, 4889, 0),
(4177, 4889, 3755, 0),
(4178, 3646, 3711, 0),
(4179, 3711, 3172, 0),
(4180, 3172, 4556, 0),
(4181, 3228, 4874, 0),
(4182, 3672, 3626, 0),
(4183, 3672, 3270, 0),
(4184, 3626, 4072, 0),
(4185, 3366, 4270, 0),
(4186, 4728, 3494, 0),
(4187, 3494, 4203, 0),
(4188, 3522, 4459, 0),
(4189, 3598, 3781, 0),
(4190, 3874, 4627, 0),
(4191, 3874, 3631, 0),
(4192, 3874, 4432, 0),
(4193, 4677, 4380, 0),
(4194, 4677, 3808, 0),
(4195, 4803, 4529, 0),
(4196, 4529, 3809, 0),
(4197, 4803, 4252, 0),
(4198, 4617, 3821, 0),
(4199, 4347, 4700, 0),
(4200, 4347, 3832, 0),
(4201, 3832, 4169, 0);

-- --------------------------------------------------------

--
-- Struttura della tabella `history`
--

CREATE TABLE `history` (
  `id` int(11) NOT NULL,
  `record_id` int(11) NOT NULL,
  `record_table` varchar(255) NOT NULL,
  `operation_type` char(1) NOT NULL,
  `account_fk` int(11) NOT NULL,
  `operation_date` timestamp NOT NULL DEFAULT current_timestamp() ON UPDATE current_timestamp(),
  `operation_by` varchar(255) NOT NULL
) ENGINE=InnoDB DEFAULT CHARSET=utf8mb4 COLLATE=utf8mb4_general_ci;

--
-- Dump dei dati per la tabella `history`
--

INSERT INTO `history` (`id`, `record_id`, `record_table`, `operation_type`, `account_fk`, `operation_date`, `operation_by`) VALUES
(6, 101, 'orders', 'I', 10, '2025-06-11 09:21:06', 'alice@example.com'),
(7, 102, 'products', 'U', 20, '2025-06-11 09:21:06', 'bob@example.com'),
(8, 103, 'customers', 'D', 30, '2025-06-11 09:21:06', 'charlie@example.com'),
(9, 104, 'orders', 'U', 40, '2025-06-11 09:21:06', 'diana@example.com'),
(10, 105, 'invoices', 'I', 50, '2025-06-11 09:21:06', 'eve@example.com'),
(11, 7875, 'payments', 'I', 12, '2025-06-11 09:48:57', 'charlie@example.com'),
(12, 5814, 'products', 'I', 18, '2025-06-11 09:48:57', 'judy@example.com'),
(13, 9817, 'invoices', 'U', 17, '2025-06-11 09:48:57', 'heidi@example.com'),
(14, 1444, 'orders', 'I', 10, '2025-06-11 09:48:57', 'diana@example.com'),
(15, 3509, 'customers', 'D', 15, '2025-06-11 09:48:57', 'eve@example.com'),
(16, 6605, 'orders', 'D', 11, '2025-06-11 09:48:57', 'bob@example.com'),
(17, 5995, 'customers', 'I', 12, '2025-06-11 09:48:57', 'charlie@example.com'),
(18, 7856, 'products', 'D', 20, '2025-06-11 09:48:57', 'frank@example.com'),
(19, 7928, 'invoices', 'D', 18, '2025-06-11 09:48:57', 'frank@example.com'),
(20, 2017, 'products', 'U', 13, '2025-06-11 09:48:57', 'ivan@example.com'),
(21, 3431, 'orders', 'I', 11, '2025-06-11 09:48:57', 'grace@example.com'),
(22, 4626, 'payments', 'D', 11, '2025-06-11 09:48:57', 'alice@example.com'),
(23, 3507, 'products', 'D', 11, '2025-06-11 09:48:57', 'judy@example.com'),
(24, 5402, 'customers', 'D', 10, '2025-06-11 09:48:57', 'alice@example.com'),
(25, 9718, 'orders', 'U', 11, '2025-06-11 09:48:57', 'bob@example.com'),
(26, 8007, 'products', 'I', 20, '2025-06-11 09:48:57', 'frank@example.com'),
(27, 6219, 'payments', 'U', 16, '2025-06-11 09:48:57', 'grace@example.com'),
(28, 6619, 'orders', 'I', 20, '2025-06-11 09:48:57', 'bob@example.com'),
(29, 6787, 'orders', 'U', 20, '2025-06-11 09:48:57', 'judy@example.com'),
(30, 9869, 'orders', 'D', 18, '2025-06-11 09:48:57', 'diana@example.com'),
(31, 2460, 'orders', 'I', 15, '2025-06-11 09:49:08', 'grace@example.com'),
(32, 3451, 'customers', 'D', 18, '2025-06-11 09:49:08', 'heidi@example.com'),
(33, 1230, 'products', 'I', 18, '2025-06-11 09:49:08', 'frank@example.com'),
(34, 9690, 'invoices', 'I', 13, '2025-06-11 09:49:08', 'diana@example.com'),
(35, 7760, 'payments', 'U', 13, '2025-06-11 09:49:08', 'grace@example.com'),
(36, 6388, 'orders', 'D', 18, '2025-06-11 09:49:08', 'alice@example.com'),
(37, 7940, 'customers', 'I', 20, '2025-06-11 09:49:08', 'ivan@example.com'),
(38, 5838, 'orders', 'I', 19, '2025-06-11 09:49:08', 'eve@example.com'),
(39, 9175, 'orders', 'I', 12, '2025-06-11 09:49:08', 'frank@example.com'),
(40, 1210, 'orders', 'I', 20, '2025-06-11 09:49:08', 'alice@example.com'),
(41, 3697, 'orders', 'D', 14, '2025-06-11 09:49:08', 'bob@example.com'),
(42, 2383, 'payments', 'D', 16, '2025-06-11 09:49:08', 'judy@example.com'),
(43, 1517, 'products', 'D', 14, '2025-06-11 09:49:08', 'ivan@example.com'),
(44, 1503, 'orders', 'I', 14, '2025-06-11 09:49:08', 'frank@example.com'),
(45, 8299, 'products', 'D', 14, '2025-06-11 09:49:08', 'alice@example.com'),
(46, 8957, 'customers', 'D', 16, '2025-06-11 09:49:08', 'judy@example.com'),
(47, 6835, 'orders', 'I', 11, '2025-06-11 09:49:08', 'grace@example.com'),
(48, 8880, 'payments', 'I', 20, '2025-06-11 09:49:08', 'alice@example.com'),
(49, 1196, 'payments', 'D', 19, '2025-06-11 09:49:08', 'bob@example.com'),
(50, 3810, 'invoices', 'U', 11, '2025-06-11 09:49:08', 'ivan@example.com'),
(51, 5886, 'payments', 'U', 16, '2025-06-11 09:49:16', 'frank@example.com'),
(52, 6689, 'orders', 'U', 17, '2025-06-11 09:49:16', 'judy@example.com'),
(53, 1561, 'products', 'D', 20, '2025-06-11 09:49:16', 'grace@example.com'),
(54, 9176, 'invoices', 'U', 15, '2025-06-11 09:49:16', 'heidi@example.com'),
(55, 5036, 'products', 'D', 18, '2025-06-11 09:49:16', 'charlie@example.com'),
(56, 8560, 'payments', 'U', 13, '2025-06-11 09:49:16', 'bob@example.com'),
(57, 9944, 'products', 'I', 14, '2025-06-11 09:49:16', 'alice@example.com'),
(58, 2305, 'invoices', 'D', 16, '2025-06-11 09:49:16', 'diana@example.com'),
(59, 4913, 'orders', 'D', 18, '2025-06-11 09:49:16', 'heidi@example.com'),
(60, 6053, 'payments', 'I', 12, '2025-06-11 09:49:16', 'judy@example.com'),
(61, 5516, 'customers', 'I', 17, '2025-06-11 09:49:16', 'charlie@example.com'),
(62, 2509, 'invoices', 'U', 16, '2025-06-11 09:49:16', 'frank@example.com'),
(63, 4620, 'payments', 'I', 20, '2025-06-11 09:49:16', 'judy@example.com'),
(64, 9694, 'products', 'D', 10, '2025-06-11 09:49:16', 'bob@example.com'),
(65, 4283, 'customers', 'D', 14, '2025-06-11 09:49:16', 'charlie@example.com'),
(66, 2487, 'payments', 'U', 15, '2025-06-11 09:49:16', 'judy@example.com'),
(67, 4373, 'invoices', 'U', 18, '2025-06-11 09:49:16', 'alice@example.com'),
(68, 7843, 'orders', 'I', 17, '2025-06-11 09:49:16', 'heidi@example.com'),
(69, 5651, 'orders', 'D', 11, '2025-06-11 09:49:16', 'charlie@example.com'),
(70, 2615, 'orders', 'U', 18, '2025-06-11 09:49:16', 'frank@example.com'),
(71, 3245, 'customers', 'D', 12, '2025-06-11 09:49:25', 'diana@example.com'),
(72, 3164, 'products', 'U', 14, '2025-06-11 09:49:25', 'judy@example.com'),
(73, 9900, 'orders', 'D', 12, '2025-06-11 09:49:25', 'bob@example.com'),
(74, 6335, 'orders', 'I', 19, '2025-06-11 09:49:25', 'charlie@example.com'),
(75, 5291, 'orders', 'I', 16, '2025-06-11 09:49:25', 'diana@example.com'),
(76, 8713, 'invoices', 'I', 10, '2025-06-11 09:49:25', 'heidi@example.com'),
(77, 2129, 'payments', 'I', 10, '2025-06-11 09:49:25', 'frank@example.com'),
(78, 1136, 'products', 'I', 19, '2025-06-11 09:49:25', 'alice@example.com'),
(79, 6786, 'invoices', 'I', 15, '2025-06-11 09:49:25', 'bob@example.com'),
(80, 8806, 'products', 'D', 15, '2025-06-11 09:49:25', 'ivan@example.com'),
(81, 7103, 'orders', 'D', 17, '2025-06-11 09:49:25', 'grace@example.com'),
(82, 8803, 'orders', 'D', 19, '2025-06-11 09:49:25', 'alice@example.com'),
(83, 1746, 'invoices', 'U', 15, '2025-06-11 09:49:25', 'diana@example.com'),
(84, 9397, 'orders', 'D', 13, '2025-06-11 09:49:25', 'eve@example.com'),
(85, 3218, 'orders', 'D', 12, '2025-06-11 09:49:25', 'diana@example.com'),
(86, 8753, 'orders', 'U', 18, '2025-06-11 09:49:25', 'alice@example.com'),
(87, 1589, 'orders', 'U', 19, '2025-06-11 09:49:25', 'judy@example.com'),
(88, 7686, 'customers', 'U', 19, '2025-06-11 09:49:25', 'ivan@example.com'),
(89, 7955, 'products', 'I', 13, '2025-06-11 09:49:25', 'judy@example.com'),
(90, 1399, 'customers', 'D', 20, '2025-06-11 09:49:25', 'judy@example.com'),
(91, 7922, 'payments', 'D', 19, '2025-06-11 09:49:31', 'diana@example.com'),
(92, 7290, 'orders', 'U', 14, '2025-06-11 09:49:31', 'heidi@example.com'),
(93, 1964, 'customers', 'I', 11, '2025-06-11 09:49:31', 'bob@example.com'),
(94, 4616, 'products', 'D', 12, '2025-06-11 09:49:31', 'charlie@example.com'),
(95, 1799, 'products', 'I', 14, '2025-06-11 09:49:31', 'grace@example.com'),
(96, 4344, 'orders', 'U', 20, '2025-06-11 09:49:31', 'charlie@example.com'),
(97, 7213, 'orders', 'D', 13, '2025-06-11 09:49:31', 'charlie@example.com'),
(98, 5174, 'products', 'I', 16, '2025-06-11 09:49:31', 'grace@example.com'),
(99, 9393, 'orders', 'I', 15, '2025-06-11 09:49:31', 'eve@example.com'),
(100, 4912, 'invoices', 'D', 19, '2025-06-11 09:49:31', 'bob@example.com'),
(101, 9043, 'invoices', 'I', 12, '2025-06-11 09:49:31', 'frank@example.com'),
(102, 8623, 'orders', 'U', 19, '2025-06-11 09:49:31', 'eve@example.com'),
(103, 2557, 'payments', 'I', 20, '2025-06-11 09:49:31', 'alice@example.com'),
(104, 2571, 'payments', 'U', 15, '2025-06-11 09:49:31', 'heidi@example.com'),
(105, 7227, 'products', 'I', 19, '2025-06-11 09:49:31', 'ivan@example.com'),
(106, 2399, 'invoices', 'D', 17, '2025-06-11 09:49:31', 'judy@example.com'),
(107, 7467, 'orders', 'D', 16, '2025-06-11 09:49:31', 'judy@example.com'),
(108, 6154, 'customers', 'I', 11, '2025-06-11 09:49:31', 'frank@example.com'),
(109, 1961, 'invoices', 'U', 20, '2025-06-11 09:49:31', 'judy@example.com'),
(110, 5953, 'payments', 'D', 20, '2025-06-11 09:49:31', 'grace@example.com');

-- --------------------------------------------------------

--
-- Struttura della tabella `requests`
--

CREATE TABLE `requests` (
  `id` int(11) NOT NULL,
  `request_type` char(1) NOT NULL,
  `request_details` varchar(1000) NOT NULL,
  `entity_type` tinyint(1) NOT NULL COMMENT '0 = employee, 1 = company',
  `company_fk` int(11) NOT NULL,
  `is_approved` tinyint(1) NOT NULL DEFAULT 2 COMMENT '0 = not approved, 1 = approved, 2 = to review',
  `operation_date` timestamp NOT NULL DEFAULT current_timestamp() ON UPDATE current_timestamp(),
  `operation_by` varchar(255) NOT NULL
) ENGINE=InnoDB DEFAULT CHARSET=utf8mb4 COLLATE=utf8mb4_general_ci;

--
-- Dump dei dati per la tabella `requests`
--

INSERT INTO `requests` (`id`, `request_type`, `request_details`, `entity_type`, `company_fk`, `is_approved`, `operation_date`, `operation_by`) VALUES
(1, 'u', 'changed tizio name', 0, 20, 1, '2025-06-12 13:12:40', 'pippo'),
(2, 'u', 'changed name of company pluto', 1, 25, 0, '2025-06-12 13:12:40', 'marco aurelio il magnifico'),
(3, 'c', 'created user gianfranco', 0, 450, 1, '2025-06-12 13:12:40', 'pippo baudo'),
(4, 'd', 'Newborn esophageal reflux', 0, 495, 1, '2025-06-12 13:12:40', 'Wendel Lomaz'),
(5, 'd', 'Unspecified superficial injury of unspecified ear', 1, 703, 1, '2025-06-12 13:12:40', 'Karalynn Thamelt'),
(6, 'c', 'Ichthyosis vulgaris', 1, 156, 2, '2025-06-12 13:12:40', 'Bernadette Spens'),
(7, 'd', 'War op w indirect blast effect of nuclear weapon, civilian', 1, 477, 2, '2025-06-12 13:12:40', 'Pat Posselwhite'),
(8, 'c', 'Striking against or struck by other automobile airbag', 0, 608, 2, '2025-06-12 13:12:40', 'Eachelle Gibbin'),
(9, 'u', 'Displaced comminuted fracture of shaft of radius, left arm', 1, 220, 2, '2025-06-12 13:12:40', 'Ginnie Folli'),
(10, 'c', 'Unspecified open wound of scrotum and testes, sequela', 1, 254, 2, '2025-06-12 13:12:40', 'Galven Hauck'),
(11, 'c', 'Tetracyclines', 1, 491, 2, '2025-06-12 13:12:40', 'Maxy Bygraves'),
(12, 'c', 'Poisoning by iminostilbenes, undetermined, initial encounter', 0, 488, 2, '2025-06-12 13:12:40', 'Meaghan Currall'),
(13, 'u', 'Traum hemor l cereb w LOC >24 hr w/o ret consc w surv, sqla', 1, 49, 2, '2025-06-12 13:12:40', 'Wilton Loton'),
(14, 'c', 'Nondisplaced fracture of anterior process of right calcaneus', 1, 280, 2, '2025-06-12 13:12:40', 'Bernadine Darrell'),
(15, 'd', 'Fracture of unspecified carpal bone', 1, 326, 2, '2025-06-12 13:12:40', 'Eamon Guilloneau'),
(16, 'u', 'Strain musc/tend peroneal grp at low leg lev, left leg, init', 1, 218, 2, '2025-06-12 13:12:40', 'Amory Esposito'),
(17, 'c', 'Pnctr of abd wall w/o fb, r low q w/o penet perit cav, init', 0, 596, 2, '2025-06-12 13:12:40', 'Bartholomeo Charrington'),
(18, 'u', 'Machinery accident on board fishing boat', 0, 337, 2, '2025-06-12 13:12:40', 'Morton Casini'),
(19, 'c', 'Carnitine deficiency due to inborn errors of metabolism', 1, 711, 2, '2025-06-12 13:12:40', 'Hamel Bernadot'),
(20, 'd', 'External constriction of right shoulder, sequela', 1, 385, 2, '2025-06-12 13:12:40', 'Stevena Verdy'),
(21, 'u', 'Adverse effect of antigonadtr/antiestr/antiandrg, NEC, subs', 0, 4, 2, '2025-06-12 13:12:40', 'Fidelia Duetschens'),
(22, 'c', 'Degeneration of macula and posterior pole', 1, 264, 2, '2025-06-12 13:12:40', 'Carny Toller'),
(23, 'd', 'Displ oblique fx shaft of l fibula, 7thE', 1, 770, 2, '2025-06-12 13:12:40', 'Aldridge D\'Ambrogio'),
(24, 'u', 'Cardiac arrest due to anesth during preg, third trimester', 0, 169, 2, '2025-06-12 13:12:40', 'Renie Jonke'),
(25, 'd', 'Decreased fetal movements, third trimester, fetus 1', 0, 174, 2, '2025-06-12 13:12:40', 'Bobbee Charrett'),
(26, 'c', 'Laceration w/o fb of unsp great toe w/o damage to nail', 1, 155, 2, '2025-06-12 13:12:40', 'Verile Roughley'),
(27, 'd', 'Corros unsp degree of unsp single finger except thumb, subs', 0, 448, 2, '2025-06-12 13:12:40', 'Petronella Dismore'),
(28, 'd', 'Myositis', 1, 288, 2, '2025-06-12 13:12:40', 'Brantley Ceresa'),
(29, 'c', 'Burn first deg mult left fngr (nail), not inc thumb, sequela', 1, 660, 2, '2025-06-12 13:12:40', 'Lucine Pagelsen'),
(30, 'c', 'Toxic effect of rattlesnake venom, self-harm, subs', 0, 157, 2, '2025-06-12 13:12:40', 'Fowler Lehrer'),
(31, 'c', 'Disp fx of base of nk of unsp femr, 7thK', 1, 399, 2, '2025-06-12 13:12:40', 'Ninetta Davidovits'),
(32, 'c', 'Leakage of indwelling urethral catheter, subs', 1, 634, 2, '2025-06-12 13:12:40', 'Sheelah Talman'),
(33, 'u', 'Oth fx upper end r ulna, subs for opn fx type I/2 w nonunion', 0, 575, 2, '2025-06-12 13:12:40', 'Erv Trigg'),
(34, 'c', 'Unspecified open-angle glaucoma, indeterminate stage', 0, 618, 2, '2025-06-12 13:12:40', 'Muffin McKean'),
(35, 'd', 'Displaced oblique fracture of shaft of right fibula', 0, 337, 2, '2025-06-12 13:12:40', 'Beitris Bertomier'),
(36, 'c', 'Legal intervnt w injury by dynamite, suspect inj, sequela', 0, 57, 2, '2025-06-12 13:12:40', 'Corrianne Killford'),
(37, 'u', 'Legal intervnt w oth blunt obj, law enforc offl inj, sequela', 1, 12, 2, '2025-06-12 13:12:40', 'Stavros Bly'),
(38, 'u', 'Sltr-haris Type IV physl fx upr end unsp tibia, 7thP', 0, 480, 2, '2025-06-12 13:12:40', 'Woodie Lavers'),
(39, 'd', 'Private commercial establishments as place', 0, 2, 2, '2025-06-12 13:12:40', 'Rosabella Blampey'),
(40, 'u', 'Pnctr w fb of abd wall, right lower q w penet perit cav', 1, 634, 2, '2025-06-12 13:12:40', 'Wendy Gaskamp'),
(41, 'c', 'Toxic effect of unsp snake venom, accidental, sequela', 1, 440, 2, '2025-06-12 13:12:40', 'Noelyn Lieber'),
(42, 'u', 'Toxic effect of benzene, undetermined, sequela', 1, 71, 2, '2025-06-12 13:12:40', 'Davita Albrook'),
(43, 'u', 'Oral mucositis (ulcerative) due to radiation', 1, 702, 2, '2025-06-12 13:12:40', 'Lorie Faudrie'),
(44, 'd', 'Unsp injury of musc/fasc/tend triceps, right arm, sequela', 0, 103, 2, '2025-06-12 13:12:40', 'Morly Shord'),
(45, 'c', 'Encounter for oth general cnsl and advice on contraception', 1, 574, 2, '2025-06-12 13:12:40', 'Emily Le Provest'),
(46, 'd', 'Toxic effect of unsp corrosive substance, assault, subs', 0, 119, 2, '2025-06-12 13:12:40', 'Alvira Winch'),
(47, 'd', 'Sprain of metatarsophalangeal joint of left lesser toe(s)', 0, 564, 2, '2025-06-12 13:12:40', 'Salaidh Baldrick'),
(48, 'u', 'Incomplete atypical femoral fracture, unsp leg, sequela', 0, 631, 2, '2025-06-12 13:12:40', 'Farah Lillgard'),
(49, 'c', 'Spontaneous rupture of extensor tendons, left lower leg', 1, 631, 2, '2025-06-12 13:12:40', 'Cosimo Collinwood'),
(50, 'u', 'Puncture wound with foreign body, unspecified knee', 1, 770, 2, '2025-06-12 13:12:40', 'Mela Joyes'),
(51, 'd', 'Disp fx of post wl of unsp acetab, subs for fx w routn heal', 1, 173, 2, '2025-06-12 13:12:40', 'Irene Steels'),
(52, 'c', 'Poisoning by alpha-adrenoreceptor antagonists, self-harm', 1, 59, 2, '2025-06-12 13:12:40', 'Kerby Hansman'),
(53, 'c', 'Sltr-haris Type I physl fx upr end r fibula, 7thP', 1, 81, 2, '2025-06-12 13:12:40', 'Bobbee Jewitt'),
(54, 'u', 'Presence of cardiac and vascular implants and grafts', 0, 274, 2, '2025-06-12 13:12:40', 'Stanislaus Grout'),
(55, 'd', 'Acc pnctr & lac of a dgstv sys org during oth procedure', 0, 21, 2, '2025-06-12 13:12:40', 'Sanders Petr'),
(56, 'u', 'Abrasion, unspecified lower leg', 1, 549, 2, '2025-06-12 13:12:40', 'Rosamund Copins'),
(57, 'u', 'Opioid dependence, uncomplicated', 1, 758, 2, '2025-06-12 13:12:40', 'Vladimir Gibbons'),
(58, 'c', 'Aural myiasis', 0, 599, 2, '2025-06-12 13:12:40', 'Esteban Lindner'),
(59, 'c', 'Nondisp fx of med condyle of unsp tibia, 7thK', 1, 412, 2, '2025-06-12 13:12:40', 'Bo Peattie'),
(60, 'c', 'Nondisp oblique fx shaft of humer, l arm, 7thK', 0, 350, 2, '2025-06-12 13:12:40', 'Mackenzie O\'Noulane'),
(61, 'u', 'External constriction, unspecified lower leg, subs encntr', 1, 698, 2, '2025-06-12 13:12:40', 'Saw Castelluzzi'),
(62, 'c', 'Endo, nutritional and metab diseases comp preg, second tri', 1, 742, 2, '2025-06-12 13:12:40', 'Geneva Tebbett'),
(63, 'c', 'Poisn by oth prim sys and hematolog agents, assault, subs', 0, 312, 2, '2025-06-12 13:12:40', 'Kristofer Sterrick'),
(64, 'u', 'High school as the place of occurrence of the external cause', 1, 633, 2, '2025-06-12 13:12:40', 'Isaac Argont'),
(65, 'd', 'Nicotine dependence, unsp, w oth nicotine-induced disorders', 1, 499, 2, '2025-06-12 13:12:40', 'Tad Mityushin'),
(66, 'd', 'Malignant neoplasm complicating pregnancy, second trimester', 0, 712, 2, '2025-06-12 13:12:40', 'Gilberta Swinburn'),
(67, 'd', 'Enteropathic arthropathies, shoulder', 0, 50, 2, '2025-06-12 13:12:40', 'Bebe Melwall'),
(68, 'c', 'Superficial foreign body of penis', 1, 397, 2, '2025-06-12 13:12:40', 'Birgitta Amori'),
(69, 'u', 'Calculus of ureter', 0, 406, 2, '2025-06-12 13:12:40', 'Augustin Aldcorn'),
(70, 'd', 'Posterior sublux of proximal end of tibia, right knee, subs', 1, 277, 2, '2025-06-12 13:12:40', 'Meara Murfett'),
(71, 'd', 'Pain in unspecified joint', 0, 116, 2, '2025-06-12 13:12:40', 'Thorvald Cavalier'),
(72, 'd', 'Disp fx of med cuneiform of unsp ft, subs for fx w malunion', 0, 96, 2, '2025-06-12 13:12:40', 'Blancha Biggen'),
(73, 'c', 'Disp fx of unsp tibial tuberosity, 7thK', 1, 639, 2, '2025-06-12 13:12:40', 'Otis Fannin'),
(74, 'c', 'Unsp open wound of left great toe w damage to nail, init', 1, 592, 2, '2025-06-12 13:12:40', 'Danyelle Burtt'),
(75, 'd', 'Corrosion of unsp degree of other site of trunk, sequela', 1, 234, 2, '2025-06-12 13:12:40', 'Sylvan Melloi'),
(76, 'c', 'Severely displaced Zone III fracture of sacrum, sequela', 1, 656, 2, '2025-06-12 13:12:40', 'Marna Tomankiewicz'),
(77, 'u', 'Nondisp fx of proximal phalanx of right great toe, sequela', 0, 311, 2, '2025-06-12 13:12:40', 'Ilario Looker'),
(78, 'd', 'Foreign body in ear, unspecified ear, subsequent encounter', 1, 123, 2, '2025-06-12 13:12:40', 'Donni Leeburn'),
(79, 'u', 'Nondisp fx of lateral malleolus of l fibula, 7thH', 0, 83, 2, '2025-06-12 13:12:40', 'Patrizio Filon'),
(80, 'd', 'Flatulence and related conditions', 1, 208, 2, '2025-06-12 13:12:40', 'Fanya Lorans'),
(81, 'd', 'Accidental drown while in swimming-pool, subs', 1, 661, 2, '2025-06-12 13:12:40', 'Reilly Ridulfo'),
(82, 'c', 'Chronic postrheumatic arthropathy [Jaccoud], right wrist', 1, 752, 2, '2025-06-12 13:12:40', 'Kalindi Rose'),
(83, 'd', 'Gastritis, unspecified, with bleeding', 1, 141, 2, '2025-06-12 13:12:40', 'Rodd L\'Archer'),
(84, 'd', 'Person injured wh brd/alit from amblnc/fire eng, subs', 0, 648, 2, '2025-06-12 13:12:40', 'Say Davies'),
(85, 'u', 'Contusion of anus, subsequent encounter', 0, 533, 2, '2025-06-12 13:12:40', 'Cathryn Escot'),
(86, 'd', 'Sprain of metacarpophalangeal joint of other finger, sequela', 1, 603, 2, '2025-06-12 13:12:40', 'Elaine O\'Heneghan'),
(87, 'u', 'Labor and delivery complicated by cord complication, unsp', 0, 435, 2, '2025-06-12 13:12:40', 'Nani Mosby'),
(88, 'd', 'Corneal staphyloma', 0, 326, 2, '2025-06-12 13:12:40', 'Gerianne Musk'),
(89, 'd', 'Pain in hand and fingers', 1, 476, 2, '2025-06-12 13:12:40', 'Royall Frensch'),
(90, 'c', 'Unsp injury of radial artery at wrs/hnd lv of unsp arm, subs', 1, 281, 2, '2025-06-12 13:12:40', 'Eileen Grigor'),
(91, 'u', 'Kaschin-Beck disease, elbow', 1, 511, 2, '2025-06-12 13:12:40', 'Rania Rosellini'),
(92, 'd', 'Gambling and betting', 0, 432, 2, '2025-06-12 13:12:40', 'Theresina Tunna'),
(93, 'u', 'Nondisp oblique fx shaft of unsp fibula, 7thG', 0, 631, 2, '2025-06-12 13:12:40', 'Lois Knowlden'),
(94, 'u', 'Poisoning by emetics, assault, initial encounter', 0, 194, 2, '2025-06-12 13:12:40', 'Ninnetta Bradburn'),
(95, 'u', 'Labor and del comp by cord around neck, w comprsn, fetus 1', 1, 312, 2, '2025-06-12 13:12:40', 'Glenda Maric'),
(96, 'd', 'Injury of medial plantar nerve, unspecified leg, sequela', 0, 309, 2, '2025-06-12 13:12:40', 'Cleavland Mc Ilwrick'),
(97, 'u', 'Episodic tension-type headache, not intractable', 0, 412, 2, '2025-06-12 13:12:40', 'Briny Gladebeck'),
(98, 'c', 'Nondisplaced spiral fracture of shaft of humerus, right arm', 0, 750, 2, '2025-06-12 13:12:40', 'Sarine Rounsefell'),
(99, 'u', 'Oth fx upr & low end r fibula, 7thM', 0, 100, 2, '2025-06-12 13:12:40', 'Catlin Addey'),
(100, 'u', 'Unsp comp of fb acc left in body fol injection or immuniz', 0, 683, 2, '2025-06-12 13:12:40', 'Clotilda MacGrath'),
(101, 'u', 'Dislocation of jaw, unspecified side', 0, 243, 2, '2025-06-12 13:12:40', 'Fidelity Selwyne'),
(102, 'c', 'Other fracture of upper end of humerus', 0, 12, 2, '2025-06-12 13:12:40', 'Rasia Laughton'),
(103, 'd', 'Necrosis of pulp', 0, 189, 2, '2025-06-12 13:12:40', 'Rora Andrassy');

-- --------------------------------------------------------

--
-- Struttura della tabella `roles`
--

CREATE TABLE `roles` (
  `id` int(11) NOT NULL,
  `name` varchar(50) NOT NULL
) ENGINE=InnoDB DEFAULT CHARSET=utf8mb4 COLLATE=utf8mb4_general_ci;

--
-- Dump dei dati per la tabella `roles`
--

INSERT INTO `roles` (`id`, `name`) VALUES
(1, 'ROLE_USER'),
(2, 'ROLE_COMPANY_ADMIN'),
(3, 'ROLE_SYSADMIN');

-- --------------------------------------------------------

--
-- Struttura stand-in per le viste `v_accounts_companies`
-- (Vedi sotto per la vista effettiva)
--
CREATE TABLE `v_accounts_companies` (
`account_id` int(11)
,`account_mail` varchar(300)
,`account_role` varchar(50)
,`is_admin` varchar(5)
,`company_id` int(11)
,`company_name` varchar(255)
);

-- --------------------------------------------------------

--
-- Struttura stand-in per le viste `v_companies_hierarchies`
-- (Vedi sotto per la vista effettiva)
--
CREATE TABLE `v_companies_hierarchies` (
`id` int(11)
,`superior_id` int(11)
,`superior_first_name` varchar(50)
,`superior_last_name` varchar(50)
,`subordinate_id` int(11)
,`subordinate_first_name` varchar(50)
,`subordinate_last_name` varchar(50)
,`company_id` int(11)
);

-- --------------------------------------------------------

--
-- Struttura stand-in per le viste `v_request`
-- (Vedi sotto per la vista effettiva)
--
CREATE TABLE `v_request` (
`id` int(11)
,`request_type` varchar(6)
,`request_details` varchar(1000)
,`entity_type` varchar(9)
,`company_id` int(11)
,`company_name` varchar(255)
,`is_request_approved` varchar(9)
,`operation_date` timestamp
,`operation_by` varchar(255)
,`account_id` int(11)
);

-- --------------------------------------------------------

--
-- Struttura per vista `v_accounts_companies`
--
DROP TABLE IF EXISTS `v_accounts_companies`;

CREATE ALGORITHM=UNDEFINED DEFINER=`root`@`localhost` SQL SECURITY DEFINER VIEW `v_accounts_companies`  AS SELECT `accounts`.`id` AS `account_id`, `accounts`.`mail` AS `account_mail`, `roles`.`name` AS `account_role`, CASE WHEN `accounts_companies`.`is_admin` = 0 THEN 'FALSE' WHEN `accounts_companies`.`is_admin` = 1 THEN 'TRUE' END AS `is_admin`, `companies`.`id` AS `company_id`, `companies`.`name` AS `company_name` FROM (((`accounts` left join `accounts_companies` on(`accounts_companies`.`account_fk` = `accounts`.`id`)) left join `companies` on(`companies`.`id` = `accounts_companies`.`company_fk`)) left join `roles` on(`roles`.`id` = `accounts`.`role_fk`)) ;

-- --------------------------------------------------------

--
-- Struttura per vista `v_companies_hierarchies`
--
DROP TABLE IF EXISTS `v_companies_hierarchies`;

CREATE ALGORITHM=UNDEFINED DEFINER=`root`@`localhost` SQL SECURITY DEFINER VIEW `v_companies_hierarchies`  AS SELECT `employees_hierarchies`.`id` AS `id`, `superiors`.`id` AS `superior_id`, `superiors`.`first_name` AS `superior_first_name`, `superiors`.`last_name` AS `superior_last_name`, `subordinates`.`id` AS `subordinate_id`, `subordinates`.`first_name` AS `subordinate_first_name`, `subordinates`.`last_name` AS `subordinate_last_name`, `superiors`.`company_fk` AS `company_id` FROM ((`employees_hierarchies` left join `employees` `superiors` on(`employees_hierarchies`.`superior_fk` = `superiors`.`id`)) left join `employees` `subordinates` on(`employees_hierarchies`.`subordinate_fk` = `subordinates`.`id`)) ;

-- --------------------------------------------------------

--
-- Struttura per vista `v_request`
--
DROP TABLE IF EXISTS `v_request`;

CREATE ALGORITHM=UNDEFINED DEFINER=`root`@`localhost` SQL SECURITY DEFINER VIEW `v_request`  AS SELECT `requests`.`id` AS `id`, CASE WHEN `requests`.`request_type` = 'c' THEN 'CREATE' WHEN `requests`.`request_type` = 'u' THEN 'UPDATE' WHEN `requests`.`request_type` = 'd' THEN 'DELETE' END AS `request_type`, `requests`.`request_details` AS `request_details`, CASE WHEN `requests`.`entity_type` = 0 THEN 'EMPLOYEES' WHEN `requests`.`entity_type` = 1 THEN 'COMPANIES' END AS `entity_type`, `companies`.`id` AS `company_id`, `companies`.`name` AS `company_name`, CASE WHEN `requests`.`is_approved` = 0 THEN 'FALSE' WHEN `requests`.`is_approved` = 1 THEN 'TRUE' WHEN `requests`.`is_approved` = 2 THEN 'TO_REVIEW' END AS `is_request_approved`, `requests`.`operation_date` AS `operation_date`, `requests`.`operation_by` AS `operation_by`, `accounts`.`id` AS `account_id` FROM (((`requests` left join `companies` on(`companies`.`id` = `requests`.`company_fk`)) left join `accounts_companies` on(`accounts_companies`.`company_fk` = `companies`.`id`)) left join `accounts` on(`accounts`.`id` = `accounts_companies`.`account_fk`)) ;

--
-- Indici per le tabelle scaricate
--

--
-- Indici per le tabelle `accounts`
--
ALTER TABLE `accounts`
  ADD PRIMARY KEY (`id`),
  ADD KEY `role_accounts_fk` (`role_fk`);

--
-- Indici per le tabelle `accounts_companies`
--
ALTER TABLE `accounts_companies`
  ADD PRIMARY KEY (`id`),
  ADD KEY `fk_account_accounts` (`account_fk`),
  ADD KEY `fk_company_companies` (`company_fk`);

--
-- Indici per le tabelle `cities`
--
ALTER TABLE `cities`
  ADD PRIMARY KEY (`id`),
  ADD KEY `fk_country_countries` (`country_fk`) USING BTREE;

--
-- Indici per le tabelle `companies`
--
ALTER TABLE `companies`
  ADD PRIMARY KEY (`id`),
  ADD KEY `fk_city_cities` (`city_fk`);

--
-- Indici per le tabelle `countries`
--
ALTER TABLE `countries`
  ADD PRIMARY KEY (`id`);

--
-- Indici per le tabelle `employees`
--
ALTER TABLE `employees`
  ADD PRIMARY KEY (`id`),
  ADD KEY `fk_employees_city` (`city_fk`),
  ADD KEY `fk_employees_company` (`company_fk`);

--
-- Indici per le tabelle `employees_hierarchies`
--
ALTER TABLE `employees_hierarchies`
  ADD PRIMARY KEY (`id`),
  ADD KEY `fk_eh_superior` (`superior_fk`),
  ADD KEY `fk_eh_subordinate` (`subordinate_fk`);

--
-- Indici per le tabelle `history`
--
ALTER TABLE `history`
  ADD PRIMARY KEY (`id`),
  ADD KEY `fk_history_account` (`account_fk`);

--
-- Indici per le tabelle `requests`
--
ALTER TABLE `requests`
  ADD PRIMARY KEY (`id`),
  ADD KEY `fk_requests_account` (`company_fk`);

--
-- Indici per le tabelle `roles`
--
ALTER TABLE `roles`
  ADD PRIMARY KEY (`id`);

--
-- AUTO_INCREMENT per le tabelle scaricate
--

--
-- AUTO_INCREMENT per la tabella `accounts`
--
ALTER TABLE `accounts`
  MODIFY `id` int(11) NOT NULL AUTO_INCREMENT, AUTO_INCREMENT=65;

--
-- AUTO_INCREMENT per la tabella `accounts_companies`
--
ALTER TABLE `accounts_companies`
  MODIFY `id` int(11) NOT NULL AUTO_INCREMENT, AUTO_INCREMENT=55;

--
-- AUTO_INCREMENT per la tabella `cities`
--
ALTER TABLE `cities`
  MODIFY `id` int(11) NOT NULL AUTO_INCREMENT, AUTO_INCREMENT=154;

--
-- AUTO_INCREMENT per la tabella `companies`
--
ALTER TABLE `companies`
  MODIFY `id` int(11) NOT NULL AUTO_INCREMENT, AUTO_INCREMENT=808;

--
-- AUTO_INCREMENT per la tabella `countries`
--
ALTER TABLE `countries`
  MODIFY `id` int(11) NOT NULL AUTO_INCREMENT, AUTO_INCREMENT=43;

--
-- AUTO_INCREMENT per la tabella `employees`
--
ALTER TABLE `employees`
  MODIFY `id` int(11) NOT NULL AUTO_INCREMENT, AUTO_INCREMENT=5005;

--
-- AUTO_INCREMENT per la tabella `employees_hierarchies`
--
ALTER TABLE `employees_hierarchies`
  MODIFY `id` int(11) NOT NULL AUTO_INCREMENT, AUTO_INCREMENT=4202;

--
-- AUTO_INCREMENT per la tabella `history`
--
ALTER TABLE `history`
  MODIFY `id` int(11) NOT NULL AUTO_INCREMENT, AUTO_INCREMENT=111;

--
-- AUTO_INCREMENT per la tabella `requests`
--
ALTER TABLE `requests`
  MODIFY `id` int(11) NOT NULL AUTO_INCREMENT, AUTO_INCREMENT=104;

--
-- AUTO_INCREMENT per la tabella `roles`
--
ALTER TABLE `roles`
  MODIFY `id` int(11) NOT NULL AUTO_INCREMENT, AUTO_INCREMENT=4;

--
-- Limiti per le tabelle scaricate
--

--
-- Limiti per la tabella `accounts`
--
ALTER TABLE `accounts`
  ADD CONSTRAINT `role_accounts_fk` FOREIGN KEY (`role_fk`) REFERENCES `roles` (`id`);

--
-- Limiti per la tabella `accounts_companies`
--
ALTER TABLE `accounts_companies`
  ADD CONSTRAINT `fk_account_accounts` FOREIGN KEY (`account_fk`) REFERENCES `accounts` (`id`),
  ADD CONSTRAINT `fk_company_companies` FOREIGN KEY (`company_fk`) REFERENCES `companies` (`id`);

--
-- Limiti per la tabella `cities`
--
ALTER TABLE `cities`
  ADD CONSTRAINT `fk_countries_cities` FOREIGN KEY (`country_fk`) REFERENCES `countries` (`id`);

--
-- Limiti per la tabella `companies`
--
ALTER TABLE `companies`
  ADD CONSTRAINT `fk_city_cities` FOREIGN KEY (`city_fk`) REFERENCES `cities` (`id`);

--
-- Limiti per la tabella `employees`
--
ALTER TABLE `employees`
  ADD CONSTRAINT `fk_employees_city` FOREIGN KEY (`city_fk`) REFERENCES `cities` (`id`),
  ADD CONSTRAINT `fk_employees_company` FOREIGN KEY (`company_fk`) REFERENCES `companies` (`id`);

--
-- Limiti per la tabella `employees_hierarchies`
--
ALTER TABLE `employees_hierarchies`
  ADD CONSTRAINT `fk_eh_subordinate` FOREIGN KEY (`subordinate_fk`) REFERENCES `employees` (`id`),
  ADD CONSTRAINT `fk_eh_superior` FOREIGN KEY (`superior_fk`) REFERENCES `employees` (`id`);

--
-- Limiti per la tabella `history`
--
ALTER TABLE `history`
  ADD CONSTRAINT `fk_history_account` FOREIGN KEY (`account_fk`) REFERENCES `accounts` (`id`);

--
-- Limiti per la tabella `requests`
--
ALTER TABLE `requests`
  ADD CONSTRAINT `fk_requests_account` FOREIGN KEY (`company_fk`) REFERENCES `companies` (`id`);
COMMIT;

/*!40101 SET CHARACTER_SET_CLIENT=@OLD_CHARACTER_SET_CLIENT */;
/*!40101 SET CHARACTER_SET_RESULTS=@OLD_CHARACTER_SET_RESULTS */;
/*!40101 SET COLLATION_CONNECTION=@OLD_COLLATION_CONNECTION */;
